/var/spool/slurm/slurmd/job50780396/slurm_script: line 17: activate: No such file or directory

CondaError: Run 'conda init' before 'conda activate'

--2025-12-26 09:46:48--  https://snap.stanford.edu/data/bigdata/communities/com-orkut.ungraph.txt.gz
Resolving snap.stanford.edu (snap.stanford.edu)... 171.64.75.80
Connecting to snap.stanford.edu (snap.stanford.edu)|171.64.75.80|:443... connected.
HTTP request sent, awaiting response... 200 OK
Length: 447251958 (427M) [application/x-gzip]
Saving to: ‘com-orkut.ungraph.txt.gz’

     0K .......... .......... .......... .......... ..........  0%  248K 29m22s
    50K .......... .......... .......... .......... ..........  0%  468K 22m28s
   100K .......... .......... .......... .......... ..........  0%  756K 18m11s
   150K .......... .......... .......... .......... ..........  0% 1.80M 14m37s
   200K .......... .......... .......... .......... ..........  0%  784K 13m33s
   250K .......... .......... .......... .......... ..........  0% 1.19M 12m17s
   300K .......... .......... .......... .......... ..........  0% 1.93M 11m4s
   350K .......... .......... .......... .......... ..........  0% 1.20M 10m25s
   400K .......... .......... .......... .......... ..........  0% 1.92M 9m40s
   450K .......... .......... .......... .......... ..........  0% 1.20M 9m17s
   500K .......... .......... .......... .......... ..........  0% 2.25M 8m44s
   550K .......... .......... .......... .......... ..........  0% 12.7M 8m3s
   600K .......... .......... .......... .......... ..........  0% 1.22M 7m53s
   650K .......... .......... .......... .......... ..........  0% 2.26M 7m32s
   700K .......... .......... .......... .......... ..........  0% 21.5M 7m3s
   750K .......... .......... .......... .......... ..........  0% 19.6M 6m38s
   800K .......... .......... .......... .......... ..........  0% 1.21M 6m35s
   850K .......... .......... .......... .......... ..........  0% 2.28M 6m24s
   900K .......... .......... .......... .......... ..........  0% 14.9M 6m5s
   950K .......... .......... .......... .......... ..........  0% 44.4M 5m47s
  1000K .......... .......... .......... .......... ..........  0% 1.23M 5m47s
  1050K .......... .......... .......... .......... ..........  0% 2.31M 5m40s
  1100K .......... .......... .......... .......... ..........  0% 46.9M 5m25s
  1150K .......... .......... .......... .......... ..........  0% 15.8M 5m13s
  1200K .......... .......... .......... .......... ..........  0% 33.3M 5m1s
  1250K .......... .......... .......... .......... ..........  0% 1.24M 5m2s
  1300K .......... .......... .......... .......... ..........  0% 2.34M 4m58s
  1350K .......... .......... .......... .......... ..........  0% 65.7M 4m47s
  1400K .......... .......... .......... .......... ..........  0% 28.4M 4m38s
  1450K .......... .......... .......... .......... ..........  0% 21.1M 4m29s
  1500K .......... .......... .......... .......... ..........  0% 63.5M 4m21s
  1550K .......... .......... .......... .......... ..........  0% 1.24M 4m23s
  1600K .......... .......... .......... .......... ..........  0% 12.3M 4m16s
  1650K .......... .......... .......... .......... ..........  0% 2.73M 4m13s
  1700K .......... .......... .......... .......... ..........  0% 93.5M 4m6s
  1750K .......... .......... .......... .......... ..........  0% 23.6M 4m0s
  1800K .......... .......... .......... .......... ..........  0% 28.9M 3m54s
  1850K .......... .......... .......... .......... ..........  0% 51.6M 3m48s
  1900K .......... .......... .......... .......... ..........  0% 1.25M 3m51s
  1950K .......... .......... .......... .......... ..........  0% 67.2M 3m45s
  2000K .......... .......... .......... .......... ..........  0% 2.34M 3m44s
  2050K .......... .......... .......... .......... ..........  0% 85.2M 3m39s
  2100K .......... .......... .......... .......... ..........  0% 29.4M 3m34s
  2150K .......... .......... .......... .......... ..........  0% 30.1M 3m29s
  2200K .......... .......... .......... .......... ..........  0% 63.1M 3m25s
  2250K .......... .......... .......... .......... ..........  0% 51.1M 3m21s
  2300K .......... .......... .......... .......... ..........  0% 1.26M 3m23s
  2350K .......... .......... .......... .......... ..........  0% 86.5M 3m19s
  2400K .......... .......... .......... .......... ..........  0% 2.36M 3m19s
  2450K .......... .......... .......... .......... ..........  0% 65.2M 3m15s
  2500K .......... .......... .......... .......... ..........  0% 97.8M 3m11s
  2550K .......... .......... .......... .......... ..........  0% 34.1M 3m8s
  2600K .......... .......... .......... .......... ..........  0% 31.9M 3m4s
  2650K .......... .......... .......... .......... ..........  0% 51.0M 3m1s
  2700K .......... .......... .......... .......... ..........  0% 63.8M 2m58s
  2750K .......... .......... .......... .......... ..........  0% 1.26M 3m1s
  2800K .......... .......... .......... .......... ..........  0% 48.0M 2m58s
  2850K .......... .......... .......... .......... ..........  0% 15.2M 2m55s
  2900K .......... .......... .......... .......... ..........  0% 2.81M 2m55s
  2950K .......... .......... .......... .......... ..........  0% 67.6M 2m52s
  3000K .......... .......... .......... .......... ..........  0%  108M 2m49s
  3050K .......... .......... .......... .......... ..........  0% 36.2M 2m47s
  3100K .......... .......... .......... .......... ..........  0% 36.5M 2m44s
  3150K .......... .......... .......... .......... ..........  0% 63.9M 2m42s
  3200K .......... .......... .......... .......... ..........  0% 54.0M 2m39s
  3250K .......... .......... .......... .......... ..........  0% 75.6M 2m37s
  3300K .......... .......... .......... .......... ..........  0% 1.26M 2m39s
  3350K .......... .......... .......... .......... ..........  0% 73.2M 2m37s
  3400K .......... .......... .......... .......... ..........  0% 15.5M 2m35s
  3450K .......... .......... .......... .......... ..........  0% 2.81M 2m35s
  3500K .......... .......... .......... .......... ..........  0% 79.9M 2m33s
  3550K .......... .......... .......... .......... ..........  0% 94.8M 2m31s
  3600K .......... .......... .......... .......... ..........  0% 48.3M 2m29s
  3650K .......... .......... .......... .......... ..........  0% 62.8M 2m27s
  3700K .......... .......... .......... .......... ..........  0% 36.3M 2m25s
  3750K .......... .......... .......... .......... ..........  0% 86.5M 2m23s
  3800K .......... .......... .......... .......... ..........  0% 62.6M 2m22s
  3850K .......... .......... .......... .......... ..........  0% 63.5M 2m20s
  3900K .......... .......... .......... .......... ..........  0% 1.28M 2m22s
  3950K .......... .......... .......... .......... ..........  0% 92.4M 2m21s
  4000K .......... .......... .......... .......... ..........  0% 18.6M 2m19s
  4050K .......... .......... .......... .......... ..........  0% 2.73M 2m19s
  4100K .......... .......... .......... .......... ..........  0% 93.0M 2m18s
  4150K .......... .......... .......... .......... ..........  0% 88.6M 2m16s
  4200K .......... .......... .......... .......... ..........  0% 85.4M 2m14s
  4250K .......... .......... .......... .......... ..........  0% 50.8M 2m13s
  4300K .......... .......... .......... .......... ..........  0% 47.3M 2m12s
  4350K .......... .......... .......... .......... ..........  1% 68.6M 2m10s
  4400K .......... .......... .......... .......... ..........  1% 58.6M 2m9s
  4450K .......... .......... .......... .......... ..........  1% 85.6M 2m7s
  4500K .......... .......... .......... .......... ..........  1% 63.3M 2m6s
  4550K .......... .......... .......... .......... ..........  1% 1.29M 2m8s
  4600K .......... .......... .......... .......... ..........  1% 66.4M 2m7s
  4650K .......... .......... .......... .......... ..........  1%  123M 2m6s
  4700K .......... .......... .......... .......... ..........  1% 91.2M 2m4s
  4750K .......... .......... .......... .......... ..........  1% 15.4M 2m3s
  4800K .......... .......... .......... .......... ..........  1% 2.83M 2m3s
  4850K .......... .......... .......... .......... ..........  1%  105M 2m2s
  4900K .......... .......... .......... .......... ..........  1%  101M 2m1s
  4950K .......... .......... .......... .......... ..........  1% 50.4M 2m0s
  5000K .......... .......... .......... .......... ..........  1% 56.7M 1m59s
  5050K .......... .......... .......... .......... ..........  1% 85.5M 1m58s
  5100K .......... .......... .......... .......... ..........  1% 64.3M 1m57s
  5150K .......... .......... .......... .......... ..........  1%  123M 1m55s
  5200K .......... .......... .......... .......... ..........  1% 52.0M 1m54s
  5250K .......... .......... .......... .......... ..........  1% 62.5M 1m53s
  5300K .......... .......... .......... .......... ..........  1% 86.8M 1m52s
  5350K .......... .......... .......... .......... ..........  1% 1.30M 1m54s
  5400K .......... .......... .......... .......... ..........  1% 62.7M 1m53s
  5450K .......... .......... .......... .......... ..........  1%  114M 1m52s
  5500K .......... .......... .......... .......... ..........  1% 21.3M 1m51s
  5550K .......... .......... .......... .......... ..........  1% 2.79M 1m52s
  5600K .......... .......... .......... .......... ..........  1% 68.9M 1m51s
  5650K .......... .......... .......... .......... ..........  1% 96.9M 1m50s
  5700K .......... .......... .......... .......... ..........  1%  109M 1m49s
  5750K .......... .......... .......... .......... ..........  1% 87.2M 1m48s
  5800K .......... .......... .......... .......... ..........  1% 50.8M 1m47s
  5850K .......... .......... .......... .......... ..........  1% 51.2M 1m46s
  5900K .......... .......... .......... .......... ..........  1% 62.3M 1m45s
  5950K .......... .......... .......... .......... ..........  1% 83.4M 1m45s
  6000K .......... .......... .......... .......... ..........  1% 65.5M 1m44s
  6050K .......... .......... .......... .......... ..........  1% 62.6M 1m43s
  6100K .......... .......... .......... .......... ..........  1% 84.1M 1m42s
  6150K .......... .......... .......... .......... ..........  1% 60.9M 1m41s
  6200K .......... .......... .......... .......... ..........  1% 1.34M 1m43s
  6250K .......... .......... .......... .......... ..........  1%  102M 1m42s
  6300K .......... .......... .......... .......... ..........  1% 87.5M 1m42s
  6350K .......... .......... .......... .......... ..........  1%  106M 1m41s
  6400K .......... .......... .......... .......... ..........  1% 17.3M 1m40s
  6450K .......... .......... .......... .......... ..........  1% 2.85M 1m40s
  6500K .......... .......... .......... .......... ..........  1% 91.0M 1m40s
  6550K .......... .......... .......... .......... ..........  1%  116M 99s
  6600K .......... .......... .......... .......... ..........  1%  127M 98s
  6650K .......... .......... .......... .......... ..........  1% 86.3M 98s
  6700K .......... .......... .......... .......... ..........  1% 45.7M 97s
  6750K .......... .......... .......... .......... ..........  1% 98.5M 96s
  6800K .......... .......... .......... .......... ..........  1% 51.7M 96s
  6850K .......... .......... .......... .......... ..........  1% 83.9M 95s
  6900K .......... .......... .......... .......... ..........  1% 84.5M 94s
  6950K .......... .......... .......... .......... ..........  1% 65.0M 94s
  7000K .......... .......... .......... .......... ..........  1% 82.2M 93s
  7050K .......... .......... .......... .......... ..........  1% 65.6M 92s
  7100K .......... .......... .......... .......... ..........  1% 61.4M 92s
  7150K .......... .......... .......... .......... ..........  1% 1.37M 93s
  7200K .......... .......... .......... .......... ..........  1% 51.2M 93s
  7250K .......... .......... .......... .......... ..........  1%  114M 92s
  7300K .......... .......... .......... .......... ..........  1% 93.3M 91s
  7350K .......... .......... .......... .......... ..........  1% 23.1M 91s
  7400K .......... .......... .......... .......... ..........  1% 50.4M 90s
  7450K .......... .......... .......... .......... ..........  1% 2.79M 91s
  7500K .......... .......... .......... .......... ..........  1%  126M 90s
  7550K .......... .......... .......... .......... ..........  1%  131M 90s
  7600K .......... .......... .......... .......... ..........  1% 80.5M 89s
  7650K .......... .......... .......... .......... ..........  1% 86.7M 88s
  7700K .......... .......... .......... .......... ..........  1% 45.4M 88s
  7750K .......... .......... .......... .......... ..........  1% 27.5M 87s
  7800K .......... .......... .......... .......... ..........  1% 86.8M 87s
  7850K .......... .......... .......... .......... ..........  1% 81.8M 86s
  7900K .......... .......... .......... .......... ..........  1% 71.0M 86s
  7950K .......... .......... .......... .......... ..........  1% 84.9M 85s
  8000K .......... .......... .......... .......... ..........  1% 47.2M 85s
  8050K .......... .......... .......... .......... ..........  1% 86.5M 84s
  8100K .......... .......... .......... .......... ..........  1% 64.3M 84s
  8150K .......... .......... .......... .......... ..........  1% 61.7M 83s
  8200K .......... .......... .......... .......... ..........  1% 1.45M 85s
  8250K .......... .......... .......... .......... ..........  1% 57.9M 84s
  8300K .......... .......... .......... .......... ..........  1% 64.7M 84s
  8350K .......... .......... .......... .......... ..........  1% 50.5M 83s
  8400K .......... .......... .......... .......... ..........  1% 42.3M 83s
  8450K .......... .......... .......... .......... ..........  1% 51.0M 82s
  8500K .......... .......... .......... .......... ..........  1% 2.82M 83s
  8550K .......... .......... .......... .......... ..........  1% 57.9M 82s
  8600K .......... .......... .......... .......... ..........  1% 38.9M 82s
  8650K .......... .......... .......... .......... ..........  1% 36.6M 81s
  8700K .......... .......... .......... .......... ..........  2% 42.2M 81s
  8750K .......... .......... .......... .......... ..........  2% 36.5M 81s
  8800K .......... .......... .......... .......... ..........  2% 31.4M 80s
  8850K .......... .......... .......... .......... ..........  2%  123M 80s
  8900K .......... .......... .......... .......... ..........  2%  114M 79s
  8950K .......... .......... .......... .......... ..........  2%  108M 79s
  9000K .......... .......... .......... .......... ..........  2%  123M 78s
  9050K .......... .......... .......... .......... ..........  2%  109M 78s
  9100K .......... .......... .......... .......... ..........  2%  117M 78s
  9150K .......... .......... .......... .......... ..........  2%  128M 77s
  9200K .......... .......... .......... .......... ..........  2% 80.1M 77s
  9250K .......... .......... .......... .......... ..........  2%  130M 76s
  9300K .......... .......... .......... .......... ..........  2%  105M 76s
  9350K .......... .......... .......... .......... ..........  2%  122M 76s
  9400K .......... .......... .......... .......... ..........  2% 1.51M 77s
  9450K .......... .......... .......... .......... ..........  2%  103M 76s
  9500K .......... .......... .......... .......... ..........  2% 99.7M 76s
  9550K .......... .......... .......... .......... ..........  2% 28.6M 76s
  9600K .......... .......... .......... .......... ..........  2% 91.1M 75s
  9650K .......... .......... .......... .......... ..........  2%  121M 75s
  9700K .......... .......... .......... .......... ..........  2% 32.4M 74s
  9750K .......... .......... .......... .......... ..........  2% 2.81M 75s
  9800K .......... .......... .......... .......... ..........  2% 48.8M 74s
  9850K .......... .......... .......... .......... ..........  2% 83.2M 74s
  9900K .......... .......... .......... .......... ..........  2% 61.5M 74s
  9950K .......... .......... .......... .......... ..........  2% 34.9M 73s
 10000K .......... .......... .......... .......... ..........  2% 27.4M 73s
 10050K .......... .......... .......... .......... ..........  2% 27.2M 73s
 10100K .......... .......... .......... .......... ..........  2% 67.8M 73s
 10150K .......... .......... .......... .......... ..........  2%  126M 72s
 10200K .......... .......... .......... .......... ..........  2% 88.5M 72s
 10250K .......... .......... .......... .......... ..........  2% 85.4M 72s
 10300K .......... .......... .......... .......... ..........  2% 63.4M 71s
 10350K .......... .......... .......... .......... ..........  2% 82.4M 71s
 10400K .......... .......... .......... .......... ..........  2% 71.4M 71s
 10450K .......... .......... .......... .......... ..........  2% 75.3M 70s
 10500K .......... .......... .......... .......... ..........  2% 83.9M 70s
 10550K .......... .......... .......... .......... ..........  2% 83.4M 70s
 10600K .......... .......... .......... .......... ..........  2% 63.7M 69s
 10650K .......... .......... .......... .......... ..........  2% 83.3M 69s
 10700K .......... .......... .......... .......... ..........  2% 90.0M 69s
 10750K .......... .......... .......... .......... ..........  2% 1.72M 69s
 10800K .......... .......... .......... .......... ..........  2% 86.3M 69s
 10850K .......... .......... .......... .......... ..........  2%  106M 69s
 10900K .......... .......... .......... .......... ..........  2% 31.2M 69s
 10950K .......... .......... .......... .......... ..........  2%  123M 68s
 11000K .......... .......... .......... .......... ..........  2%  114M 68s
 11050K .......... .......... .......... .......... ..........  2% 43.9M 68s
 11100K .......... .......... .......... .......... ..........  2% 62.6M 67s
 11150K .......... .......... .......... .......... ..........  2% 2.80M 68s
 11200K .......... .......... .......... .......... ..........  2% 42.2M 68s
 11250K .......... .......... .......... .......... ..........  2% 83.4M 67s
 11300K .......... .......... .......... .......... ..........  2% 51.8M 67s
 11350K .......... .......... .......... .......... ..........  2% 44.5M 67s
 11400K .......... .......... .......... .......... ..........  2% 47.1M 66s
 11450K .......... .......... .......... .......... ..........  2% 53.2M 66s
 11500K .......... .......... .......... .......... ..........  2% 34.2M 66s
 11550K .......... .......... .......... .......... ..........  2% 77.9M 66s
 11600K .......... .......... .......... .......... ..........  2% 64.2M 65s
 11650K .......... .......... .......... .......... ..........  2% 87.5M 65s
 11700K .......... .......... .......... .......... ..........  2% 62.3M 65s
 11750K .......... .......... .......... .......... ..........  2% 84.1M 65s
 11800K .......... .......... .......... .......... ..........  2% 86.1M 64s
 11850K .......... .......... .......... .......... ..........  2%  118M 64s
 11900K .......... .......... .......... .......... ..........  2% 90.4M 64s
 11950K .......... .......... .......... .......... ..........  2% 69.5M 64s
 12000K .......... .......... .......... .......... ..........  2% 47.4M 63s
 12050K .......... .......... .......... .......... ..........  2% 83.4M 63s
 12100K .......... .......... .......... .......... ..........  2% 96.6M 63s
 12150K .......... .......... .......... .......... ..........  2%  109M 63s
 12200K .......... .......... .......... .......... ..........  2% 1.77M 63s
 12250K .......... .......... .......... .......... ..........  2% 85.1M 63s
 12300K .......... .......... .......... .......... ..........  2% 98.0M 63s
 12350K .......... .......... .......... .......... ..........  2%  113M 63s
 12400K .......... .......... .......... .......... ..........  2% 30.9M 62s
 12450K .......... .......... .......... .......... ..........  2%  117M 62s
 12500K .......... .......... .......... .......... ..........  2%  129M 62s
 12550K .......... .......... .......... .......... ..........  2% 47.5M 62s
 12600K .......... .......... .......... .......... ..........  2% 69.9M 61s
 12650K .......... .......... .......... .......... ..........  2% 2.76M 62s
 12700K .......... .......... .......... .......... ..........  2% 43.5M 62s
 12750K .......... .......... .......... .......... ..........  2% 85.2M 61s
 12800K .......... .......... .......... .......... ..........  2% 48.0M 61s
 12850K .......... .......... .......... .......... ..........  2% 43.6M 61s
 12900K .......... .......... .......... .......... ..........  2% 47.1M 61s
 12950K .......... .......... .......... .......... ..........  2%  122M 60s
 13000K .......... .......... .......... .......... ..........  2% 60.3M 60s
 13050K .......... .......... .......... .......... ..........  2% 44.6M 60s
 13100K .......... .......... .......... .......... ..........  3% 65.2M 60s
 13150K .......... .......... .......... .......... ..........  3% 93.6M 60s
 13200K .......... .......... .......... .......... ..........  3% 58.4M 59s
 13250K .......... .......... .......... .......... ..........  3% 87.3M 59s
 13300K .......... .......... .......... .......... ..........  3% 53.2M 59s
 13350K .......... .......... .......... .......... ..........  3%  127M 59s
 13400K .......... .......... .......... .......... ..........  3% 83.8M 59s
 13450K .......... .......... .......... .......... ..........  3%  108M 58s
 13500K .......... .......... .......... .......... ..........  3% 79.8M 58s
 13550K .......... .......... .......... .......... ..........  3% 73.7M 58s
 13600K .......... .......... .......... .......... ..........  3% 51.8M 58s
 13650K .......... .......... .......... .......... ..........  3% 84.1M 58s
 13700K .......... .......... .......... .......... ..........  3% 84.4M 57s
 13750K .......... .......... .......... .......... ..........  3% 84.9M 57s
 13800K .......... .......... .......... .......... ..........  3% 23.0M 57s
 13850K .......... .......... .......... .......... ..........  3% 1.97M 58s
 13900K .......... .......... .......... .......... ..........  3%  108M 57s
 13950K .......... .......... .......... .......... ..........  3%  114M 57s
 14000K .......... .......... .......... .......... ..........  3% 36.7M 57s
 14050K .......... .......... .......... .......... ..........  3%  108M 57s
 14100K .......... .......... .......... .......... ..........  3% 85.6M 57s
 14150K .......... .......... .......... .......... ..........  3%  125M 56s
 14200K .......... .......... .......... .......... ..........  3% 31.0M 56s
 14250K .......... .......... .......... .......... ..........  3% 8.74M 56s
 14300K .......... .......... .......... .......... ..........  3% 65.1M 56s
 14350K .......... .......... .......... .......... ..........  3% 3.26M 56s
 14400K .......... .......... .......... .......... ..........  3% 22.9M 56s
 14450K .......... .......... .......... .......... ..........  3%  124M 56s
 14500K .......... .......... .......... .......... ..........  3% 94.4M 56s
 14550K .......... .......... .......... .......... ..........  3% 33.9M 56s
 14600K .......... .......... .......... .......... ..........  3% 46.6M 55s
 14650K .......... .......... .......... .......... ..........  3% 99.1M 55s
 14700K .......... .......... .......... .......... ..........  3% 98.2M 55s
 14750K .......... .......... .......... .......... ..........  3% 37.1M 55s
 14800K .......... .......... .......... .......... ..........  3% 61.2M 55s
 14850K .......... .......... .......... .......... ..........  3% 63.8M 55s
 14900K .......... .......... .......... .......... ..........  3%  109M 54s
 14950K .......... .......... .......... .......... ..........  3% 54.0M 54s
 15000K .......... .......... .......... .......... ..........  3%  128M 54s
 15050K .......... .......... .......... .......... ..........  3% 46.5M 54s
 15100K .......... .......... .......... .......... ..........  3% 93.4M 54s
 15150K .......... .......... .......... .......... ..........  3%  111M 54s
 15200K .......... .......... .......... .......... ..........  3% 54.9M 53s
 15250K .......... .......... .......... .......... ..........  3% 58.1M 53s
 15300K .......... .......... .......... .......... ..........  3% 97.3M 53s
 15350K .......... .......... .......... .......... ..........  3% 76.7M 53s
 15400K .......... .......... .......... .......... ..........  3% 63.2M 53s
 15450K .......... .......... .......... .......... ..........  3% 63.9M 53s
 15500K .......... .......... .......... .......... ..........  3% 93.9M 52s
 15550K .......... .......... .......... .......... ..........  3%  127M 52s
 15600K .......... .......... .......... .......... ..........  3% 20.0M 52s
 15650K .......... .......... .......... .......... ..........  3% 2.61M 53s
 15700K .......... .......... .......... .......... ..........  3% 95.1M 52s
 15750K .......... .......... .......... .......... ..........  3%  121M 52s
 15800K .......... .......... .......... .......... ..........  3%  113M 52s
 15850K .......... .......... .......... .......... ..........  3% 45.2M 52s
 15900K .......... .......... .......... .......... ..........  3% 45.1M 52s
 15950K .......... .......... .......... .......... ..........  3% 69.5M 52s
 16000K .......... .......... .......... .......... ..........  3%  137K 61s
 16050K .......... .......... .......... .......... ..........  3% 72.0M 61s
 16100K .......... .......... .......... .......... ..........  3% 45.0M 61s
 16150K .......... .......... .......... .......... ..........  3% 64.5M 61s
 16200K .......... .......... .......... .......... ..........  3% 56.1M 60s
 16250K .......... .......... .......... .......... ..........  3% 52.1M 60s
 16300K .......... .......... .......... .......... ..........  3% 54.8M 60s
 16350K .......... .......... .......... .......... ..........  3% 45.3M 60s
 16400K .......... .......... .......... .......... ..........  3% 27.7M 60s
 16450K .......... .......... .......... .......... ..........  3% 16.4M 60s
 16500K .......... .......... .......... .......... ..........  3% 53.6M 59s
 16550K .......... .......... .......... .......... ..........  3% 55.7M 59s
 16600K .......... .......... .......... .......... ..........  3% 39.4M 59s
 16650K .......... .......... .......... .......... ..........  3% 32.2M 59s
 16700K .......... .......... .......... .......... ..........  3% 55.2M 59s
 16750K .......... .......... .......... .......... ..........  3% 53.2M 59s
 16800K .......... .......... .......... .......... ..........  3% 38.0M 59s
 16850K .......... .......... .......... .......... ..........  3%  972K 60s
 16900K .......... .......... .......... .......... ..........  3% 65.7M 59s
 16950K .......... .......... .......... .......... ..........  3% 38.0M 59s
 17000K .......... .......... .......... .......... ..........  3%  104M 59s
 17050K .......... .......... .......... .......... ..........  3% 40.8M 59s
 17100K .......... .......... .......... .......... ..........  3% 63.7M 59s
 17150K .......... .......... .......... .......... ..........  3% 66.9M 59s
 17200K .......... .......... .......... .......... ..........  3% 49.8M 58s
 17250K .......... .......... .......... .......... ..........  3% 49.6M 58s
 17300K .......... .......... .......... .......... ..........  3% 36.3M 58s
 17350K .......... .......... .......... .......... ..........  3% 89.2M 58s
 17400K .......... .......... .......... .......... ..........  3% 45.0M 58s
 17450K .......... .......... .......... .......... ..........  4% 57.6M 58s
 17500K .......... .......... .......... .......... ..........  4% 51.3M 58s
 17550K .......... .......... .......... .......... ..........  4% 58.5M 57s
 17600K .......... .......... .......... .......... ..........  4% 42.0M 57s
 17650K .......... .......... .......... .......... ..........  4% 50.8M 57s
 17700K .......... .......... .......... .......... ..........  4% 66.0M 57s
 17750K .......... .......... .......... .......... ..........  4% 58.4M 57s
 17800K .......... .......... .......... .......... ..........  4% 62.6M 57s
 17850K .......... .......... .......... .......... ..........  4% 39.8M 57s
 17900K .......... .......... .......... .......... ..........  4%  985K 58s
 17950K .......... .......... .......... .......... ..........  4% 46.3M 57s
 18000K .......... .......... .......... .......... ..........  4% 34.7M 57s
 18050K .......... .......... .......... .......... ..........  4% 87.7M 57s
 18100K .......... .......... .......... .......... ..........  4% 43.3M 57s
 18150K .......... .......... .......... .......... ..........  4% 83.7M 57s
 18200K .......... .......... .......... .......... ..........  4% 50.8M 57s
 18250K .......... .......... .......... .......... ..........  4% 62.3M 57s
 18300K .......... .......... .......... .......... ..........  4% 63.7M 56s
 18350K .......... .......... .......... .......... ..........  4% 64.8M 56s
 18400K .......... .......... .......... .......... ..........  4% 16.7M 56s
 18450K .......... .......... .......... .......... ..........  4% 69.9M 56s
 18500K .......... .......... .......... .......... ..........  4% 50.4M 56s
 18550K .......... .......... .......... .......... ..........  4% 54.0M 56s
 18600K .......... .......... .......... .......... ..........  4% 54.4M 56s
 18650K .......... .......... .......... .......... ..........  4% 63.9M 56s
 18700K .......... .......... .......... .......... ..........  4% 50.9M 55s
 18750K .......... .......... .......... .......... ..........  4% 39.0M 55s
 18800K .......... .......... .......... .......... ..........  4% 42.1M 55s
 18850K .......... .......... .......... .......... ..........  4% 64.9M 55s
 18900K .......... .......... .......... .......... ..........  4% 50.5M 55s
 18950K .......... .......... .......... .......... ..........  4% 62.9M 55s
 19000K .......... .......... .......... .......... ..........  4% 51.0M 55s
 19050K .......... .......... .......... .......... ..........  4% 1012K 56s
 19100K .......... .......... .......... .......... ..........  4% 54.4M 55s
 19150K .......... .......... .......... .......... ..........  4% 49.9M 55s
 19200K .......... .......... .......... .......... ..........  4% 36.7M 55s
 19250K .......... .......... .......... .......... ..........  4% 85.6M 55s
 19300K .......... .......... .......... .......... ..........  4% 65.4M 55s
 19350K .......... .......... .......... .......... ..........  4% 50.3M 55s
 19400K .......... .......... .......... .......... ..........  4% 49.6M 55s
 19450K .......... .......... .......... .......... ..........  4% 50.9M 55s
 19500K .......... .......... .......... .......... ..........  4% 89.4M 54s
 19550K .......... .......... .......... .......... ..........  4% 63.0M 54s
 19600K .......... .......... .......... .......... ..........  4% 36.7M 54s
 19650K .......... .......... .......... .......... ..........  4% 40.3M 54s
 19700K .......... .......... .......... .......... ..........  4% 70.0M 54s
 19750K .......... .......... .......... .......... ..........  4% 47.2M 54s
 19800K .......... .......... .......... .......... ..........  4% 32.5M 54s
 19850K .......... .......... .......... .......... ..........  4% 64.7M 54s
 19900K .......... .......... .......... .......... ..........  4% 67.3M 53s
 19950K .......... .......... .......... .......... ..........  4% 63.4M 53s
 20000K .......... .......... .......... .......... ..........  4% 31.6M 53s
 20050K .......... .......... .......... .......... ..........  4% 63.7M 53s
 20100K .......... .......... .......... .......... ..........  4% 57.6M 53s
 20150K .......... .......... .......... .......... ..........  4% 54.8M 53s
 20200K .......... .......... .......... .......... ..........  4% 54.3M 53s
 20250K .......... .......... .......... .......... ..........  4% 61.4M 53s
 20300K .......... .......... .......... .......... ..........  4% 44.1M 52s
 20350K .......... .......... .......... .......... ..........  4% 33.4M 52s
 20400K .......... .......... .......... .......... ..........  4% 1019K 53s
 20450K .......... .......... .......... .......... ..........  4% 37.4M 53s
 20500K .......... .......... .......... .......... ..........  4% 96.1M 53s
 20550K .......... .......... .......... .......... ..........  4% 42.2M 53s
 20600K .......... .......... .......... .......... ..........  4% 76.8M 53s
 20650K .......... .......... .......... .......... ..........  4% 51.7M 53s
 20700K .......... .......... .......... .......... ..........  4% 53.6M 53s
 20750K .......... .......... .......... .......... ..........  4% 59.3M 52s
 20800K .......... .......... .......... .......... ..........  4% 37.8M 52s
 20850K .......... .......... .......... .......... ..........  4% 83.0M 52s
 20900K .......... .......... .......... .......... ..........  4% 51.4M 52s
 20950K .......... .......... .......... .......... ..........  4% 63.4M 52s
 21000K .......... .......... .......... .......... ..........  4% 51.1M 52s
 21050K .......... .......... .......... .......... ..........  4% 41.7M 52s
 21100K .......... .......... .......... .......... ..........  4% 62.8M 52s
 21150K .......... .......... .......... .......... ..........  4% 53.4M 52s
 21200K .......... .......... .......... .......... ..........  4% 36.8M 51s
 21250K .......... .......... .......... .......... ..........  4% 63.4M 51s
 21300K .......... .......... .......... .......... ..........  4% 51.1M 51s
 21350K .......... .......... .......... .......... ..........  4% 82.1M 51s
 21400K .......... .......... .......... .......... ..........  4% 49.6M 51s
 21450K .......... .......... .......... .......... ..........  4% 50.8M 51s
 21500K .......... .......... .......... .......... ..........  4% 39.1M 51s
 21550K .......... .......... .......... .......... ..........  4% 81.0M 51s
 21600K .......... .......... .......... .......... ..........  4% 62.9M 51s
 21650K .......... .......... .......... .......... ..........  4% 36.8M 50s
 21700K .......... .......... .......... .......... ..........  4% 50.3M 50s
 21750K .......... .......... .......... .......... ..........  4% 43.0M 50s
 21800K .......... .......... .......... .......... ..........  5% 33.8M 50s
 21850K .......... .......... .......... .......... ..........  5%  923K 51s
 21900K .......... .......... .......... .......... ..........  5% 52.7M 51s
 21950K .......... .......... .......... .......... ..........  5% 52.2M 51s
 22000K .......... .......... .......... .......... ..........  5% 34.2M 51s
 22050K .......... .......... .......... .......... ..........  5% 95.2M 51s
 22100K .......... .......... .......... .......... ..........  5% 47.8M 51s
 22150K .......... .......... .......... .......... ..........  5% 36.2M 50s
 22200K .......... .......... .......... .......... ..........  5% 86.7M 50s
 22250K .......... .......... .......... .......... ..........  5% 85.2M 50s
 22300K .......... .......... .......... .......... ..........  5% 42.9M 50s
 22350K .......... .......... .......... .......... ..........  5% 62.2M 50s
 22400K .......... .......... .......... .......... ..........  5% 52.0M 50s
 22450K .......... .......... .......... .......... ..........  5% 53.7M 50s
 22500K .......... .......... .......... .......... ..........  5% 58.6M 50s
 22550K .......... .......... .......... .......... ..........  5% 30.8M 50s
 22600K .......... .......... .......... .......... ..........  5% 86.0M 50s
 22650K .......... .......... .......... .......... ..........  5% 19.8M 49s
 22700K .......... .......... .......... .......... ..........  5% 72.6M 49s
 22750K .......... .......... .......... .......... ..........  5% 75.7M 49s
 22800K .......... .......... .......... .......... ..........  5% 42.1M 49s
 22850K .......... .......... .......... .......... ..........  5% 50.6M 49s
 22900K .......... .......... .......... .......... ..........  5% 50.0M 49s
 22950K .......... .......... .......... .......... ..........  5%  112M 49s
 23000K .......... .......... .......... .......... ..........  5% 45.6M 49s
 23050K .......... .......... .......... .......... ..........  5% 53.5M 49s
 23100K .......... .......... .......... .......... ..........  5% 40.3M 49s
 23150K .......... .......... .......... .......... ..........  5% 85.3M 48s
 23200K .......... .......... .......... .......... ..........  5% 50.8M 48s
 23250K .......... .......... .......... .......... ..........  5% 36.4M 48s
 23300K .......... .......... .......... .......... ..........  5% 84.7M 48s
 23350K .......... .......... .......... .......... ..........  5% 63.8M 48s
 23400K .......... .......... .......... .......... ..........  5% 34.1M 48s
 23450K .......... .......... .......... .......... ..........  5% 39.7M 48s
 23500K .......... .......... .......... .......... ..........  5%  930K 49s
 23550K .......... .......... .......... .......... ..........  5% 42.9M 49s
 23600K .......... .......... .......... .......... ..........  5% 37.2M 49s
 23650K .......... .......... .......... .......... ..........  5% 63.6M 49s
 23700K .......... .......... .......... .......... ..........  5%  107M 48s
 23750K .......... .......... .......... .......... ..........  5% 44.2M 48s
 23800K .......... .......... .......... .......... ..........  5% 87.8M 48s
 23850K .......... .......... .......... .......... ..........  5% 48.4M 48s
 23900K .......... .......... .......... .......... ..........  5% 58.1M 48s
 23950K .......... .......... .......... .......... ..........  5% 59.1M 48s
 24000K .......... .......... .......... .......... ..........  5% 41.4M 48s
 24050K .......... .......... .......... .......... ..........  5% 75.1M 48s
 24100K .......... .......... .......... .......... ..........  5% 54.2M 48s
 24150K .......... .......... .......... .......... ..........  5% 50.9M 48s
 24200K .......... .......... .......... .......... ..........  5% 51.1M 48s
 24250K .......... .......... .......... .......... ..........  5% 64.1M 47s
 24300K .......... .......... .......... .......... ..........  5% 41.5M 47s
 24350K .......... .......... .......... .......... ..........  5% 41.6M 47s
 24400K .......... .......... .......... .......... ..........  5% 36.3M 47s
 24450K .......... .......... .......... .......... ..........  5% 84.8M 47s
 24500K .......... .......... .......... .......... ..........  5% 50.4M 47s
 24550K .......... .......... .......... .......... ..........  5% 63.4M 47s
 24600K .......... .......... .......... .......... ..........  5% 71.1M 47s
 24650K .......... .......... .......... .......... ..........  5% 50.0M 47s
 24700K .......... .......... .......... .......... ..........  5% 92.7M 47s
 24750K .......... .......... .......... .......... ..........  5% 49.1M 47s
 24800K .......... .......... .......... .......... ..........  5% 50.6M 46s
 24850K .......... .......... .......... .......... ..........  5% 41.5M 46s
 24900K .......... .......... .......... .......... ..........  5% 98.3M 46s
 24950K .......... .......... .......... .......... ..........  5% 57.6M 46s
 25000K .......... .......... .......... .......... ..........  5% 59.4M 46s
 25050K .......... .......... .......... .......... ..........  5% 48.8M 46s
 25100K .......... .......... .......... .......... ..........  5% 83.1M 46s
 25150K .......... .......... .......... .......... ..........  5% 65.4M 46s
 25200K .......... .......... .......... .......... ..........  5% 24.1M 46s
 25250K .......... .......... .......... .......... ..........  5% 51.1M 46s
 25300K .......... .......... .......... .......... ..........  5% 11.9M 46s
 25350K .......... .......... .......... .......... ..........  5%  932K 46s
 25400K .......... .......... .......... .......... ..........  5% 37.0M 46s
 25450K .......... .......... .......... .......... ..........  5% 50.2M 46s
 25500K .......... .......... .......... .......... ..........  5% 86.0M 46s
 25550K .......... .......... .......... .......... ..........  5% 62.6M 46s
 25600K .......... .......... .......... .......... ..........  5% 65.1M 46s
 25650K .......... .......... .......... .......... ..........  5% 50.3M 46s
 25700K .......... .......... .......... .......... ..........  5% 55.0M 46s
 25750K .......... .......... .......... .......... ..........  5% 39.2M 46s
 25800K .......... .......... .......... .......... ..........  5%  113M 46s
 25850K .......... .......... .......... .......... ..........  5% 69.5M 46s
 25900K .......... .......... .......... .......... ..........  5% 42.5M 46s
 25950K .......... .......... .......... .......... ..........  5% 54.3M 46s
 26000K .......... .......... .......... .......... ..........  5% 86.3M 45s
 26050K .......... .......... .......... .......... ..........  5% 39.3M 45s
 26100K .......... .......... .......... .......... ..........  5% 52.1M 45s
 26150K .......... .......... .......... .......... ..........  5% 84.7M 45s
 26200K .......... .......... .......... .......... ..........  6% 39.3M 45s
 26250K .......... .......... .......... .......... ..........  6% 50.6M 45s
 26300K .......... .......... .......... .......... ..........  6% 70.7M 45s
 26350K .......... .......... .......... .......... ..........  6% 59.3M 45s
 26400K .......... .......... .......... .......... ..........  6% 53.9M 45s
 26450K .......... .......... .......... .......... ..........  6% 41.3M 45s
 26500K .......... .......... .......... .......... ..........  6% 82.2M 45s
 26550K .......... .......... .......... .......... ..........  6% 57.6M 45s
 26600K .......... .......... .......... .......... ..........  6% 28.0M 45s
 26650K .......... .......... .......... .......... ..........  6% 63.5M 44s
 26700K .......... .......... .......... .......... ..........  6% 49.9M 44s
 26750K .......... .......... .......... .......... ..........  6% 87.0M 44s
 26800K .......... .......... .......... .......... ..........  6% 35.5M 44s
 26850K .......... .......... .......... .......... ..........  6% 57.0M 44s
 26900K .......... .......... .......... .......... ..........  6% 85.1M 44s
 26950K .......... .......... .......... .......... ..........  6% 50.3M 44s
 27000K .......... .......... .......... .......... ..........  6% 49.9M 44s
 27050K .......... .......... .......... .......... ..........  6% 99.0M 44s
 27100K .......... .......... .......... .......... ..........  6% 28.2M 44s
 27150K .......... .......... .......... .......... ..........  6% 64.1M 44s
 27200K .......... .......... .......... .......... ..........  6% 11.0M 44s
 27250K .......... .......... .......... .......... ..........  6% 1.23M 44s
 27300K .......... .......... .......... .......... ..........  6%  117M 44s
 27350K .......... .......... .......... .......... ..........  6% 43.3M 44s
 27400K .......... .......... .......... .......... ..........  6% 96.9M 44s
 27450K .......... .......... .......... .......... ..........  6% 58.0M 44s
 27500K .......... .......... .......... .......... ..........  6% 64.5M 44s
 27550K .......... .......... .......... .......... ..........  6% 50.4M 44s
 27600K .......... .......... .......... .......... ..........  6% 33.2M 44s
 27650K .......... .......... .......... .......... ..........  6% 61.1M 44s
 27700K .......... .......... .......... .......... ..........  6%  116M 44s
 27750K .......... .......... .......... .......... ..........  6% 93.0M 43s
 27800K .......... .......... .......... .......... ..........  6% 36.0M 43s
 27850K .......... .......... .......... .......... ..........  6% 64.9M 43s
 27900K .......... .......... .......... .......... ..........  6% 96.8M 43s
 27950K .......... .......... .......... .......... ..........  6% 51.2M 43s
 28000K .......... .......... .......... .......... ..........  6% 43.3M 43s
 28050K .......... .......... .......... .......... ..........  6% 83.8M 43s
 28100K .......... .......... .......... .......... ..........  6% 25.7M 43s
 28150K .......... .......... .......... .......... ..........  6% 77.6M 43s
 28200K .......... .......... .......... .......... ..........  6% 49.8M 43s
 28250K .......... .......... .......... .......... ..........  6% 64.1M 43s
 28300K .......... .......... .......... .......... ..........  6% 64.7M 43s
 28350K .......... .......... .......... .......... ..........  6% 44.5M 43s
 28400K .......... .......... .......... .......... ..........  6% 51.3M 43s
 28450K .......... .......... .......... .......... ..........  6% 84.1M 43s
 28500K .......... .......... .......... .......... ..........  6% 63.1M 42s
 28550K .......... .......... .......... .......... ..........  6% 70.2M 42s
 28600K .......... .......... .......... .......... ..........  6% 47.6M 42s
 28650K .......... .......... .......... .......... ..........  6% 84.1M 42s
 28700K .......... .......... .......... .......... ..........  6% 37.5M 42s
 28750K .......... .......... .......... .......... ..........  6% 64.7M 42s
 28800K .......... .......... .......... .......... ..........  6% 64.2M 42s
 28850K .......... .......... .......... .......... ..........  6% 49.9M 42s
 28900K .......... .......... .......... .......... ..........  6% 46.1M 42s
 28950K .......... .......... .......... .......... ..........  6% 37.7M 42s
 29000K .......... .......... .......... .......... ..........  6% 43.3M 42s
 29050K .......... .......... .......... .......... ..........  6% 58.0M 42s
 29100K .......... .......... .......... .......... ..........  6% 17.6M 42s
 29150K .......... .......... .......... .......... ..........  6% 11.1M 42s
 29200K .......... .......... .......... .......... ..........  6% 1.45M 42s
 29250K .......... .......... .......... .......... ..........  6% 50.1M 42s
 29300K .......... .......... .......... .......... ..........  6% 91.7M 42s
 29350K .......... .......... .......... .......... ..........  6% 50.1M 42s
 29400K .......... .......... .......... .......... ..........  6%  117M 42s
 29450K .......... .......... .......... .......... ..........  6% 33.7M 42s
 29500K .......... .......... .......... .......... ..........  6% 39.3M 42s
 29550K .......... .......... .......... .......... ..........  6% 64.6M 42s
 29600K .......... .......... .......... .......... ..........  6% 76.9M 42s
 29650K .......... .......... .......... .......... ..........  6% 84.7M 41s
 29700K .......... .......... .......... .......... ..........  6% 30.9M 41s
 29750K .......... .......... .......... .......... ..........  6% 95.3M 41s
 29800K .......... .......... .......... .......... ..........  6%  110M 41s
 29850K .......... .......... .......... .......... ..........  6% 38.5M 41s
 29900K .......... .......... .......... .......... ..........  6% 65.8M 41s
 29950K .......... .......... .......... .......... ..........  6% 90.8M 41s
 30000K .......... .......... .......... .......... ..........  6% 29.3M 41s
 30050K .......... .......... .......... .......... ..........  6% 84.4M 41s
 30100K .......... .......... .......... .......... ..........  6% 50.9M 41s
 30150K .......... .......... .......... .......... ..........  6% 69.7M 41s
 30200K .......... .......... .......... .......... ..........  6% 70.8M 41s
 30250K .......... .......... .......... .......... ..........  6% 51.7M 41s
 30300K .......... .......... .......... .......... ..........  6% 51.2M 41s
 30350K .......... .......... .......... .......... ..........  6% 74.4M 41s
 30400K .......... .......... .......... .......... ..........  6% 36.6M 41s
 30450K .......... .......... .......... .......... ..........  6% 69.3M 41s
 30500K .......... .......... .......... .......... ..........  6% 78.0M 40s
 30550K .......... .......... .......... .......... ..........  7% 58.0M 40s
 30600K .......... .......... .......... .......... ..........  7% 47.1M 40s
 30650K .......... .......... .......... .......... ..........  7% 57.7M 40s
 30700K .......... .......... .......... .......... ..........  7% 74.8M 40s
 30750K .......... .......... .......... .......... ..........  7% 58.0M 40s
 30800K .......... .......... .......... .......... ..........  7% 44.3M 40s
 30850K .......... .......... .......... .......... ..........  7% 31.7M 40s
 30900K .......... .......... .......... .......... ..........  7% 64.0M 40s
 30950K .......... .......... .......... .......... ..........  7% 86.4M 40s
 31000K .......... .......... .......... .......... ..........  7% 15.4M 40s
 31050K .......... .......... .......... .......... ..........  7% 8.86M 40s
 31100K .......... .......... .......... .......... ..........  7% 1.50M 40s
 31150K .......... .......... .......... .......... ..........  7% 51.8M 40s
 31200K .......... .......... .......... .......... ..........  7% 45.3M 40s
 31250K .......... .......... .......... .......... ..........  7% 56.6M 40s
 31300K .......... .......... .......... .......... ..........  7%  126M 40s
 31350K .......... .......... .......... .......... ..........  7% 50.5M 40s
 31400K .......... .......... .......... .......... ..........  7% 42.0M 40s
 31450K .......... .......... .......... .......... ..........  7% 69.0M 40s
 31500K .......... .......... .......... .......... ..........  7%  109M 40s
 31550K .......... .......... .......... .......... ..........  7% 85.0M 40s
 31600K .......... .......... .......... .......... ..........  7% 29.0M 40s
 31650K .......... .......... .......... .......... ..........  7%  106M 40s
 31700K .......... .......... .......... .......... ..........  7% 42.2M 40s
 31750K .......... .......... .......... .......... ..........  7% 63.7M 40s
 31800K .......... .......... .......... .......... ..........  7% 51.0M 39s
 31850K .......... .......... .......... .......... ..........  7% 62.0M 39s
 31900K .......... .......... .......... .......... ..........  7% 52.5M 39s
 31950K .......... .......... .......... .......... ..........  7% 84.1M 39s
 32000K .......... .......... .......... .......... ..........  7% 36.0M 39s
 32050K .......... .......... .......... .......... ..........  7% 64.0M 39s
 32100K .......... .......... .......... .......... ..........  7% 41.4M 39s
 32150K .......... .......... .......... .......... ..........  7% 83.9M 39s
 32200K .......... .......... .......... .......... ..........  7% 42.3M 39s
 32250K .......... .......... .......... .......... ..........  7% 54.3M 39s
 32300K .......... .......... .......... .......... ..........  7%  113M 39s
 32350K .......... .......... .......... .......... ..........  7% 45.1M 39s
 32400K .......... .......... .......... .......... ..........  7% 39.1M 39s
 32450K .......... .......... .......... .......... ..........  7% 55.4M 39s
 32500K .......... .......... .......... .......... ..........  7% 58.6M 39s
 32550K .......... .......... .......... .......... ..........  7% 50.3M 39s
 32600K .......... .......... .......... .......... ..........  7% 65.4M 39s
 32650K .......... .......... .......... .......... ..........  7% 76.6M 39s
 32700K .......... .......... .......... .......... ..........  7% 44.4M 38s
 32750K .......... .......... .......... .......... ..........  7% 41.3M 38s
 32800K .......... .......... .......... .......... ..........  7% 21.2M 38s
 32850K .......... .......... .......... .......... ..........  7% 6.86M 38s
 32900K .......... .......... .......... .......... ..........  7% 17.2M 38s
 32950K .......... .......... .......... .......... ..........  7% 4.45M 38s
 33000K .......... .......... .......... .......... ..........  7% 1.48M 39s
 33050K .......... .......... .......... .......... ..........  7% 41.4M 39s
 33100K .......... .......... .......... .......... ..........  7% 96.3M 39s
 33150K .......... .......... .......... .......... ..........  7% 78.1M 39s
 33200K .......... .......... .......... .......... ..........  7% 50.9M 39s
 33250K .......... .......... .......... .......... ..........  7% 62.8M 39s
 33300K .......... .......... .......... .......... ..........  7% 42.3M 38s
 33350K .......... .......... .......... .......... ..........  7% 76.8M 38s
 33400K .......... .......... .......... .......... ..........  7% 97.2M 38s
 33450K .......... .......... .......... .......... ..........  7% 85.0M 38s
 33500K .......... .......... .......... .......... ..........  7% 31.7M 38s
 33550K .......... .......... .......... .......... ..........  7% 95.3M 38s
 33600K .......... .......... .......... .......... ..........  7% 47.9M 38s
 33650K .......... .......... .......... .......... ..........  7% 44.8M 38s
 33700K .......... .......... .......... .......... ..........  7% 59.2M 38s
 33750K .......... .......... .......... .......... ..........  7% 51.0M 38s
 33800K .......... .......... .......... .......... ..........  7% 54.9M 38s
 33850K .......... .......... .......... .......... ..........  7%  123M 38s
 33900K .......... .......... .......... .......... ..........  7% 47.5M 38s
 33950K .......... .......... .......... .......... ..........  7% 62.5M 38s
 34000K .......... .......... .......... .......... ..........  7% 51.4M 38s
 34050K .......... .......... .......... .......... ..........  7% 37.2M 38s
 34100K .......... .......... .......... .......... ..........  7% 31.6M 38s
 34150K .......... .......... .......... .......... ..........  7% 63.0M 38s
 34200K .......... .......... .......... .......... ..........  7%  129M 38s
 34250K .......... .......... .......... .......... ..........  7% 32.4M 38s
 34300K .......... .......... .......... .......... ..........  7% 83.9M 37s
 34350K .......... .......... .......... .......... ..........  7% 40.8M 37s
 34400K .......... .......... .......... .......... ..........  7% 64.0M 37s
 34450K .......... .......... .......... .......... ..........  7% 42.6M 37s
 34500K .......... .......... .......... .......... ..........  7% 75.4M 37s
 34550K .......... .......... .......... .......... ..........  7% 53.9M 37s
 34600K .......... .......... .......... .......... ..........  7% 70.5M 37s
 34650K .......... .......... .......... .......... ..........  7% 6.65M 37s
 34700K .......... .......... .......... .......... ..........  7% 11.9M 37s
 34750K .......... .......... .......... .......... ..........  7% 8.41M 37s
 34800K .......... .......... .......... .......... ..........  7% 12.1M 37s
 34850K .......... .......... .......... .......... ..........  7% 4.50M 37s
 34900K .......... .......... .......... .......... ..........  8% 1.58M 38s
 34950K .......... .......... .......... .......... ..........  8% 71.7M 38s
 35000K .......... .......... .......... .......... ..........  8% 73.8M 37s
 35050K .......... .......... .......... .......... ..........  8%  118M 37s
 35100K .......... .......... .......... .......... ..........  8% 51.1M 37s
 35150K .......... .......... .......... .......... ..........  8% 37.1M 37s
 35200K .......... .......... .......... .......... ..........  8% 46.6M 37s
 35250K .......... .......... .......... .......... ..........  8% 57.2M 37s
 35300K .......... .......... .......... .......... ..........  8% 87.5M 37s
 35350K .......... .......... .......... .......... ..........  8% 85.3M 37s
 35400K .......... .......... .......... .......... ..........  8% 37.0M 37s
 35450K .......... .......... .......... .......... ..........  8% 81.7M 37s
 35500K .......... .......... .......... .......... ..........  8% 50.3M 37s
 35550K .......... .......... .......... .......... ..........  8% 50.2M 37s
 35600K .......... .......... .......... .......... ..........  8% 43.1M 37s
 35650K .......... .......... .......... .......... ..........  8% 63.0M 37s
 35700K .......... .......... .......... .......... ..........  8% 51.8M 37s
 35750K .......... .......... .......... .......... ..........  8% 76.9M 37s
 35800K .......... .......... .......... .......... ..........  8% 43.7M 37s
 35850K .......... .......... .......... .......... ..........  8% 65.8M 37s
 35900K .......... .......... .......... .......... ..........  8% 86.3M 37s
 35950K .......... .......... .......... .......... ..........  8% 83.6M 37s
 36000K .......... .......... .......... .......... ..........  8% 25.9M 37s
 36050K .......... .......... .......... .......... ..........  8% 85.8M 37s
 36100K .......... .......... .......... .......... ..........  8% 68.7M 36s
 36150K .......... .......... .......... .......... ..........  8% 58.1M 36s
 36200K .......... .......... .......... .......... ..........  8% 65.0M 36s
 36250K .......... .......... .......... .......... ..........  8% 43.6M 36s
 36300K .......... .......... .......... .......... ..........  8% 86.0M 36s
 36350K .......... .......... .......... .......... ..........  8% 36.5M 36s
 36400K .......... .......... .......... .......... ..........  8% 85.7M 36s
 36450K .......... .......... .......... .......... ..........  8% 84.9M 36s
 36500K .......... .......... .......... .......... ..........  8% 34.3M 36s
 36550K .......... .......... .......... .......... ..........  8% 5.44M 36s
 36600K .......... .......... .......... .......... ..........  8% 23.0M 36s
 36650K .......... .......... .......... .......... ..........  8% 8.85M 36s
 36700K .......... .......... .......... .......... ..........  8% 18.7M 36s
 36750K .......... .......... .......... .......... ..........  8% 4.93M 36s
 36800K .......... .......... .......... .......... ..........  8% 1.43M 36s
 36850K .......... .......... .......... .......... ..........  8% 57.5M 36s
 36900K .......... .......... .......... .......... ..........  8%  123M 36s
 36950K .......... .......... .......... .......... ..........  8% 64.7M 36s
 37000K .......... .......... .......... .......... ..........  8% 50.5M 36s
 37050K .......... .......... .......... .......... ..........  8% 51.7M 36s
 37100K .......... .......... .......... .......... ..........  8% 85.2M 36s
 37150K .......... .......... .......... .......... ..........  8% 62.9M 36s
 37200K .......... .......... .......... .......... ..........  8% 63.4M 36s
 37250K .......... .......... .......... .......... ..........  8% 60.2M 36s
 37300K .......... .......... .......... .......... ..........  8% 38.4M 36s
 37350K .......... .......... .......... .......... ..........  8% 56.1M 36s
 37400K .......... .......... .......... .......... ..........  8% 51.0M 36s
 37450K .......... .......... .......... .......... ..........  8% 38.0M 36s
 37500K .......... .......... .......... .......... ..........  8% 86.2M 36s
 37550K .......... .......... .......... .......... ..........  8% 45.4M 36s
 37600K .......... .......... .......... .......... ..........  8% 44.0M 36s
 37650K .......... .......... .......... .......... ..........  8% 63.7M 36s
 37700K .......... .......... .......... .......... ..........  8% 69.4M 36s
 37750K .......... .......... .......... .......... ..........  8% 64.5M 36s
 37800K .......... .......... .......... .......... ..........  8% 55.3M 36s
 37850K .......... .......... .......... .......... ..........  8% 51.7M 36s
 37900K .......... .......... .......... .......... ..........  8% 76.8M 36s
 37950K .......... .......... .......... .......... ..........  8% 54.3M 35s
 38000K .......... .......... .......... .......... ..........  8% 28.8M 35s
 38050K .......... .......... .......... .......... ..........  8% 74.9M 35s
 38100K .......... .......... .......... .......... ..........  8% 63.6M 35s
 38150K .......... .......... .......... .......... ..........  8% 48.5M 35s
 38200K .......... .......... .......... .......... ..........  8% 22.9M 35s
 38250K .......... .......... .......... .......... ..........  8%  135M 35s
 38300K .......... .......... .......... .......... ..........  8%  128M 35s
 38350K .......... .......... .......... .......... ..........  8%  132M 35s
 38400K .......... .......... .......... .......... ..........  8% 40.0M 35s
 38450K .......... .......... .......... .......... ..........  8% 5.35M 35s
 38500K .......... .......... .......... .......... ..........  8% 12.4M 35s
 38550K .......... .......... .......... .......... ..........  8% 11.4M 35s
 38600K .......... .......... .......... .......... ..........  8% 23.4M 35s
 38650K .......... .......... .......... .......... ..........  8% 4.40M 35s
 38700K .......... .......... .......... .......... ..........  8% 1.46M 35s
 38750K .......... .......... .......... .......... ..........  8% 64.6M 35s
 38800K .......... .......... .......... .......... ..........  8% 64.8M 35s
 38850K .......... .......... .......... .......... ..........  8% 51.4M 35s
 38900K .......... .......... .......... .......... ..........  8% 49.5M 35s
 38950K .......... .......... .......... .......... ..........  8% 63.5M 35s
 39000K .......... .......... .......... .......... ..........  8% 84.8M 35s
 39050K .......... .......... .......... .......... ..........  8% 64.4M 35s
 39100K .......... .......... .......... .......... ..........  8%  108M 35s
 39150K .......... .......... .......... .......... ..........  8% 74.8M 35s
 39200K .......... .......... .......... .......... ..........  8% 38.5M 35s
 39250K .......... .......... .......... .......... ..........  8% 62.7M 35s
 39300K .......... .......... .......... .......... ..........  9% 35.1M 35s
 39350K .......... .......... .......... .......... ..........  9% 43.4M 35s
 39400K .......... .......... .......... .......... ..........  9% 85.9M 35s
 39450K .......... .......... .......... .......... ..........  9% 48.5M 35s
 39500K .......... .......... .......... .......... ..........  9% 75.3M 35s
 39550K .......... .......... .......... .......... ..........  9% 43.9M 35s
 39600K .......... .......... .......... .......... ..........  9% 35.3M 35s
 39650K .......... .......... .......... .......... ..........  9% 36.0M 35s
 39700K .......... .......... .......... .......... ..........  9% 58.0M 35s
 39750K .......... .......... .......... .......... ..........  9% 54.9M 35s
 39800K .......... .......... .......... .......... ..........  9% 58.8M 35s
 39850K .......... .......... .......... .......... ..........  9% 68.8M 35s
 39900K .......... .......... .......... .......... ..........  9% 51.7M 35s
 39950K .......... .......... .......... .......... ..........  9% 84.3M 34s
 40000K .......... .......... .......... .......... ..........  9% 50.2M 34s
 40050K .......... .......... .......... .......... ..........  9% 35.7M 34s
 40100K .......... .......... .......... .......... ..........  9% 39.6M 34s
 40150K .......... .......... .......... .......... ..........  9%  124M 34s
 40200K .......... .......... .......... .......... ..........  9%  107M 34s
 40250K .......... .......... .......... .......... ..........  9% 57.1M 34s
 40300K .......... .......... .......... .......... ..........  9% 20.3M 34s
 40350K .......... .......... .......... .......... ..........  9% 22.0M 34s
 40400K .......... .......... .......... .......... ..........  9% 5.19M 34s
 40450K .......... .......... .......... .......... ..........  9% 12.0M 34s
 40500K .......... .......... .......... .......... ..........  9% 14.2M 34s
 40550K .......... .......... .......... .......... ..........  9% 5.27M 34s
 40600K .......... .......... .......... .......... ..........  9% 6.25M 34s
 40650K .......... .......... .......... .......... ..........  9% 1.83M 34s
 40700K .......... .......... .......... .......... ..........  9% 97.8M 34s
 40750K .......... .......... .......... .......... ..........  9% 81.7M 34s
 40800K .......... .......... .......... .......... ..........  9% 18.7M 34s
 40850K .......... .......... .......... .......... ..........  9% 85.8M 34s
 40900K .......... .......... .......... .......... ..........  9% 85.2M 34s
 40950K .......... .......... .......... .......... ..........  9% 70.1M 34s
 41000K .......... .......... .......... .......... ..........  9% 82.5M 34s
 41050K .......... .......... .......... .......... ..........  9% 43.5M 34s
 41100K .......... .......... .......... .......... ..........  9%  108M 34s
 41150K .......... .......... .......... .......... ..........  9%  120M 34s
 41200K .......... .......... .......... .......... ..........  9% 31.1M 34s
 41250K .......... .......... .......... .......... ..........  9% 33.9M 34s
 41300K .......... .......... .......... .......... ..........  9% 52.0M 34s
 41350K .......... .......... .......... .......... ..........  9% 51.0M 34s
 41400K .......... .......... .......... .......... ..........  9%  100M 34s
 41450K .......... .......... .......... .......... ..........  9% 42.5M 34s
 41500K .......... .......... .......... .......... ..........  9% 78.3M 34s
 41550K .......... .......... .......... .......... ..........  9% 70.0M 34s
 41600K .......... .......... .......... .......... ..........  9% 42.9M 34s
 41650K .......... .......... .......... .......... ..........  9% 41.7M 34s
 41700K .......... .......... .......... .......... ..........  9% 63.8M 34s
 41750K .......... .......... .......... .......... ..........  9% 77.4M 34s
 41800K .......... .......... .......... .......... ..........  9% 46.8M 34s
 41850K .......... .......... .......... .......... ..........  9% 85.3M 34s
 41900K .......... .......... .......... .......... ..........  9% 86.0M 34s
 41950K .......... .......... .......... .......... ..........  9% 50.7M 34s
 42000K .......... .......... .......... .......... ..........  9% 29.0M 34s
 42050K .......... .......... .......... .......... ..........  9%  104M 33s
 42100K .......... .......... .......... .......... ..........  9% 86.2M 33s
 42150K .......... .......... .......... .......... ..........  9% 84.3M 33s
 42200K .......... .......... .......... .......... ..........  9% 18.8M 33s
 42250K .......... .......... .......... .......... ..........  9% 14.0M 33s
 42300K .......... .......... .......... .......... ..........  9% 6.33M 33s
 42350K .......... .......... .......... .......... ..........  9% 18.9M 33s
 42400K .......... .......... .......... .......... ..........  9% 9.35M 33s
 42450K .......... .......... .......... .......... ..........  9% 4.52M 33s
 42500K .......... .......... .......... .......... ..........  9% 7.68M 33s
 42550K .......... .......... .......... .......... ..........  9% 1.78M 34s
 42600K .......... .......... .......... .......... ..........  9% 96.8M 34s
 42650K .......... .......... .......... .......... ..........  9% 85.7M 34s
 42700K .......... .......... .......... .......... ..........  9% 35.8M 34s
 42750K .......... .......... .......... .......... ..........  9% 69.1M 34s
 42800K .......... .......... .......... .......... ..........  9% 51.0M 33s
 42850K .......... .......... .......... .......... ..........  9% 83.6M 33s
 42900K .......... .......... .......... .......... ..........  9% 88.4M 33s
 42950K .......... .......... .......... .......... ..........  9% 47.1M 33s
 43000K .......... .......... .......... .......... ..........  9%  112M 33s
 43050K .......... .......... .......... .......... ..........  9% 75.8M 33s
 43100K .......... .......... .......... .......... ..........  9% 37.6M 33s
 43150K .......... .......... .......... .......... ..........  9% 36.6M 33s
 43200K .......... .......... .......... .......... ..........  9% 33.1M 33s
 43250K .......... .......... .......... .......... ..........  9% 63.6M 33s
 43300K .......... .......... .......... .......... ..........  9% 86.9M 33s
 43350K .......... .......... .......... .......... ..........  9% 46.7M 33s
 43400K .......... .......... .......... .......... ..........  9% 41.8M 33s
 43450K .......... .......... .......... .......... ..........  9% 50.7M 33s
 43500K .......... .......... .......... .......... ..........  9% 70.3M 33s
 43550K .......... .......... .......... .......... ..........  9% 42.7M 33s
 43600K .......... .......... .......... .......... ..........  9% 52.2M 33s
 43650K .......... .......... .......... .......... .......... 10% 63.3M 33s
 43700K .......... .......... .......... .......... .......... 10%  127M 33s
 43750K .......... .......... .......... .......... .......... 10% 50.7M 33s
 43800K .......... .......... .......... .......... .......... 10% 76.3M 33s
 43850K .......... .......... .......... .......... .......... 10% 53.9M 33s
 43900K .......... .......... .......... .......... .......... 10% 29.5M 33s
 43950K .......... .......... .......... .......... .......... 10%  118M 33s
 44000K .......... .......... .......... .......... .......... 10% 67.1M 33s
 44050K .......... .......... .......... .......... .......... 10%  119M 33s
 44100K .......... .......... .......... .......... .......... 10% 19.8M 33s
 44150K .......... .......... .......... .......... .......... 10% 10.4M 33s
 44200K .......... .......... .......... .......... .......... 10% 8.39M 33s
 44250K .......... .......... .......... .......... .......... 10% 10.1M 33s
 44300K .......... .......... .......... .......... .......... 10% 14.6M 33s
 44350K .......... .......... .......... .......... .......... 10% 7.36M 33s
 44400K .......... .......... .......... .......... .......... 10% 4.07M 33s
 44450K .......... .......... .......... .......... .......... 10% 2.01M 33s
 44500K .......... .......... .......... .......... .......... 10% 73.9M 33s
 44550K .......... .......... .......... .......... .......... 10% 35.3M 33s
 44600K .......... .......... .......... .......... .......... 10% 78.3M 33s
 44650K .......... .......... .......... .......... .......... 10% 64.0M 33s
 44700K .......... .......... .......... .......... .......... 10% 63.2M 33s
 44750K .......... .......... .......... .......... .......... 10% 84.0M 33s
 44800K .......... .......... .......... .......... .......... 10% 42.4M 33s
 44850K .......... .......... .......... .......... .......... 10% 62.8M 33s
 44900K .......... .......... .......... .......... .......... 10% 79.3M 33s
 44950K .......... .......... .......... .......... .......... 10% 75.9M 33s
 45000K .......... .......... .......... .......... .......... 10% 31.8M 32s
 45050K .......... .......... .......... .......... .......... 10% 29.4M 32s
 45100K .......... .......... .......... .......... .......... 10% 77.1M 32s
 45150K .......... .......... .......... .......... .......... 10% 58.7M 32s
 45200K .......... .......... .......... .......... .......... 10% 60.4M 32s
 45250K .......... .......... .......... .......... .......... 10% 48.5M 32s
 45300K .......... .......... .......... .......... .......... 10% 42.0M 32s
 45350K .......... .......... .......... .......... .......... 10% 54.6M 32s
 45400K .......... .......... .......... .......... .......... 10% 60.5M 32s
 45450K .......... .......... .......... .......... .......... 10% 40.8M 32s
 45500K .......... .......... .......... .......... .......... 10% 85.1M 32s
 45550K .......... .......... .......... .......... .......... 10% 62.9M 32s
 45600K .......... .......... .......... .......... .......... 10% 63.1M 32s
 45650K .......... .......... .......... .......... .......... 10% 58.3M 32s
 45700K .......... .......... .......... .......... .......... 10% 68.7M 32s
 45750K .......... .......... .......... .......... .......... 10% 32.0M 32s
 45800K .......... .......... .......... .......... .......... 10% 87.7M 32s
 45850K .......... .......... .......... .......... .......... 10% 63.2M 32s
 45900K .......... .......... .......... .......... .......... 10% 83.5M 32s
 45950K .......... .......... .......... .......... .......... 10%  112M 32s
 46000K .......... .......... .......... .......... .......... 10% 13.4M 32s
 46050K .......... .......... .......... .......... .......... 10% 10.2M 32s
 46100K .......... .......... .......... .......... .......... 10% 9.59M 32s
 46150K .......... .......... .......... .......... .......... 10% 8.14M 32s
 46200K .......... .......... .......... .......... .......... 10% 21.9M 32s
 46250K .......... .......... .......... .......... .......... 10% 7.38M 32s
 46300K .......... .......... .......... .......... .......... 10% 6.78M 32s
 46350K .......... .......... .......... .......... .......... 10% 1.67M 32s
 46400K .......... .......... .......... .......... .......... 10% 32.6M 32s
 46450K .......... .......... .......... .......... .......... 10% 98.5M 32s
 46500K .......... .......... .......... .......... .......... 10% 32.5M 32s
 46550K .......... .......... .......... .......... .......... 10% 55.4M 32s
 46600K .......... .......... .......... .......... .......... 10%  116M 32s
 46650K .......... .......... .......... .......... .......... 10% 97.2M 32s
 46700K .......... .......... .......... .......... .......... 10% 85.1M 32s
 46750K .......... .......... .......... .......... .......... 10% 45.9M 32s
 46800K .......... .......... .......... .......... .......... 10% 63.8M 32s
 46850K .......... .......... .......... .......... .......... 10% 53.2M 32s
 46900K .......... .......... .......... .......... .......... 10% 24.4M 32s
 46950K .......... .......... .......... .......... .......... 10% 30.9M 32s
 47000K .......... .......... .......... .......... .......... 10%  123M 32s
 47050K .......... .......... .......... .......... .......... 10% 64.5M 32s
 47100K .......... .......... .......... .......... .......... 10% 86.9M 32s
 47150K .......... .......... .......... .......... .......... 10% 22.6M 32s
 47200K .......... .......... .......... .......... .......... 10% 36.6M 32s
 47250K .......... .......... .......... .......... .......... 10% 63.3M 32s
 47300K .......... .......... .......... .......... .......... 10% 37.0M 32s
 47350K .......... .......... .......... .......... .......... 10% 58.3M 32s
 47400K .......... .......... .......... .......... .......... 10%  130M 31s
 47450K .......... .......... .......... .......... .......... 10% 62.3M 31s
 47500K .......... .......... .......... .......... .......... 10%  117M 31s
 47550K .......... .......... .......... .......... .......... 10% 89.9M 31s
 47600K .......... .......... .......... .......... .......... 10% 31.2M 31s
 47650K .......... .......... .......... .......... .......... 10% 37.9M 31s
 47700K .......... .......... .......... .......... .......... 10% 89.2M 31s
 47750K .......... .......... .......... .......... .......... 10% 63.2M 31s
 47800K .......... .......... .......... .......... .......... 10%  121M 31s
 47850K .......... .......... .......... .......... .......... 10% 27.1M 31s
 47900K .......... .......... .......... .......... .......... 10% 17.9M 31s
 47950K .......... .......... .......... .......... .......... 10% 15.0M 31s
 48000K .......... .......... .......... .......... .......... 11% 5.71M 31s
 48050K .......... .......... .......... .......... .......... 11% 12.7M 31s
 48100K .......... .......... .......... .......... .......... 11% 12.5M 31s
 48150K .......... .......... .......... .......... .......... 11% 11.7M 31s
 48200K .......... .......... .......... .......... .......... 11% 6.38M 31s
 48250K .......... .......... .......... .......... .......... 11% 1.70M 31s
 48300K .......... .......... .......... .......... .......... 11% 52.3M 31s
 48350K .......... .......... .......... .......... .......... 11% 50.7M 31s
 48400K .......... .......... .......... .......... .......... 11% 54.7M 31s
 48450K .......... .......... .......... .......... .......... 11% 63.2M 31s
 48500K .......... .......... .......... .......... .......... 11% 83.7M 31s
 48550K .......... .......... .......... .......... .......... 11%  124M 31s
 48600K .......... .......... .......... .......... .......... 11% 77.1M 31s
 48650K .......... .......... .......... .......... .......... 11% 69.1M 31s
 48700K .......... .......... .......... .......... .......... 11% 60.5M 31s
 48750K .......... .......... .......... .......... .......... 11% 46.6M 31s
 48800K .......... .......... .......... .......... .......... 11% 25.7M 31s
 48850K .......... .......... .......... .......... .......... 11% 33.9M 31s
 48900K .......... .......... .......... .......... .......... 11%  114M 31s
 48950K .......... .......... .......... .......... .......... 11% 82.4M 31s
 49000K .......... .......... .......... .......... .......... 11% 76.5M 31s
 49050K .......... .......... .......... .......... .......... 11% 76.4M 31s
 49100K .......... .......... .......... .......... .......... 11% 34.8M 31s
 49150K .......... .......... .......... .......... .......... 11% 55.1M 31s
 49200K .......... .......... .......... .......... .......... 11% 14.0M 31s
 49250K .......... .......... .......... .......... .......... 11% 60.0M 31s
 49300K .......... .......... .......... .......... .......... 11% 84.5M 31s
 49350K .......... .......... .......... .......... .......... 11%  125M 31s
 49400K .......... .......... .......... .......... .......... 11%  103M 31s
 49450K .......... .......... .......... .......... .......... 11% 92.2M 31s
 49500K .......... .......... .......... .......... .......... 11% 42.5M 31s
 49550K .......... .......... .......... .......... .......... 11% 35.2M 31s
 49600K .......... .......... .......... .......... .......... 11% 57.3M 31s
 49650K .......... .......... .......... .......... .......... 11% 46.6M 31s
 49700K .......... .......... .......... .......... .......... 11% 30.4M 31s
 49750K .......... .......... .......... .......... .......... 11% 37.5M 31s
 49800K .......... .......... .......... .......... .......... 11% 23.6M 31s
 49850K .......... .......... .......... .......... .......... 11% 13.3M 31s
 49900K .......... .......... .......... .......... .......... 11% 12.5M 31s
 49950K .......... .......... .......... .......... .......... 11% 8.90M 31s
 50000K .......... .......... .......... .......... .......... 11% 6.41M 31s
 50050K .......... .......... .......... .......... .......... 11% 20.7M 31s
 50100K .......... .......... .......... .......... .......... 11% 5.40M 31s
 50150K .......... .......... .......... .......... .......... 11% 1.70M 31s
 50200K .......... .......... .......... .......... .......... 11% 63.6M 31s
 50250K .......... .......... .......... .......... .......... 11% 51.7M 31s
 50300K .......... .......... .......... .......... .......... 11%  105M 31s
 50350K .......... .......... .......... .......... .......... 11% 60.3M 31s
 50400K .......... .......... .......... .......... .......... 11% 60.9M 31s
 50450K .......... .......... .......... .......... .......... 11% 75.9M 31s
 50500K .......... .......... .......... .......... .......... 11% 73.0M 31s
 50550K .......... .......... .......... .......... .......... 11% 86.9M 31s
 50600K .......... .......... .......... .......... .......... 11% 53.5M 31s
 50650K .......... .......... .......... .......... .......... 11% 43.5M 31s
 50700K .......... .......... .......... .......... .......... 11% 31.5M 31s
 50750K .......... .......... .......... .......... .......... 11% 37.2M 30s
 50800K .......... .......... .......... .......... .......... 11% 58.8M 30s
 50850K .......... .......... .......... .......... .......... 11%  117M 30s
 50900K .......... .......... .......... .......... .......... 11% 71.9M 30s
 50950K .......... .......... .......... .......... .......... 11% 74.2M 30s
 51000K .......... .......... .......... .......... .......... 11% 32.0M 30s
 51050K .......... .......... .......... .......... .......... 11% 47.0M 30s
 51100K .......... .......... .......... .......... .......... 11% 31.1M 30s
 51150K .......... .......... .......... .......... .......... 11% 50.7M 30s
 51200K .......... .......... .......... .......... .......... 11% 83.3M 30s
 51250K .......... .......... .......... .......... .......... 11%  111M 30s
 51300K .......... .......... .......... .......... .......... 11% 94.7M 30s
 51350K .......... .......... .......... .......... .......... 11% 50.9M 30s
 51400K .......... .......... .......... .......... .......... 11% 30.0M 30s
 51450K .......... .......... .......... .......... .......... 11% 82.7M 30s
 51500K .......... .......... .......... .......... .......... 11%  109M 30s
 51550K .......... .......... .......... .......... .......... 11% 54.7M 30s
 51600K .......... .......... .......... .......... .......... 11% 16.2M 30s
 51650K .......... .......... .......... .......... .......... 11% 26.6M 30s
 51700K .......... .......... .......... .......... .......... 11% 16.8M 30s
 51750K .......... .......... .......... .......... .......... 11% 23.7M 30s
 51800K .......... .......... .......... .......... .......... 11% 10.3M 30s
 51850K .......... .......... .......... .......... .......... 11% 7.45M 30s
 51900K .......... .......... .......... .......... .......... 11% 12.0M 30s
 51950K .......... .......... .......... .......... .......... 11% 11.0M 30s
 52000K .......... .......... .......... .......... .......... 11% 7.50M 30s
 52050K .......... .......... .......... .......... .......... 11% 1.49M 30s
 52100K .......... .......... .......... .......... .......... 11% 70.5M 30s
 52150K .......... .......... .......... .......... .......... 11% 63.2M 30s
 52200K .......... .......... .......... .......... .......... 11% 87.6M 30s
 52250K .......... .......... .......... .......... .......... 11% 55.2M 30s
 52300K .......... .......... .......... .......... .......... 11% 84.6M 30s
 52350K .......... .......... .......... .......... .......... 11% 83.3M 30s
 52400K .......... .......... .......... .......... .......... 12% 65.9M 30s
 52450K .......... .......... .......... .......... .......... 12% 63.7M 30s
 52500K .......... .......... .......... .......... .......... 12% 42.5M 30s
 52550K .......... .......... .......... .......... .......... 12% 38.8M 30s
 52600K .......... .......... .......... .......... .......... 12% 48.4M 30s
 52650K .......... .......... .......... .......... .......... 12% 24.8M 30s
 52700K .......... .......... .......... .......... .......... 12% 82.4M 30s
 52750K .......... .......... .......... .......... .......... 12%  102M 30s
 52800K .......... .......... .......... .......... .......... 12% 56.3M 30s
 52850K .......... .......... .......... .......... .......... 12% 37.8M 30s
 52900K .......... .......... .......... .......... .......... 12% 47.3M 30s
 52950K .......... .......... .......... .......... .......... 12% 77.1M 30s
 53000K .......... .......... .......... .......... .......... 12% 34.4M 30s
 53050K .......... .......... .......... .......... .......... 12% 53.8M 30s
 53100K .......... .......... .......... .......... .......... 12%  111M 30s
 53150K .......... .......... .......... .......... .......... 12%  112M 30s
 53200K .......... .......... .......... .......... .......... 12% 85.9M 30s
 53250K .......... .......... .......... .......... .......... 12% 51.1M 30s
 53300K .......... .......... .......... .......... .......... 12% 29.6M 30s
 53350K .......... .......... .......... .......... .......... 12% 78.0M 30s
 53400K .......... .......... .......... .......... .......... 12% 87.9M 30s
 53450K .......... .......... .......... .......... .......... 12% 86.3M 30s
 53500K .......... .......... .......... .......... .......... 12% 22.3M 29s
 53550K .......... .......... .......... .......... .......... 12% 37.9M 29s
 53600K .......... .......... .......... .......... .......... 12% 14.0M 29s
 53650K .......... .......... .......... .......... .......... 12% 16.8M 29s
 53700K .......... .......... .......... .......... .......... 12% 17.3M 29s
 53750K .......... .......... .......... .......... .......... 12% 6.40M 29s
 53800K .......... .......... .......... .......... .......... 12% 16.8M 29s
 53850K .......... .......... .......... .......... .......... 12% 9.47M 29s
 53900K .......... .......... .......... .......... .......... 12% 14.8M 29s
 53950K .......... .......... .......... .......... .......... 12% 1.44M 30s
 54000K .......... .......... .......... .......... .......... 12% 29.0M 30s
 54050K .......... .......... .......... .......... .......... 12% 84.3M 30s
 54100K .......... .......... .......... .......... .......... 12% 71.5M 30s
 54150K .......... .......... .......... .......... .......... 12% 49.3M 30s
 54200K .......... .......... .......... .......... .......... 12%  114M 30s
 54250K .......... .......... .......... .......... .......... 12% 63.5M 30s
 54300K .......... .......... .......... .......... .......... 12%  109M 29s
 54350K .......... .......... .......... .......... .......... 12% 55.0M 29s
 54400K .......... .......... .......... .......... .......... 12% 29.6M 29s
 54450K .......... .......... .......... .......... .......... 12% 29.1M 29s
 54500K .......... .......... .......... .......... .......... 12% 40.2M 29s
 54550K .......... .......... .......... .......... .......... 12% 44.5M 29s
 54600K .......... .......... .......... .......... .......... 12%  106M 29s
 54650K .......... .......... .......... .......... .......... 12% 66.9M 29s
 54700K .......... .......... .......... .......... .......... 12% 73.2M 29s
 54750K .......... .......... .......... .......... .......... 12% 33.7M 29s
 54800K .......... .......... .......... .......... .......... 12% 37.3M 29s
 54850K .......... .......... .......... .......... .......... 12% 77.1M 29s
 54900K .......... .......... .......... .......... .......... 12% 34.7M 29s
 54950K .......... .......... .......... .......... .......... 12% 92.8M 29s
 55000K .......... .......... .......... .......... .......... 12%  112M 29s
 55050K .......... .......... .......... .......... .......... 12%  114M 29s
 55100K .......... .......... .......... .......... .......... 12% 92.5M 29s
 55150K .......... .......... .......... .......... .......... 12% 62.8M 29s
 55200K .......... .......... .......... .......... .......... 12% 22.2M 29s
 55250K .......... .......... .......... .......... .......... 12% 72.2M 29s
 55300K .......... .......... .......... .......... .......... 12% 40.4M 29s
 55350K .......... .......... .......... .......... .......... 12%  100M 29s
 55400K .......... .......... .......... .......... .......... 12% 15.9M 29s
 55450K .......... .......... .......... .......... .......... 12% 51.1M 29s
 55500K .......... .......... .......... .......... .......... 12% 21.1M 29s
 55550K .......... .......... .......... .......... .......... 12% 14.2M 29s
 55600K .......... .......... .......... .......... .......... 12% 11.7M 29s
 55650K .......... .......... .......... .......... .......... 12% 7.55M 29s
 55700K .......... .......... .......... .......... .......... 12% 14.2M 29s
 55750K .......... .......... .......... .......... .......... 12% 10.0M 29s
 55800K .......... .......... .......... .......... .......... 12% 10.1M 29s
 55850K .......... .......... .......... .......... .......... 12% 1.47M 29s
 55900K .......... .......... .......... .......... .......... 12% 60.4M 29s
 55950K .......... .......... .......... .......... .......... 12% 91.2M 29s
 56000K .......... .......... .......... .......... .......... 12% 51.9M 29s
 56050K .......... .......... .......... .......... .......... 12% 49.7M 29s
 56100K .......... .......... .......... .......... .......... 12%  111M 29s
 56150K .......... .......... .......... .......... .......... 12% 75.2M 29s
 56200K .......... .......... .......... .......... .......... 12% 81.8M 29s
 56250K .......... .......... .......... .......... .......... 12% 50.9M 29s
 56300K .......... .......... .......... .......... .......... 12% 67.3M 29s
 56350K .......... .......... .......... .......... .......... 12% 32.4M 29s
 56400K .......... .......... .......... .......... .......... 12% 29.4M 29s
 56450K .......... .......... .......... .......... .......... 12% 71.4M 29s
 56500K .......... .......... .......... .......... .......... 12% 59.3M 29s
 56550K .......... .......... .......... .......... .......... 12%  110M 29s
 56600K .......... .......... .......... .......... .......... 12% 65.4M 29s
 56650K .......... .......... .......... .......... .......... 12% 32.7M 29s
 56700K .......... .......... .......... .......... .......... 12% 42.0M 29s
 56750K .......... .......... .......... .......... .......... 13%  106M 29s
 56800K .......... .......... .......... .......... .......... 13% 29.8M 29s
 56850K .......... .......... .......... .......... .......... 13%  109M 29s
 56900K .......... .......... .......... .......... .......... 13% 73.1M 29s
 56950K .......... .......... .......... .......... .......... 13% 91.4M 29s
 57000K .......... .......... .......... .......... .......... 13% 60.5M 29s
 57050K .......... .......... .......... .......... .......... 13% 83.2M 29s
 57100K .......... .......... .......... .......... .......... 13% 24.2M 29s
 57150K .......... .......... .......... .......... .......... 13% 85.4M 29s
 57200K .......... .......... .......... .......... .......... 13% 59.3M 29s
 57250K .......... .......... .......... .......... .......... 13% 16.3M 29s
 57300K .......... .......... .......... .......... .......... 13% 20.2M 28s
 57350K .......... .......... .......... .......... .......... 13% 27.5M 28s
 57400K .......... .......... .......... .......... .......... 13% 25.1M 28s
 57450K .......... .......... .......... .......... .......... 13% 13.4M 28s
 57500K .......... .......... .......... .......... .......... 13% 17.9M 28s
 57550K .......... .......... .......... .......... .......... 13% 9.04M 28s
 57600K .......... .......... .......... .......... .......... 13% 8.84M 28s
 57650K .......... .......... .......... .......... .......... 13% 10.3M 28s
 57700K .......... .......... .......... .......... .......... 13% 11.7M 28s
 57750K .......... .......... .......... .......... .......... 13% 6.05M 28s
 57800K .......... .......... .......... .......... .......... 13% 1.98M 29s
 57850K .......... .......... .......... .......... .......... 13%  105M 29s
 57900K .......... .......... .......... .......... .......... 13% 71.2M 29s
 57950K .......... .......... .......... .......... .......... 13% 49.7M 29s
 58000K .......... .......... .......... .......... .......... 13% 48.7M 29s
 58050K .......... .......... .......... .......... .......... 13% 82.1M 28s
 58100K .......... .......... .......... .......... .......... 13% 67.0M 28s
 58150K .......... .......... .......... .......... .......... 13% 50.5M 28s
 58200K .......... .......... .......... .......... .......... 13% 33.3M 28s
 58250K .......... .......... .......... .......... .......... 13% 36.4M 28s
 58300K .......... .......... .......... .......... .......... 13% 62.7M 28s
 58350K .......... .......... .......... .......... .......... 13% 50.6M 28s
 58400K .......... .......... .......... .......... .......... 13% 73.2M 28s
 58450K .......... .......... .......... .......... .......... 13% 73.9M 28s
 58500K .......... .......... .......... .......... .......... 13% 50.0M 28s
 58550K .......... .......... .......... .......... .......... 13% 14.6M 28s
 58600K .......... .......... .......... .......... .......... 13% 55.1M 28s
 58650K .......... .......... .......... .......... .......... 13% 85.5M 28s
 58700K .......... .......... .......... .......... .......... 13% 59.1M 28s
 58750K .......... .......... .......... .......... .......... 13%  115M 28s
 58800K .......... .......... .......... .......... .......... 13% 45.0M 28s
 58850K .......... .......... .......... .......... .......... 13% 74.9M 28s
 58900K .......... .......... .......... .......... .......... 13% 63.2M 28s
 58950K .......... .......... .......... .......... .......... 13% 29.4M 28s
 59000K .......... .......... .......... .......... .......... 13% 58.6M 28s
 59050K .......... .......... .......... .......... .......... 13%  110M 28s
 59100K .......... .......... .......... .......... .......... 13% 90.0M 28s
 59150K .......... .......... .......... .......... .......... 13% 28.8M 28s
 59200K .......... .......... .......... .......... .......... 13% 19.4M 28s
 59250K .......... .......... .......... .......... .......... 13% 20.7M 28s
 59300K .......... .......... .......... .......... .......... 13% 31.2M 28s
 59350K .......... .......... .......... .......... .......... 13% 15.7M 28s
 59400K .......... .......... .......... .......... .......... 13% 30.4M 28s
 59450K .......... .......... .......... .......... .......... 13% 9.36M 28s
 59500K .......... .......... .......... .......... .......... 13% 8.74M 28s
 59550K .......... .......... .......... .......... .......... 13% 8.57M 28s
 59600K .......... .......... .......... .......... .......... 13% 6.62M 28s
 59650K .......... .......... .......... .......... .......... 13% 7.53M 28s
 59700K .......... .......... .......... .......... .......... 13% 1.96M 28s
 59750K .......... .......... .......... .......... .......... 13% 90.6M 28s
 59800K .......... .......... .......... .......... .......... 13% 52.1M 28s
 59850K .......... .......... .......... .......... .......... 13% 42.0M 28s
 59900K .......... .......... .......... .......... .......... 13%  105M 28s
 59950K .......... .......... .......... .......... .......... 13% 94.6M 28s
 60000K .......... .......... .......... .......... .......... 13% 48.4M 28s
 60050K .......... .......... .......... .......... .......... 13% 69.5M 28s
 60100K .......... .......... .......... .......... .......... 13% 22.3M 28s
 60150K .......... .......... .......... .......... .......... 13% 50.9M 28s
 60200K .......... .......... .......... .......... .......... 13% 61.6M 28s
 60250K .......... .......... .......... .......... .......... 13% 52.3M 28s
 60300K .......... .......... .......... .......... .......... 13%  114M 28s
 60350K .......... .......... .......... .......... .......... 13% 87.9M 28s
 60400K .......... .......... .......... .......... .......... 13% 39.1M 28s
 60450K .......... .......... .......... .......... .......... 13% 20.7M 28s
 60500K .......... .......... .......... .......... .......... 13% 68.5M 28s
 60550K .......... .......... .......... .......... .......... 13% 28.6M 28s
 60600K .......... .......... .......... .......... .......... 13% 84.9M 28s
 60650K .......... .......... .......... .......... .......... 13% 42.1M 28s
 60700K .......... .......... .......... .......... .......... 13% 77.8M 28s
 60750K .......... .......... .......... .......... .......... 13% 85.3M 28s
 60800K .......... .......... .......... .......... .......... 13% 64.0M 28s
 60850K .......... .......... .......... .......... .......... 13% 24.8M 28s
 60900K .......... .......... .......... .......... .......... 13% 71.4M 28s
 60950K .......... .......... .......... .......... .......... 13% 58.2M 28s
 61000K .......... .......... .......... .......... .......... 13%  118M 28s
 61050K .......... .......... .......... .......... .......... 13% 35.2M 28s
 61100K .......... .......... .......... .......... .......... 14% 14.0M 28s
 61150K .......... .......... .......... .......... .......... 14% 36.3M 28s
 61200K .......... .......... .......... .......... .......... 14% 14.8M 28s
 61250K .......... .......... .......... .......... .......... 14% 28.1M 28s
 61300K .......... .......... .......... .......... .......... 14% 18.6M 28s
 61350K .......... .......... .......... .......... .......... 14% 8.61M 28s
 61400K .......... .......... .......... .......... .......... 14% 9.31M 28s
 61450K .......... .......... .......... .......... .......... 14% 10.3M 28s
 61500K .......... .......... .......... .......... .......... 14% 9.79M 28s
 61550K .......... .......... .......... .......... .......... 14% 9.49M 28s
 61600K .......... .......... .......... .......... .......... 14% 1.76M 28s
 61650K .......... .......... .......... .......... .......... 14% 86.8M 28s
 61700K .......... .......... .......... .......... .......... 14% 61.2M 28s
 61750K .......... .......... .......... .......... .......... 14% 43.0M 28s
 61800K .......... .......... .......... .......... .......... 14% 56.1M 28s
 61850K .......... .......... .......... .......... .......... 14% 83.4M 28s
 61900K .......... .......... .......... .......... .......... 14% 84.9M 28s
 61950K .......... .......... .......... .......... .......... 14% 51.9M 28s
 62000K .......... .......... .......... .......... .......... 14% 22.4M 28s
 62050K .......... .......... .......... .......... .......... 14% 62.7M 28s
 62100K .......... .......... .......... .......... .......... 14% 52.0M 28s
 62150K .......... .......... .......... .......... .......... 14% 61.2M 27s
 62200K .......... .......... .......... .......... .......... 14%  112M 27s
 62250K .......... .......... .......... .......... .......... 14% 93.3M 27s
 62300K .......... .......... .......... .......... .......... 14% 84.4M 27s
 62350K .......... .......... .......... .......... .......... 14% 20.7M 27s
 62400K .......... .......... .......... .......... .......... 14% 58.5M 27s
 62450K .......... .......... .......... .......... .......... 14% 65.7M 27s
 62500K .......... .......... .......... .......... .......... 14% 63.6M 27s
 62550K .......... .......... .......... .......... .......... 14% 63.4M 27s
 62600K .......... .......... .......... .......... .......... 14% 51.2M 27s
 62650K .......... .......... .......... .......... .......... 14% 82.4M 27s
 62700K .......... .......... .......... .......... .......... 14% 64.6M 27s
 62750K .......... .......... .......... .......... .......... 14% 29.5M 27s
 62800K .......... .......... .......... .......... .......... 14% 48.2M 27s
 62850K .......... .......... .......... .......... .......... 14% 92.6M 27s
 62900K .......... .......... .......... .......... .......... 14% 92.5M 27s
 62950K .......... .......... .......... .......... .......... 14% 30.2M 27s
 63000K .......... .......... .......... .......... .......... 14% 16.0M 27s
 63050K .......... .......... .......... .......... .......... 14% 20.8M 27s
 63100K .......... .......... .......... .......... .......... 14% 29.1M 27s
 63150K .......... .......... .......... .......... .......... 14% 24.8M 27s
 63200K .......... .......... .......... .......... .......... 14% 10.2M 27s
 63250K .......... .......... .......... .......... .......... 14% 13.1M 27s
 63300K .......... .......... .......... .......... .......... 14% 7.49M 27s
 63350K .......... .......... .......... .......... .......... 14% 8.57M 27s
 63400K .......... .......... .......... .......... .......... 14% 11.6M 27s
 63450K .......... .......... .......... .......... .......... 14% 8.65M 27s
 63500K .......... .......... .......... .......... .......... 14% 1.82M 27s
 63550K .......... .......... .......... .......... .......... 14% 69.0M 27s
 63600K .......... .......... .......... .......... .......... 14% 37.5M 27s
 63650K .......... .......... .......... .......... .......... 14% 34.0M 27s
 63700K .......... .......... .......... .......... .......... 14%  113M 27s
 63750K .......... .......... .......... .......... .......... 14% 66.5M 27s
 63800K .......... .......... .......... .......... .......... 14% 42.2M 27s
 63850K .......... .......... .......... .......... .......... 14% 51.4M 27s
 63900K .......... .......... .......... .......... .......... 14% 24.2M 27s
 63950K .......... .......... .......... .......... .......... 14% 63.6M 27s
 64000K .......... .......... .......... .......... .......... 14% 42.6M 27s
 64050K .......... .......... .......... .......... .......... 14% 82.7M 27s
 64100K .......... .......... .......... .......... .......... 14% 85.6M 27s
 64150K .......... .......... .......... .......... .......... 14% 84.3M 27s
 64200K .......... .......... .......... .......... .......... 14% 29.0M 27s
 64250K .......... .......... .......... .......... .......... 14% 37.8M 27s
 64300K .......... .......... .......... .......... .......... 14% 61.7M 27s
 64350K .......... .......... .......... .......... .......... 14% 82.6M 27s
 64400K .......... .......... .......... .......... .......... 14% 53.3M 27s
 64450K .......... .......... .......... .......... .......... 14% 79.0M 27s
 64500K .......... .......... .......... .......... .......... 14% 64.2M 27s
 64550K .......... .......... .......... .......... .......... 14% 62.9M 27s
 64600K .......... .......... .......... .......... .......... 14% 38.0M 27s
 64650K .......... .......... .......... .......... .......... 14% 42.5M 27s
 64700K .......... .......... .......... .......... .......... 14% 39.6M 27s
 64750K .......... .......... .......... .......... .......... 14% 84.5M 27s
 64800K .......... .......... .......... .......... .......... 14% 63.5M 27s
 64850K .......... .......... .......... .......... .......... 14% 29.5M 27s
 64900K .......... .......... .......... .......... .......... 14% 13.5M 27s
 64950K .......... .......... .......... .......... .......... 14% 21.2M 27s
 65000K .......... .......... .......... .......... .......... 14% 37.6M 27s
 65050K .......... .......... .......... .......... .......... 14% 15.9M 27s
 65100K .......... .......... .......... .......... .......... 14% 12.3M 27s
 65150K .......... .......... .......... .......... .......... 14% 12.7M 27s
 65200K .......... .......... .......... .......... .......... 14% 7.71M 27s
 65250K .......... .......... .......... .......... .......... 14% 8.08M 27s
 65300K .......... .......... .......... .......... .......... 14% 11.5M 27s
 65350K .......... .......... .......... .......... .......... 14% 10.9M 27s
 65400K .......... .......... .......... .......... .......... 14% 1.83M 27s
 65450K .......... .......... .......... .......... .......... 14%  106M 27s
 65500K .......... .......... .......... .......... .......... 15% 43.9M 27s
 65550K .......... .......... .......... .......... .......... 15% 71.8M 27s
 65600K .......... .......... .......... .......... .......... 15% 52.3M 27s
 65650K .......... .......... .......... .......... .......... 15%  113M 27s
 65700K .......... .......... .......... .......... .......... 15% 26.9M 27s
 65750K .......... .......... .......... .......... .......... 15% 50.5M 27s
 65800K .......... .......... .......... .......... .......... 15% 22.5M 27s
 65850K .......... .......... .......... .......... .......... 15% 86.7M 27s
 65900K .......... .......... .......... .......... .......... 15% 63.2M 27s
 65950K .......... .......... .......... .......... .......... 15% 62.0M 27s
 66000K .......... .......... .......... .......... .......... 15% 58.8M 27s
 66050K .......... .......... .......... .......... .......... 15% 74.0M 27s
 66100K .......... .......... .......... .......... .......... 15% 27.5M 27s
 66150K .......... .......... .......... .......... .......... 15% 37.9M 27s
 66200K .......... .......... .......... .......... .......... 15% 64.7M 27s
 66250K .......... .......... .......... .......... .......... 15% 86.0M 27s
 66300K .......... .......... .......... .......... .......... 15% 63.3M 27s
 66350K .......... .......... .......... .......... .......... 15% 91.8M 27s
 66400K .......... .......... .......... .......... .......... 15% 53.2M 27s
 66450K .......... .......... .......... .......... .......... 15% 57.8M 26s
 66500K .......... .......... .......... .......... .......... 15% 27.4M 26s
 66550K .......... .......... .......... .......... .......... 15% 52.2M 26s
 66600K .......... .......... .......... .......... .......... 15% 93.0M 26s
 66650K .......... .......... .......... .......... .......... 15%  110M 26s
 66700K .......... .......... .......... .......... .......... 15% 67.2M 26s
 66750K .......... .......... .......... .......... .......... 15% 21.0M 26s
 66800K .......... .......... .......... .......... .......... 15% 10.3M 26s
 66850K .......... .......... .......... .......... .......... 15% 27.4M 26s
 66900K .......... .......... .......... .......... .......... 15% 23.9M 26s
 66950K .......... .......... .......... .......... .......... 15% 17.0M 26s
 67000K .......... .......... .......... .......... .......... 15% 17.8M 26s
 67050K .......... .......... .......... .......... .......... 15% 14.9M 26s
 67100K .......... .......... .......... .......... .......... 15% 10.5M 26s
 67150K .......... .......... .......... .......... .......... 15% 12.3M 26s
 67200K .......... .......... .......... .......... .......... 15% 7.21M 26s
 67250K .......... .......... .......... .......... .......... 15% 11.1M 26s
 67300K .......... .......... .......... .......... .......... 15% 1.78M 26s
 67350K .......... .......... .......... .......... .......... 15% 38.4M 26s
 67400K .......... .......... .......... .......... .......... 15% 67.2M 26s
 67450K .......... .......... .......... .......... .......... 15% 80.2M 26s
 67500K .......... .......... .......... .......... .......... 15% 90.3M 26s
 67550K .......... .......... .......... .......... .......... 15% 61.6M 26s
 67600K .......... .......... .......... .......... .......... 15% 62.9M 26s
 67650K .......... .......... .......... .......... .......... 15% 24.1M 26s
 67700K .......... .......... .......... .......... .......... 15% 40.1M 26s
 67750K .......... .......... .......... .......... .......... 15% 85.6M 26s
 67800K .......... .......... .......... .......... .......... 15% 63.7M 26s
 67850K .......... .......... .......... .......... .......... 15% 82.0M 26s
 67900K .......... .......... .......... .......... .......... 15% 87.0M 26s
 67950K .......... .......... .......... .......... .......... 15%  109M 26s
 68000K .......... .......... .......... .......... .......... 15% 19.1M 26s
 68050K .......... .......... .......... .......... .......... 15% 62.7M 26s
 68100K .......... .......... .......... .......... .......... 15% 64.8M 26s
 68150K .......... .......... .......... .......... .......... 15% 85.6M 26s
 68200K .......... .......... .......... .......... .......... 15% 85.2M 26s
 68250K .......... .......... .......... .......... .......... 15% 63.1M 26s
 68300K .......... .......... .......... .......... .......... 15% 84.8M 26s
 68350K .......... .......... .......... .......... .......... 15% 47.1M 26s
 68400K .......... .......... .......... .......... .......... 15% 20.7M 26s
 68450K .......... .......... .......... .......... .......... 15% 38.9M 26s
 68500K .......... .......... .......... .......... .......... 15%  118M 26s
 68550K .......... .......... .......... .......... .......... 15%  118M 26s
 68600K .......... .......... .......... .......... .......... 15%  115M 26s
 68650K .......... .......... .......... .......... .......... 15% 17.7M 26s
 68700K .......... .......... .......... .......... .......... 15% 20.1M 26s
 68750K .......... .......... .......... .......... .......... 15% 26.1M 26s
 68800K .......... .......... .......... .......... .......... 15% 12.0M 26s
 68850K .......... .......... .......... .......... .......... 15% 23.9M 26s
 68900K .......... .......... .......... .......... .......... 15% 9.78M 26s
 68950K .......... .......... .......... .......... .......... 15% 42.5M 26s
 69000K .......... .......... .......... .......... .......... 15% 15.8M 26s
 69050K .......... .......... .......... .......... .......... 15% 7.70M 26s
 69100K .......... .......... .......... .......... .......... 15% 9.06M 26s
 69150K .......... .......... .......... .......... .......... 15% 16.7M 26s
 69200K .......... .......... .......... .......... .......... 15% 1.67M 26s
 69250K .......... .......... .......... .......... .......... 15% 25.8M 26s
 69300K .......... .......... .......... .......... .......... 15% 82.6M 26s
 69350K .......... .......... .......... .......... .......... 15%  108M 26s
 69400K .......... .......... .......... .......... .......... 15% 95.1M 26s
 69450K .......... .......... .......... .......... .......... 15% 86.9M 26s
 69500K .......... .......... .......... .......... .......... 15% 85.5M 26s
 69550K .......... .......... .......... .......... .......... 15% 22.6M 26s
 69600K .......... .......... .......... .......... .......... 15% 18.5M 26s
 69650K .......... .......... .......... .......... .......... 15% 85.5M 26s
 69700K .......... .......... .......... .......... .......... 15% 59.6M 26s
 69750K .......... .......... .......... .......... .......... 15%  114M 26s
 69800K .......... .......... .......... .......... .......... 15% 82.1M 26s
 69850K .......... .......... .......... .......... .......... 16% 85.8M 26s
 69900K .......... .......... .......... .......... .......... 16% 21.3M 26s
 69950K .......... .......... .......... .......... .......... 16% 62.6M 26s
 70000K .......... .......... .......... .......... .......... 16% 51.9M 26s
 70050K .......... .......... .......... .......... .......... 16% 87.1M 26s
 70100K .......... .......... .......... .......... .......... 16% 62.4M 26s
 70150K .......... .......... .......... .......... .......... 16%  112M 26s
 70200K .......... .......... .......... .......... .......... 16% 68.4M 26s
 70250K .......... .......... .......... .......... .......... 16% 43.4M 26s
 70300K .......... .......... .......... .......... .......... 16% 25.9M 26s
 70350K .......... .......... .......... .......... .......... 16% 63.2M 26s
 70400K .......... .......... .......... .......... .......... 16% 37.1M 26s
 70450K .......... .......... .......... .......... .......... 16% 90.6M 26s
 70500K .......... .......... .......... .......... .......... 16% 28.1M 26s
 70550K .......... .......... .......... .......... .......... 16% 28.3M 26s
 70600K .......... .......... .......... .......... .......... 16% 16.9M 26s
 70650K .......... .......... .......... .......... .......... 16% 38.4M 26s
 70700K .......... .......... .......... .......... .......... 16% 12.0M 26s
 70750K .......... .......... .......... .......... .......... 16% 21.2M 26s
 70800K .......... .......... .......... .......... .......... 16% 12.3M 26s
 70850K .......... .......... .......... .......... .......... 16% 24.4M 26s
 70900K .......... .......... .......... .......... .......... 16% 9.61M 26s
 70950K .......... .......... .......... .......... .......... 16% 11.8M 26s
 71000K .......... .......... .......... .......... .......... 16% 8.91M 26s
 71050K .......... .......... .......... .......... .......... 16% 15.0M 26s
 71100K .......... .......... .......... .......... .......... 16% 7.24M 26s
 71150K .......... .......... .......... .......... .......... 16% 2.11M 26s
 71200K .......... .......... .......... .......... .......... 16% 51.1M 26s
 71250K .......... .......... .......... .......... .......... 16% 85.0M 26s
 71300K .......... .......... .......... .......... .......... 16% 85.1M 26s
 71350K .......... .......... .......... .......... .......... 16%  102M 26s
 71400K .......... .......... .......... .......... .......... 16% 71.0M 26s
 71450K .......... .......... .......... .......... .......... 16% 20.0M 26s
 71500K .......... .......... .......... .......... .......... 16% 70.2M 26s
 71550K .......... .......... .......... .......... .......... 16% 47.8M 26s
 71600K .......... .......... .......... .......... .......... 16% 71.4M 26s
 71650K .......... .......... .......... .......... .......... 16% 86.7M 26s
 71700K .......... .......... .......... .......... .......... 16%  110M 26s
 71750K .......... .......... .......... .......... .......... 16% 60.1M 26s
 71800K .......... .......... .......... .......... .......... 16% 18.5M 26s
 71850K .......... .......... .......... .......... .......... 16%  101M 25s
 71900K .......... .......... .......... .......... .......... 16% 74.1M 25s
 71950K .......... .......... .......... .......... .......... 16% 90.0M 25s
 72000K .......... .......... .......... .......... .......... 16% 55.1M 25s
 72050K .......... .......... .......... .......... .......... 16% 62.2M 25s
 72100K .......... .......... .......... .......... .......... 16% 48.0M 25s
 72150K .......... .......... .......... .......... .......... 16% 71.4M 25s
 72200K .......... .......... .......... .......... .......... 16% 23.2M 25s
 72250K .......... .......... .......... .......... .......... 16%  103M 25s
 72300K .......... .......... .......... .......... .......... 16% 18.9M 25s
 72350K .......... .......... .......... .......... .......... 16% 29.9M 25s
 72400K .......... .......... .......... .......... .......... 16% 56.9M 25s
 72450K .......... .......... .......... .......... .......... 16% 14.7M 25s
 72500K .......... .......... .......... .......... .......... 16% 22.2M 25s
 72550K .......... .......... .......... .......... .......... 16% 21.3M 25s
 72600K .......... .......... .......... .......... .......... 16% 21.5M 25s
 72650K .......... .......... .......... .......... .......... 16% 14.9M 25s
 72700K .......... .......... .......... .......... .......... 16% 49.4M 25s
 72750K .......... .......... .......... .......... .......... 16% 13.9M 25s
 72800K .......... .......... .......... .......... .......... 16% 10.5M 25s
 72850K .......... .......... .......... .......... .......... 16% 8.90M 25s
 72900K .......... .......... .......... .......... .......... 16% 7.42M 25s
 72950K .......... .......... .......... .......... .......... 16% 10.7M 25s
 73000K .......... .......... .......... .......... .......... 16% 14.4M 25s
 73050K .......... .......... .......... .......... .......... 16% 1.96M 25s
 73100K .......... .......... .......... .......... .......... 16% 84.0M 25s
 73150K .......... .......... .......... .......... .......... 16% 81.3M 25s
 73200K .......... .......... .......... .......... .......... 16% 80.7M 25s
 73250K .......... .......... .......... .......... .......... 16% 73.8M 25s
 73300K .......... .......... .......... .......... .......... 16% 60.4M 25s
 73350K .......... .......... .......... .......... .......... 16% 18.1M 25s
 73400K .......... .......... .......... .......... .......... 16% 69.1M 25s
 73450K .......... .......... .......... .......... .......... 16% 67.2M 25s
 73500K .......... .......... .......... .......... .......... 16%  118M 25s
 73550K .......... .......... .......... .......... .......... 16% 82.4M 25s
 73600K .......... .......... .......... .......... .......... 16% 63.4M 25s
 73650K .......... .......... .......... .......... .......... 16% 88.3M 25s
 73700K .......... .......... .......... .......... .......... 16% 15.0M 25s
 73750K .......... .......... .......... .......... .......... 16% 90.8M 25s
 73800K .......... .......... .......... .......... .......... 16% 67.2M 25s
 73850K .......... .......... .......... .......... .......... 16% 84.8M 25s
 73900K .......... .......... .......... .......... .......... 16% 64.3M 25s
 73950K .......... .......... .......... .......... .......... 16% 82.7M 25s
 74000K .......... .......... .......... .......... .......... 16% 36.6M 25s
 74050K .......... .......... .......... .......... .......... 16% 31.5M 25s
 74100K .......... .......... .......... .......... .......... 16% 47.2M 25s
 74150K .......... .......... .......... .......... .......... 16%  120M 25s
 74200K .......... .......... .......... .......... .......... 16% 62.2M 25s
 74250K .......... .......... .......... .......... .......... 17% 33.1M 25s
 74300K .......... .......... .......... .......... .......... 17% 42.8M 25s
 74350K .......... .......... .......... .......... .......... 17% 14.2M 25s
 74400K .......... .......... .......... .......... .......... 17% 14.2M 25s
 74450K .......... .......... .......... .......... .......... 17% 42.4M 25s
 74500K .......... .......... .......... .......... .......... 17% 15.3M 25s
 74550K .......... .......... .......... .......... .......... 17% 14.7M 25s
 74600K .......... .......... .......... .......... .......... 17% 17.2M 25s
 74650K .......... .......... .......... .......... .......... 17% 31.9M 25s
 74700K .......... .......... .......... .......... .......... 17% 11.3M 25s
 74750K .......... .......... .......... .......... .......... 17% 10.3M 25s
 74800K .......... .......... .......... .......... .......... 17% 6.36M 25s
 74850K .......... .......... .......... .......... .......... 17% 29.3M 25s
 74900K .......... .......... .......... .......... .......... 17% 1.80M 25s
 74950K .......... .......... .......... .......... .......... 17% 26.7M 25s
 75000K .......... .......... .......... .......... .......... 17% 62.2M 25s
 75050K .......... .......... .......... .......... .......... 17%  123M 25s
 75100K .......... .......... .......... .......... .......... 17% 85.7M 25s
 75150K .......... .......... .......... .......... .......... 17% 87.1M 25s
 75200K .......... .......... .......... .......... .......... 17% 50.9M 25s
 75250K .......... .......... .......... .......... .......... 17% 21.5M 25s
 75300K .......... .......... .......... .......... .......... 17% 50.8M 25s
 75350K .......... .......... .......... .......... .......... 17% 84.3M 25s
 75400K .......... .......... .......... .......... .......... 17%  101M 25s
 75450K .......... .......... .......... .......... .......... 17% 73.6M 25s
 75500K .......... .......... .......... .......... .......... 17%  130M 25s
 75550K .......... .......... .......... .......... .......... 17% 63.2M 25s
 75600K .......... .......... .......... .......... .......... 17% 20.1M 25s
 75650K .......... .......... .......... .......... .......... 17% 47.4M 25s
 75700K .......... .......... .......... .......... .......... 17% 85.8M 25s
 75750K .......... .......... .......... .......... .......... 17%  128M 25s
 75800K .......... .......... .......... .......... .......... 17% 63.4M 25s
 75850K .......... .......... .......... .......... .......... 17% 64.3M 25s
 75900K .......... .......... .......... .......... .......... 17% 50.3M 25s
 75950K .......... .......... .......... .......... .......... 17% 27.4M 25s
 76000K .......... .......... .......... .......... .......... 17% 53.0M 25s
 76050K .......... .......... .......... .......... .......... 17%  130M 25s
 76100K .......... .......... .......... .......... .......... 17% 33.6M 25s
 76150K .......... .......... .......... .......... .......... 17% 24.7M 25s
 76200K .......... .......... .......... .......... .......... 17% 32.0M 25s
 76250K .......... .......... .......... .......... .......... 17% 20.1M 25s
 76300K .......... .......... .......... .......... .......... 17% 15.9M 25s
 76350K .......... .......... .......... .......... .......... 17% 37.3M 25s
 76400K .......... .......... .......... .......... .......... 17% 18.8M 25s
 76450K .......... .......... .......... .......... .......... 17% 19.8M 25s
 76500K .......... .......... .......... .......... .......... 17% 16.5M 25s
 76550K .......... .......... .......... .......... .......... 17% 63.0M 25s
 76600K .......... .......... .......... .......... .......... 17% 16.7M 25s
 76650K .......... .......... .......... .......... .......... 17% 10.0M 25s
 76700K .......... .......... .......... .......... .......... 17% 11.3M 25s
 76750K .......... .......... .......... .......... .......... 17% 9.88M 25s
 76800K .......... .......... .......... .......... .......... 17% 3.14M 25s
 76850K .......... .......... .......... .......... .......... 17% 42.7M 25s
 76900K .......... .......... .......... .......... .......... 17% 94.7M 25s
 76950K .......... .......... .......... .......... .......... 17% 85.1M 25s
 77000K .......... .......... .......... .......... .......... 17%  124M 25s
 77050K .......... .......... .......... .......... .......... 17% 86.0M 25s
 77100K .......... .......... .......... .......... .......... 17% 64.9M 25s
 77150K .......... .......... .......... .......... .......... 17% 20.6M 25s
 77200K .......... .......... .......... .......... .......... 17% 38.2M 25s
 77250K .......... .......... .......... .......... .......... 17%  115M 25s
 77300K .......... .......... .......... .......... .......... 17% 94.1M 25s
 77350K .......... .......... .......... .......... .......... 17% 84.9M 24s
 77400K .......... .......... .......... .......... .......... 17% 84.9M 24s
 77450K .......... .......... .......... .......... .......... 17% 62.7M 24s
 77500K .......... .......... .......... .......... .......... 17% 25.7M 24s
 77550K .......... .......... .......... .......... .......... 17% 48.5M 24s
 77600K .......... .......... .......... .......... .......... 17% 51.3M 24s
 77650K .......... .......... .......... .......... .......... 17% 85.2M 24s
 77700K .......... .......... .......... .......... .......... 17% 69.4M 24s
 77750K .......... .......... .......... .......... .......... 17% 51.0M 24s
 77800K .......... .......... .......... .......... .......... 17% 41.4M 24s
 77850K .......... .......... .......... .......... .......... 17% 33.4M 24s
 77900K .......... .......... .......... .......... .......... 17% 50.8M 24s
 77950K .......... .......... .......... .......... .......... 17% 91.9M 24s
 78000K .......... .......... .......... .......... .......... 17% 22.2M 24s
 78050K .......... .......... .......... .......... .......... 17%  116M 24s
 78100K .......... .......... .......... .......... .......... 17% 25.8M 24s
 78150K .......... .......... .......... .......... .......... 17% 19.0M 24s
 78200K .......... .......... .......... .......... .......... 17% 16.7M 24s
 78250K .......... .......... .......... .......... .......... 17% 33.5M 24s
 78300K .......... .......... .......... .......... .......... 17% 20.3M 24s
 78350K .......... .......... .......... .......... .......... 17% 23.3M 24s
 78400K .......... .......... .......... .......... .......... 17% 13.9M 24s
 78450K .......... .......... .......... .......... .......... 17% 31.9M 24s
 78500K .......... .......... .......... .......... .......... 17% 21.4M 24s
 78550K .......... .......... .......... .......... .......... 17% 10.3M 24s
 78600K .......... .......... .......... .......... .......... 18% 8.21M 24s
 78650K .......... .......... .......... .......... .......... 18% 18.9M 24s
 78700K .......... .......... .......... .......... .......... 18% 3.39M 24s
 78750K .......... .......... .......... .......... .......... 18% 47.2M 24s
 78800K .......... .......... .......... .......... .......... 18% 86.1M 24s
 78850K .......... .......... .......... .......... .......... 18% 84.0M 24s
 78900K .......... .......... .......... .......... .......... 18% 83.4M 24s
 78950K .......... .......... .......... .......... .......... 18% 86.4M 24s
 79000K .......... .......... .......... .......... .......... 18% 63.1M 24s
 79050K .......... .......... .......... .......... .......... 18% 18.2M 24s
 79100K .......... .......... .......... .......... .......... 18% 41.8M 24s
 79150K .......... .......... .......... .......... .......... 18%  108M 24s
 79200K .......... .......... .......... .......... .......... 18% 85.9M 24s
 79250K .......... .......... .......... .......... .......... 18% 96.9M 24s
 79300K .......... .......... .......... .......... .......... 18% 62.0M 24s
 79350K .......... .......... .......... .......... .......... 18% 43.6M 24s
 79400K .......... .......... .......... .......... .......... 18% 19.5M 24s
 79450K .......... .......... .......... .......... .......... 18% 68.1M 24s
 79500K .......... .......... .......... .......... .......... 18% 88.6M 24s
 79550K .......... .......... .......... .......... .......... 18% 83.8M 24s
 79600K .......... .......... .......... .......... .......... 18% 51.2M 24s
 79650K .......... .......... .......... .......... .......... 18% 54.6M 24s
 79700K .......... .......... .......... .......... .......... 18% 41.3M 24s
 79750K .......... .......... .......... .......... .......... 18% 34.8M 24s
 79800K .......... .......... .......... .......... .......... 18%  117M 24s
 79850K .......... .......... .......... .......... .......... 18% 91.8M 24s
 79900K .......... .......... .......... .......... .......... 18% 64.2M 24s
 79950K .......... .......... .......... .......... .......... 18% 28.2M 24s
 80000K .......... .......... .......... .......... .......... 18% 20.5M 24s
 80050K .......... .......... .......... .......... .......... 18% 19.5M 24s
 80100K .......... .......... .......... .......... .......... 18% 12.0M 24s
 80150K .......... .......... .......... .......... .......... 18% 35.8M 24s
 80200K .......... .......... .......... .......... .......... 18% 21.4M 24s
 80250K .......... .......... .......... .......... .......... 18% 26.8M 24s
 80300K .......... .......... .......... .......... .......... 18% 16.3M 24s
 80350K .......... .......... .......... .......... .......... 18% 46.3M 24s
 80400K .......... .......... .......... .......... .......... 18% 9.60M 24s
 80450K .......... .......... .......... .......... .......... 18% 15.5M 24s
 80500K .......... .......... .......... .......... .......... 18% 13.3M 24s
 80550K .......... .......... .......... .......... .......... 18% 10.1M 24s
 80600K .......... .......... .......... .......... .......... 18% 3.50M 24s
 80650K .......... .......... .......... .......... .......... 18% 46.2M 24s
 80700K .......... .......... .......... .......... .......... 18%  110M 24s
 80750K .......... .......... .......... .......... .......... 18%  131M 24s
 80800K .......... .......... .......... .......... .......... 18% 63.7M 24s
 80850K .......... .......... .......... .......... .......... 18% 76.6M 24s
 80900K .......... .......... .......... .......... .......... 18% 36.2M 24s
 80950K .......... .......... .......... .......... .......... 18% 17.1M 24s
 81000K .......... .......... .......... .......... .......... 18% 85.9M 24s
 81050K .......... .......... .......... .......... .......... 18%  101M 24s
 81100K .......... .......... .......... .......... .......... 18%  106M 24s
 81150K .......... .......... .......... .......... .......... 18% 83.7M 24s
 81200K .......... .......... .......... .......... .......... 18% 60.6M 24s
 81250K .......... .......... .......... .......... .......... 18% 90.8M 24s
 81300K .......... .......... .......... .......... .......... 18% 17.7M 24s
 81350K .......... .......... .......... .......... .......... 18% 86.9M 24s
 81400K .......... .......... .......... .......... .......... 18% 95.4M 24s
 81450K .......... .......... .......... .......... .......... 18% 76.5M 24s
 81500K .......... .......... .......... .......... .......... 18% 47.3M 24s
 81550K .......... .......... .......... .......... .......... 18% 86.7M 24s
 81600K .......... .......... .......... .......... .......... 18% 29.9M 24s
 81650K .......... .......... .......... .......... .......... 18% 34.2M 24s
 81700K .......... .......... .......... .......... .......... 18% 79.0M 24s
 81750K .......... .......... .......... .......... .......... 18%  125M 24s
 81800K .......... .......... .......... .......... .......... 18% 65.1M 24s
 81850K .......... .......... .......... .......... .......... 18% 24.0M 24s
 81900K .......... .......... .......... .......... .......... 18% 48.4M 24s
 81950K .......... .......... .......... .......... .......... 18% 18.0M 24s
 82000K .......... .......... .......... .......... .......... 18% 11.7M 24s
 82050K .......... .......... .......... .......... .......... 18% 27.4M 24s
 82100K .......... .......... .......... .......... .......... 18% 21.4M 24s
 82150K .......... .......... .......... .......... .......... 18% 15.2M 24s
 82200K .......... .......... .......... .......... .......... 18% 22.4M 23s
 82250K .......... .......... .......... .......... .......... 18% 19.5M 23s
 82300K .......... .......... .......... .......... .......... 18% 90.2M 23s
 82350K .......... .......... .......... .......... .......... 18% 10.4M 23s
 82400K .......... .......... .......... .......... .......... 18% 8.38M 23s
 82450K .......... .......... .......... .......... .......... 18% 12.3M 23s
 82500K .......... .......... .......... .......... .......... 18% 9.88M 23s
 82550K .......... .......... .......... .......... .......... 18% 4.74M 24s
 82600K .......... .......... .......... .......... .......... 18% 86.7M 24s
 82650K .......... .......... .......... .......... .......... 18% 87.9M 23s
 82700K .......... .......... .......... .......... .......... 18% 88.1M 23s
 82750K .......... .......... .......... .......... .......... 18%  109M 23s
 82800K .......... .......... .......... .......... .......... 18% 33.1M 23s
 82850K .......... .......... .......... .......... .......... 18% 23.5M 23s
 82900K .......... .......... .......... .......... .......... 18% 78.8M 23s
 82950K .......... .......... .......... .......... .......... 19%  107M 23s
 83000K .......... .......... .......... .......... .......... 19% 76.2M 23s
 83050K .......... .......... .......... .......... .......... 19% 77.3M 23s
 83100K .......... .......... .......... .......... .......... 19% 69.9M 23s
 83150K .......... .......... .......... .......... .......... 19% 76.1M 23s
 83200K .......... .......... .......... .......... .......... 19% 19.5M 23s
 83250K .......... .......... .......... .......... .......... 19% 55.6M 23s
 83300K .......... .......... .......... .......... .......... 19% 70.0M 23s
 83350K .......... .......... .......... .......... .......... 19%  112M 23s
 83400K .......... .......... .......... .......... .......... 19% 56.7M 23s
 83450K .......... .......... .......... .......... .......... 19% 78.3M 23s
 83500K .......... .......... .......... .......... .......... 19% 42.5M 23s
 83550K .......... .......... .......... .......... .......... 19% 33.7M 23s
 83600K .......... .......... .......... .......... .......... 19% 69.3M 23s
 83650K .......... .......... .......... .......... .......... 19% 77.3M 23s
 83700K .......... .......... .......... .......... .......... 19% 20.5M 23s
 83750K .......... .......... .......... .......... .......... 19% 40.1M 23s
 83800K .......... .......... .......... .......... .......... 19%  109M 23s
 83850K .......... .......... .......... .......... .......... 19% 17.7M 23s
 83900K .......... .......... .......... .......... .......... 19% 18.6M 23s
 83950K .......... .......... .......... .......... .......... 19% 13.6M 23s
 84000K .......... .......... .......... .......... .......... 19% 17.2M 23s
 84050K .......... .......... .......... .......... .......... 19% 15.9M 23s
 84100K .......... .......... .......... .......... .......... 19% 22.9M 23s
 84150K .......... .......... .......... .......... .......... 19% 20.2M 23s
 84200K .......... .......... .......... .......... .......... 19%  105M 23s
 84250K .......... .......... .......... .......... .......... 19% 10.0M 23s
 84300K .......... .......... .......... .......... .......... 19% 8.99M 23s
 84350K .......... .......... .......... .......... .......... 19% 13.4M 23s
 84400K .......... .......... .......... .......... .......... 19% 3.79M 23s
 84450K .......... .......... .......... .......... .......... 19% 24.5M 23s
 84500K .......... .......... .......... .......... .......... 19%  115M 23s
 84550K .......... .......... .......... .......... .......... 19% 85.3M 23s
 84600K .......... .......... .......... .......... .......... 19% 65.5M 23s
 84650K .......... .......... .......... .......... .......... 19% 86.7M 23s
 84700K .......... .......... .......... .......... .......... 19% 52.2M 23s
 84750K .......... .......... .......... .......... .......... 19% 22.2M 23s
 84800K .......... .......... .......... .......... .......... 19% 42.0M 23s
 84850K .......... .......... .......... .......... .......... 19% 66.2M 23s
 84900K .......... .......... .......... .......... .......... 19% 80.1M 23s
 84950K .......... .......... .......... .......... .......... 19% 67.5M 23s
 85000K .......... .......... .......... .......... .......... 19% 76.1M 23s
 85050K .......... .......... .......... .......... .......... 19% 65.1M 23s
 85100K .......... .......... .......... .......... .......... 19% 18.8M 23s
 85150K .......... .......... .......... .......... .......... 19% 50.2M 23s
 85200K .......... .......... .......... .......... .......... 19% 63.3M 23s
 85250K .......... .......... .......... .......... .......... 19% 51.1M 23s
 85300K .......... .......... .......... .......... .......... 19% 80.5M 23s
 85350K .......... .......... .......... .......... .......... 19% 83.9M 23s
 85400K .......... .......... .......... .......... .......... 19% 30.3M 23s
 85450K .......... .......... .......... .......... .......... 19% 63.8M 23s
 85500K .......... .......... .......... .......... .......... 19% 85.5M 23s
 85550K .......... .......... .......... .......... .......... 19% 89.7M 23s
 85600K .......... .......... .......... .......... .......... 19% 18.6M 23s
 85650K .......... .......... .......... .......... .......... 19% 50.3M 23s
 85700K .......... .......... .......... .......... .......... 19% 21.0M 23s
 85750K .......... .......... .......... .......... .......... 19% 18.6M 23s
 85800K .......... .......... .......... .......... .......... 19% 58.8M 23s
 85850K .......... .......... .......... .......... .......... 19% 16.2M 23s
 85900K .......... .......... .......... .......... .......... 19% 11.5M 23s
 85950K .......... .......... .......... .......... .......... 19% 39.7M 23s
 86000K .......... .......... .......... .......... .......... 19% 20.9M 23s
 86050K .......... .......... .......... .......... .......... 19% 21.0M 23s
 86100K .......... .......... .......... .......... .......... 19% 17.2M 23s
 86150K .......... .......... .......... .......... .......... 19% 16.0M 23s
 86200K .......... .......... .......... .......... .......... 19% 10.2M 23s
 86250K .......... .......... .......... .......... .......... 19% 12.4M 23s
 86300K .......... .......... .......... .......... .......... 19% 7.41M 23s
 86350K .......... .......... .......... .......... .......... 19% 6.19M 23s
 86400K .......... .......... .......... .......... .......... 19% 52.0M 23s
 86450K .......... .......... .......... .......... .......... 19%  109M 23s
 86500K .......... .......... .......... .......... .......... 19% 96.5M 23s
 86550K .......... .......... .......... .......... .......... 19% 42.1M 23s
 86600K .......... .......... .......... .......... .......... 19% 27.2M 23s
 86650K .......... .......... .......... .......... .......... 19% 51.5M 23s
 86700K .......... .......... .......... .......... .......... 19%  132M 23s
 86750K .......... .......... .......... .......... .......... 19% 51.5M 23s
 86800K .......... .......... .......... .......... .......... 19% 49.0M 23s
 86850K .......... .......... .......... .......... .......... 19% 91.3M 23s
 86900K .......... .......... .......... .......... .......... 19%  109M 23s
 86950K .......... .......... .......... .......... .......... 19% 22.5M 23s
 87000K .......... .......... .......... .......... .......... 19% 38.4M 23s
 87050K .......... .......... .......... .......... .......... 19% 84.3M 23s
 87100K .......... .......... .......... .......... .......... 19% 64.2M 23s
 87150K .......... .......... .......... .......... .......... 19% 95.2M 23s
 87200K .......... .......... .......... .......... .......... 19% 39.2M 23s
 87250K .......... .......... .......... .......... .......... 19% 56.0M 23s
 87300K .......... .......... .......... .......... .......... 19% 38.4M 23s
 87350K .......... .......... .......... .......... .......... 20% 64.1M 23s
 87400K .......... .......... .......... .......... .......... 20% 86.0M 23s
 87450K .......... .......... .......... .......... .......... 20% 88.2M 23s
 87500K .......... .......... .......... .......... .......... 20% 27.7M 23s
 87550K .......... .......... .......... .......... .......... 20% 41.9M 23s
 87600K .......... .......... .......... .......... .......... 20% 16.3M 23s
 87650K .......... .......... .......... .......... .......... 20% 17.6M 23s
 87700K .......... .......... .......... .......... .......... 20% 23.3M 23s
 87750K .......... .......... .......... .......... .......... 20% 18.3M 23s
 87800K .......... .......... .......... .......... .......... 20% 18.1M 22s
 87850K .......... .......... .......... .......... .......... 20% 19.3M 22s
 87900K .......... .......... .......... .......... .......... 20% 60.9M 22s
 87950K .......... .......... .......... .......... .......... 20% 19.1M 22s
 88000K .......... .......... .......... .......... .......... 20% 15.2M 22s
 88050K .......... .......... .......... .......... .......... 20% 17.3M 22s
 88100K .......... .......... .......... .......... .......... 20% 5.99M 22s
 88150K .......... .......... .......... .......... .......... 20% 17.0M 22s
 88200K .......... .......... .......... .......... .......... 20% 7.87M 22s
 88250K .......... .......... .......... .......... .......... 20% 6.48M 22s
 88300K .......... .......... .......... .......... .......... 20% 82.5M 22s
 88350K .......... .......... .......... .......... .......... 20%  105M 22s
 88400K .......... .......... .......... .......... .......... 20% 68.0M 22s
 88450K .......... .......... .......... .......... .......... 20% 32.7M 22s
 88500K .......... .......... .......... .......... .......... 20% 27.2M 22s
 88550K .......... .......... .......... .......... .......... 20% 51.3M 22s
 88600K .......... .......... .......... .......... .......... 20% 66.1M 22s
 88650K .......... .......... .......... .......... .......... 20%  104M 22s
 88700K .......... .......... .......... .......... .......... 20% 67.2M 22s
 88750K .......... .......... .......... .......... .......... 20% 52.1M 22s
 88800K .......... .......... .......... .......... .......... 20% 67.6M 22s
 88850K .......... .......... .......... .......... .......... 20% 29.5M 22s
 88900K .......... .......... .......... .......... .......... 20% 30.9M 22s
 88950K .......... .......... .......... .......... .......... 20% 84.9M 22s
 89000K .......... .......... .......... .......... .......... 20% 67.3M 22s
 89050K .......... .......... .......... .......... .......... 20% 48.7M 22s
 89100K .......... .......... .......... .......... .......... 20% 63.7M 22s
 89150K .......... .......... .......... .......... .......... 20% 60.0M 22s
 89200K .......... .......... .......... .......... .......... 20% 29.3M 22s
 89250K .......... .......... .......... .......... .......... 20% 64.4M 22s
 89300K .......... .......... .......... .......... .......... 20%  107M 22s
 89350K .......... .......... .......... .......... .......... 20% 99.5M 22s
 89400K .......... .......... .......... .......... .......... 20% 20.0M 22s
 89450K .......... .......... .......... .......... .......... 20% 79.8M 22s
 89500K .......... .......... .......... .......... .......... 20% 18.8M 22s
 89550K .......... .......... .......... .......... .......... 20% 14.3M 22s
 89600K .......... .......... .......... .......... .......... 20% 19.7M 22s
 89650K .......... .......... .......... .......... .......... 20% 22.8M 22s
 89700K .......... .......... .......... .......... .......... 20% 20.0M 22s
 89750K .......... .......... .......... .......... .......... 20% 18.7M 22s
 89800K .......... .......... .......... .......... .......... 20% 41.5M 22s
 89850K .......... .......... .......... .......... .......... 20% 15.7M 22s
 89900K .......... .......... .......... .......... .......... 20% 24.6M 22s
 89950K .......... .......... .......... .......... .......... 20% 14.4M 22s
 90000K .......... .......... .......... .......... .......... 20% 8.21M 22s
 90050K .......... .......... .......... .......... .......... 20% 11.4M 22s
 90100K .......... .......... .......... .......... .......... 20% 16.2M 22s
 90150K .......... .......... .......... .......... .......... 20% 5.09M 22s
 90200K .......... .......... .......... .......... .......... 20% 63.4M 22s
 90250K .......... .......... .......... .......... .......... 20% 71.9M 22s
 90300K .......... .......... .......... .......... .......... 20% 75.1M 22s
 90350K .......... .......... .......... .......... .......... 20% 86.6M 22s
 90400K .......... .......... .......... .......... .......... 20% 21.5M 22s
 90450K .......... .......... .......... .......... .......... 20% 54.3M 22s
 90500K .......... .......... .......... .......... .......... 20% 78.3M 22s
 90550K .......... .......... .......... .......... .......... 20% 64.7M 22s
 90600K .......... .......... .......... .......... .......... 20% 49.9M 22s
 90650K .......... .......... .......... .......... .......... 20% 85.9M 22s
 90700K .......... .......... .......... .......... .......... 20% 61.5M 22s
 90750K .......... .......... .......... .......... .......... 20% 34.1M 22s
 90800K .......... .......... .......... .......... .......... 20% 28.6M 22s
 90850K .......... .......... .......... .......... .......... 20% 62.1M 22s
 90900K .......... .......... .......... .......... .......... 20% 84.5M 22s
 90950K .......... .......... .......... .......... .......... 20% 62.2M 22s
 91000K .......... .......... .......... .......... .......... 20% 43.4M 22s
 91050K .......... .......... .......... .......... .......... 20% 86.7M 22s
 91100K .......... .......... .......... .......... .......... 20% 48.3M 22s
 91150K .......... .......... .......... .......... .......... 20% 53.5M 22s
 91200K .......... .......... .......... .......... .......... 20% 75.9M 22s
 91250K .......... .......... .......... .......... .......... 20% 16.6M 22s
 91300K .......... .......... .......... .......... .......... 20% 40.1M 22s
 91350K .......... .......... .......... .......... .......... 20% 36.8M 22s
 91400K .......... .......... .......... .......... .......... 20% 24.6M 22s
 91450K .......... .......... .......... .......... .......... 20% 12.3M 22s
 91500K .......... .......... .......... .......... .......... 20% 83.8M 22s
 91550K .......... .......... .......... .......... .......... 20% 18.5M 22s
 91600K .......... .......... .......... .......... .......... 20% 13.3M 22s
 91650K .......... .......... .......... .......... .......... 20% 14.8M 22s
 91700K .......... .......... .......... .......... .......... 21% 24.0M 22s
 91750K .......... .......... .......... .......... .......... 21% 24.2M 22s
 91800K .......... .......... .......... .......... .......... 21% 15.4M 22s
 91850K .......... .......... .......... .......... .......... 21% 13.6M 22s
 91900K .......... .......... .......... .......... .......... 21% 33.6M 22s
 91950K .......... .......... .......... .......... .......... 21% 7.77M 22s
 92000K .......... .......... .......... .......... .......... 21% 6.96M 22s
 92050K .......... .......... .......... .......... .......... 21% 6.71M 22s
 92100K .......... .......... .......... .......... .......... 21% 70.6M 22s
 92150K .......... .......... .......... .......... .......... 21% 77.0M 22s
 92200K .......... .......... .......... .......... .......... 21% 81.2M 22s
 92250K .......... .......... .......... .......... .......... 21%  122M 22s
 92300K .......... .......... .......... .......... .......... 21% 17.7M 22s
 92350K .......... .......... .......... .......... .......... 21% 42.3M 22s
 92400K .......... .......... .......... .......... .......... 21% 70.4M 22s
 92450K .......... .......... .......... .......... .......... 21% 50.0M 22s
 92500K .......... .......... .......... .......... .......... 21% 85.4M 22s
 92550K .......... .......... .......... .......... .......... 21% 84.1M 22s
 92600K .......... .......... .......... .......... .......... 21% 35.5M 22s
 92650K .......... .......... .......... .......... .......... 21% 67.4M 22s
 92700K .......... .......... .......... .......... .......... 21% 32.3M 22s
 92750K .......... .......... .......... .......... .......... 21% 63.1M 22s
 92800K .......... .......... .......... .......... .......... 21% 54.6M 22s
 92850K .......... .......... .......... .......... .......... 21% 56.2M 22s
 92900K .......... .......... .......... .......... .......... 21% 45.6M 22s
 92950K .......... .......... .......... .......... .......... 21% 52.0M 22s
 93000K .......... .......... .......... .......... .......... 21% 55.5M 22s
 93050K .......... .......... .......... .......... .......... 21%  105M 22s
 93100K .......... .......... .......... .......... .......... 21% 63.4M 22s
 93150K .......... .......... .......... .......... .......... 21% 31.6M 22s
 93200K .......... .......... .......... .......... .......... 21% 34.5M 22s
 93250K .......... .......... .......... .......... .......... 21% 27.4M 22s
 93300K .......... .......... .......... .......... .......... 21% 14.4M 22s
 93350K .......... .......... .......... .......... .......... 21% 17.2M 22s
 93400K .......... .......... .......... .......... .......... 21% 26.9M 22s
 93450K .......... .......... .......... .......... .......... 21% 18.8M 22s
 93500K .......... .......... .......... .......... .......... 21% 32.1M 22s
 93550K .......... .......... .......... .......... .......... 21% 13.4M 22s
 93600K .......... .......... .......... .......... .......... 21% 23.5M 22s
 93650K .......... .......... .......... .......... .......... 21% 23.1M 22s
 93700K .......... .......... .......... .......... .......... 21% 11.0M 22s
 93750K .......... .......... .......... .......... .......... 21% 14.9M 22s
 93800K .......... .......... .......... .......... .......... 21% 8.74M 22s
 93850K .......... .......... .......... .......... .......... 21% 13.7M 22s
 93900K .......... .......... .......... .......... .......... 21% 9.51M 22s
 93950K .......... .......... .......... .......... .......... 21% 8.02M 22s
 94000K .......... .......... .......... .......... .......... 21% 27.7M 22s
 94050K .......... .......... .......... .......... .......... 21% 36.7M 22s
 94100K .......... .......... .......... .......... .......... 21%  110M 22s
 94150K .......... .......... .......... .......... .......... 21% 30.8M 22s
 94200K .......... .......... .......... .......... .......... 21% 39.1M 22s
 94250K .......... .......... .......... .......... .......... 21% 74.8M 22s
 94300K .......... .......... .......... .......... .......... 21% 73.6M 22s
 94350K .......... .......... .......... .......... .......... 21% 40.3M 21s
 94400K .......... .......... .......... .......... .......... 21% 85.9M 21s
 94450K .......... .......... .......... .......... .......... 21% 84.7M 21s
 94500K .......... .......... .......... .......... .......... 21% 23.8M 21s
 94550K .......... .......... .......... .......... .......... 21% 72.6M 21s
 94600K .......... .......... .......... .......... .......... 21% 34.0M 21s
 94650K .......... .......... .......... .......... .......... 21% 50.5M 21s
 94700K .......... .......... .......... .......... .......... 21% 49.5M 21s
 94750K .......... .......... .......... .......... .......... 21% 86.3M 21s
 94800K .......... .......... .......... .......... .......... 21% 40.8M 21s
 94850K .......... .......... .......... .......... .......... 21% 38.3M 21s
 94900K .......... .......... .......... .......... .......... 21% 64.0M 21s
 94950K .......... .......... .......... .......... .......... 21%  119M 21s
 95000K .......... .......... .......... .......... .......... 21% 30.8M 21s
 95050K .......... .......... .......... .......... .......... 21% 43.9M 21s
 95100K .......... .......... .......... .......... .......... 21% 70.9M 21s
 95150K .......... .......... .......... .......... .......... 21% 34.5M 21s
 95200K .......... .......... .......... .......... .......... 21% 11.4M 21s
 95250K .......... .......... .......... .......... .......... 21% 13.9M 21s
 95300K .......... .......... .......... .......... .......... 21%  105M 21s
 95350K .......... .......... .......... .......... .......... 21% 16.6M 21s
 95400K .......... .......... .......... .......... .......... 21% 21.8M 21s
 95450K .......... .......... .......... .......... .......... 21% 19.7M 21s
 95500K .......... .......... .......... .......... .......... 21% 24.5M 21s
 95550K .......... .......... .......... .......... .......... 21% 30.2M 21s
 95600K .......... .......... .......... .......... .......... 21% 9.74M 21s
 95650K .......... .......... .......... .......... .......... 21% 20.6M 21s
 95700K .......... .......... .......... .......... .......... 21% 8.15M 21s
 95750K .......... .......... .......... .......... .......... 21% 15.5M 21s
 95800K .......... .......... .......... .......... .......... 21% 14.1M 21s
 95850K .......... .......... .......... .......... .......... 21% 6.62M 21s
 95900K .......... .......... .......... .......... .......... 21% 28.2M 21s
 95950K .......... .......... .......... .......... .......... 21% 53.7M 21s
 96000K .......... .......... .......... .......... .......... 21% 46.4M 21s
 96050K .......... .......... .......... .......... .......... 22% 37.6M 21s
 96100K .......... .......... .......... .......... .......... 22% 42.9M 21s
 96150K .......... .......... .......... .......... .......... 22% 72.4M 21s
 96200K .......... .......... .......... .......... .......... 22% 74.4M 21s
 96250K .......... .......... .......... .......... .......... 22% 27.5M 21s
 96300K .......... .......... .......... .......... .......... 22% 69.6M 21s
 96350K .......... .......... .......... .......... .......... 22%  110M 21s
 96400K .......... .......... .......... .......... .......... 22% 30.8M 21s
 96450K .......... .......... .......... .......... .......... 22% 40.1M 21s
 96500K .......... .......... .......... .......... .......... 22% 52.4M 21s
 96550K .......... .......... .......... .......... .......... 22% 55.6M 21s
 96600K .......... .......... .......... .......... .......... 22% 75.3M 21s
 96650K .......... .......... .......... .......... .......... 22% 54.9M 21s
 96700K .......... .......... .......... .......... .......... 22% 77.4M 21s
 96750K .......... .......... .......... .......... .......... 22% 42.3M 21s
 96800K .......... .......... .......... .......... .......... 22% 38.3M 21s
 96850K .......... .......... .......... .......... .......... 22% 38.2M 21s
 96900K .......... .......... .......... .......... .......... 22% 98.0M 21s
 96950K .......... .......... .......... .......... .......... 22% 37.2M 21s
 97000K .......... .......... .......... .......... .......... 22% 30.0M 21s
 97050K .......... .......... .......... .......... .......... 22% 51.5M 21s
 97100K .......... .......... .......... .......... .......... 22% 14.0M 21s
 97150K .......... .......... .......... .......... .......... 22% 24.3M 21s
 97200K .......... .......... .......... .......... .......... 22% 16.3M 21s
 97250K .......... .......... .......... .......... .......... 22% 25.4M 21s
 97300K .......... .......... .......... .......... .......... 22% 15.8M 21s
 97350K .......... .......... .......... .......... .......... 22% 20.0M 21s
 97400K .......... .......... .......... .......... .......... 22% 62.3M 21s
 97450K .......... .......... .......... .......... .......... 22% 27.3M 21s
 97500K .......... .......... .......... .......... .......... 22% 12.2M 21s
 97550K .......... .......... .......... .......... .......... 22% 18.3M 21s
 97600K .......... .......... .......... .......... .......... 22% 8.11M 21s
 97650K .......... .......... .......... .......... .......... 22% 9.66M 21s
 97700K .......... .......... .......... .......... .......... 22% 10.8M 21s
 97750K .......... .......... .......... .......... .......... 22% 7.93M 21s
 97800K .......... .......... .......... .......... .......... 22% 38.0M 21s
 97850K .......... .......... .......... .......... .......... 22% 88.1M 21s
 97900K .......... .......... .......... .......... .......... 22% 35.4M 21s
 97950K .......... .......... .......... .......... .......... 22% 99.8M 21s
 98000K .......... .......... .......... .......... .......... 22% 30.7M 21s
 98050K .......... .......... .......... .......... .......... 22% 85.0M 21s
 98100K .......... .......... .......... .......... .......... 22% 63.3M 21s
 98150K .......... .......... .......... .......... .......... 22% 85.3M 21s
 98200K .......... .......... .......... .......... .......... 22% 50.7M 21s
 98250K .......... .......... .......... .......... .......... 22%  120M 21s
 98300K .......... .......... .......... .......... .......... 22% 15.6M 21s
 98350K .......... .......... .......... .......... .......... 22% 59.2M 21s
 98400K .......... .......... .......... .......... .......... 22% 46.6M 21s
 98450K .......... .......... .......... .......... .......... 22% 45.2M 21s
 98500K .......... .......... .......... .......... .......... 22%  114M 21s
 98550K .......... .......... .......... .......... .......... 22% 28.0M 21s
 98600K .......... .......... .......... .......... .......... 22% 98.8M 21s
 98650K .......... .......... .......... .......... .......... 22% 30.3M 21s
 98700K .......... .......... .......... .......... .......... 22%  122M 21s
 98750K .......... .......... .......... .......... .......... 22% 33.4M 21s
 98800K .......... .......... .......... .......... .......... 22% 42.7M 21s
 98850K .......... .......... .......... .......... .......... 22% 43.4M 21s
 98900K .......... .......... .......... .......... .......... 22% 28.0M 21s
 98950K .......... .......... .......... .......... .......... 22% 53.8M 21s
 99000K .......... .......... .......... .......... .......... 22% 30.5M 21s
 99050K .......... .......... .......... .......... .......... 22% 9.78M 21s
 99100K .......... .......... .......... .......... .......... 22% 31.6M 21s
 99150K .......... .......... .......... .......... .......... 22% 21.6M 21s
 99200K .......... .......... .......... .......... .......... 22% 13.6M 21s
 99250K .......... .......... .......... .......... .......... 22% 17.0M 21s
 99300K .......... .......... .......... .......... .......... 22% 27.8M 21s
 99350K .......... .......... .......... .......... .......... 22% 95.3M 21s
 99400K .......... .......... .......... .......... .......... 22% 12.2M 21s
 99450K .......... .......... .......... .......... .......... 22% 16.7M 21s
 99500K .......... .......... .......... .......... .......... 22% 12.1M 21s
 99550K .......... .......... .......... .......... .......... 22% 7.35M 21s
 99600K .......... .......... .......... .......... .......... 22% 8.81M 21s
 99650K .......... .......... .......... .......... .......... 22% 8.81M 21s
 99700K .......... .......... .......... .......... .......... 22% 68.3M 21s
 99750K .......... .......... .......... .......... .......... 22% 54.0M 21s
 99800K .......... .......... .......... .......... .......... 22% 47.2M 21s
 99850K .......... .......... .......... .......... .......... 22% 51.2M 21s
 99900K .......... .......... .......... .......... .......... 22% 42.7M 21s
 99950K .......... .......... .......... .......... .......... 22% 84.9M 21s
100000K .......... .......... .......... .......... .......... 22% 38.4M 21s
100050K .......... .......... .......... .......... .......... 22% 99.6M 21s
100100K .......... .......... .......... .......... .......... 22% 53.6M 21s
100150K .......... .......... .......... .......... .......... 22%  112M 21s
100200K .......... .......... .......... .......... .......... 22% 30.8M 21s
100250K .......... .......... .......... .......... .......... 22% 63.6M 21s
100300K .......... .......... .......... .......... .......... 22% 18.2M 21s
100350K .......... .......... .......... .......... .......... 22% 83.2M 21s
100400K .......... .......... .......... .......... .......... 22% 64.2M 21s
100450K .......... .......... .......... .......... .......... 23% 41.0M 21s
100500K .......... .......... .......... .......... .......... 23% 53.6M 21s
100550K .......... .......... .......... .......... .......... 23% 60.3M 21s
100600K .......... .......... .......... .......... .......... 23% 38.2M 21s
100650K .......... .......... .......... .......... .......... 23% 63.4M 21s
100700K .......... .......... .......... .......... .......... 23% 40.0M 21s
100750K .......... .......... .......... .......... .......... 23% 62.1M 21s
100800K .......... .......... .......... .......... .......... 23% 23.3M 21s
100850K .......... .......... .......... .......... .......... 23% 32.9M 21s
100900K .......... .......... .......... .......... .......... 23% 33.5M 20s
100950K .......... .......... .......... .......... .......... 23% 8.58M 21s
101000K .......... .......... .......... .......... .......... 23% 24.5M 20s
101050K .......... .......... .......... .......... .......... 23% 17.2M 20s
101100K .......... .......... .......... .......... .......... 23% 22.5M 20s
101150K .......... .......... .......... .......... .......... 23% 24.3M 20s
101200K .......... .......... .......... .......... .......... 23% 22.0M 20s
101250K .......... .......... .......... .......... .......... 23% 29.1M 20s
101300K .......... .......... .......... .......... .......... 23% 12.3M 20s
101350K .......... .......... .......... .......... .......... 23% 38.1M 20s
101400K .......... .......... .......... .......... .......... 23% 6.99M 20s
101450K .......... .......... .......... .......... .......... 23% 10.9M 20s
101500K .......... .......... .......... .......... .......... 23% 22.0M 20s
101550K .......... .......... .......... .......... .......... 23% 10.0M 20s
101600K .......... .......... .......... .......... .......... 23% 11.4M 20s
101650K .......... .......... .......... .......... .......... 23% 63.1M 20s
101700K .......... .......... .......... .......... .......... 23% 42.3M 20s
101750K .......... .......... .......... .......... .......... 23% 50.4M 20s
101800K .......... .......... .......... .......... .......... 23% 47.3M 20s
101850K .......... .......... .......... .......... .......... 23%  105M 20s
101900K .......... .......... .......... .......... .......... 23% 42.9M 20s
101950K .......... .......... .......... .......... .......... 23%  113M 20s
102000K .......... .......... .......... .......... .......... 23% 51.0M 20s
102050K .......... .......... .......... .......... .......... 23% 56.2M 20s
102100K .......... .......... .......... .......... .......... 23% 38.2M 20s
102150K .......... .......... .......... .......... .......... 23% 50.8M 20s
102200K .......... .......... .......... .......... .......... 23% 36.6M 20s
102250K .......... .......... .......... .......... .......... 23%  110M 20s
102300K .......... .......... .......... .......... .......... 23% 55.3M 20s
102350K .......... .......... .......... .......... .......... 23% 49.9M 20s
102400K .......... .......... .......... .......... .......... 23% 40.2M 20s
102450K .......... .......... .......... .......... .......... 23% 62.8M 20s
102500K .......... .......... .......... .......... .......... 23% 40.7M 20s
102550K .......... .......... .......... .......... .......... 23% 42.7M 20s
102600K .......... .......... .......... .......... .......... 23% 68.3M 20s
102650K .......... .......... .......... .......... .......... 23% 77.7M 20s
102700K .......... .......... .......... .......... .......... 23% 33.0M 20s
102750K .......... .......... .......... .......... .......... 23% 27.0M 20s
102800K .......... .......... .......... .......... .......... 23% 8.94M 20s
102850K .......... .......... .......... .......... .......... 23% 30.8M 20s
102900K .......... .......... .......... .......... .......... 23% 22.7M 20s
102950K .......... .......... .......... .......... .......... 23% 8.59M 20s
103000K .......... .......... .......... .......... .......... 23%  107M 20s
103050K .......... .......... .......... .......... .......... 23% 15.2M 20s
103100K .......... .......... .......... .......... .......... 23% 85.9M 20s
103150K .......... .......... .......... .......... .......... 23% 18.2M 20s
103200K .......... .......... .......... .......... .......... 23% 10.9M 20s
103250K .......... .......... .......... .......... .......... 23% 10.2M 20s
103300K .......... .......... .......... .......... .......... 23% 14.4M 20s
103350K .......... .......... .......... .......... .......... 23% 7.98M 20s
103400K .......... .......... .......... .......... .......... 23% 95.1M 20s
103450K .......... .......... .......... .......... .......... 23% 7.09M 20s
103500K .......... .......... .......... .......... .......... 23% 19.4M 20s
103550K .......... .......... .......... .......... .......... 23% 42.5M 20s
103600K .......... .......... .......... .......... .......... 23% 37.9M 20s
103650K .......... .......... .......... .......... .......... 23% 63.2M 20s
103700K .......... .......... .......... .......... .......... 23% 45.9M 20s
103750K .......... .......... .......... .......... .......... 23%  109M 20s
103800K .......... .......... .......... .......... .......... 23% 54.4M 20s
103850K .......... .......... .......... .......... .......... 23% 62.8M 20s
103900K .......... .......... .......... .......... .......... 23% 64.1M 20s
103950K .......... .......... .......... .......... .......... 23% 47.1M 20s
104000K .......... .......... .......... .......... .......... 23% 36.1M 20s
104050K .......... .......... .......... .......... .......... 23% 41.2M 20s
104100K .......... .......... .......... .......... .......... 23% 61.9M 20s
104150K .......... .......... .......... .......... .......... 23%  115M 20s
104200K .......... .......... .......... .......... .......... 23% 37.2M 20s
104250K .......... .......... .......... .......... .......... 23% 68.6M 20s
104300K .......... .......... .......... .......... .......... 23% 48.5M 20s
104350K .......... .......... .......... .......... .......... 23% 61.9M 20s
104400K .......... .......... .......... .......... .......... 23% 33.4M 20s
104450K .......... .......... .......... .......... .......... 23% 36.6M 20s
104500K .......... .......... .......... .......... .......... 23% 65.6M 20s
104550K .......... .......... .......... .......... .......... 23% 52.9M 20s
104600K .......... .......... .......... .......... .......... 23% 23.2M 20s
104650K .......... .......... .......... .......... .......... 23% 23.5M 20s
104700K .......... .......... .......... .......... .......... 23% 20.4M 20s
104750K .......... .......... .......... .......... .......... 23% 14.3M 20s
104800K .......... .......... .......... .......... .......... 24% 11.9M 20s
104850K .......... .......... .......... .......... .......... 24% 11.5M 20s
104900K .......... .......... .......... .......... .......... 24% 28.1M 20s
104950K .......... .......... .......... .......... .......... 24% 25.6M 20s
105000K .......... .......... .......... .......... .......... 24% 19.4M 20s
105050K .......... .......... .......... .......... .......... 24% 32.3M 20s
105100K .......... .......... .......... .......... .......... 24% 19.8M 20s
105150K .......... .......... .......... .......... .......... 24% 34.4M 20s
105200K .......... .......... .......... .......... .......... 24% 6.24M 20s
105250K .......... .......... .......... .......... .......... 24% 10.9M 20s
105300K .......... .......... .......... .......... .......... 24% 32.3M 20s
105350K .......... .......... .......... .......... .......... 24% 6.86M 20s
105400K .......... .......... .......... .......... .......... 24% 62.9M 20s
105450K .......... .......... .......... .......... .......... 24% 33.7M 20s
105500K .......... .......... .......... .......... .......... 24% 85.9M 20s
105550K .......... .......... .......... .......... .......... 24% 64.1M 20s
105600K .......... .......... .......... .......... .......... 24% 36.6M 20s
105650K .......... .......... .......... .......... .......... 24% 47.8M 20s
105700K .......... .......... .......... .......... .......... 24%  108M 20s
105750K .......... .......... .......... .......... .......... 24% 54.9M 20s
105800K .......... .......... .......... .......... .......... 24% 50.6M 20s
105850K .......... .......... .......... .......... .......... 24% 51.1M 20s
105900K .......... .......... .......... .......... .......... 24% 63.3M 20s
105950K .......... .......... .......... .......... .......... 24% 36.4M 20s
106000K .......... .......... .......... .......... .......... 24% 42.4M 20s
106050K .......... .......... .......... .......... .......... 24% 49.8M 20s
106100K .......... .......... .......... .......... .......... 24% 43.5M 20s
106150K .......... .......... .......... .......... .......... 24% 77.6M 20s
106200K .......... .......... .......... .......... .......... 24% 46.7M 20s
106250K .......... .......... .......... .......... .......... 24% 65.9M 20s
106300K .......... .......... .......... .......... .......... 24% 31.9M 20s
106350K .......... .......... .......... .......... .......... 24% 43.2M 20s
106400K .......... .......... .......... .......... .......... 24% 55.4M 20s
106450K .......... .......... .......... .......... .......... 24% 41.9M 20s
106500K .......... .......... .......... .......... .......... 24% 22.9M 20s
106550K .......... .......... .......... .......... .......... 24% 22.3M 20s
106600K .......... .......... .......... .......... .......... 24% 24.4M 20s
106650K .......... .......... .......... .......... .......... 24% 14.8M 20s
106700K .......... .......... .......... .......... .......... 24% 14.2M 20s
106750K .......... .......... .......... .......... .......... 24% 22.6M 20s
106800K .......... .......... .......... .......... .......... 24% 14.4M 20s
106850K .......... .......... .......... .......... .......... 24% 23.5M 20s
106900K .......... .......... .......... .......... .......... 24% 25.5M 20s
106950K .......... .......... .......... .......... .......... 24% 22.8M 20s
107000K .......... .......... .......... .......... .......... 24% 14.7M 20s
107050K .......... .......... .......... .......... .......... 24% 9.47M 20s
107100K .......... .......... .......... .......... .......... 24% 15.2M 20s
107150K .......... .......... .......... .......... .......... 24% 25.2M 20s
107200K .......... .......... .......... .......... .......... 24% 7.97M 20s
107250K .......... .......... .......... .......... .......... 24% 9.57M 20s
107300K .......... .......... .......... .......... .......... 24% 83.1M 20s
107350K .......... .......... .......... .......... .......... 24% 28.5M 20s
107400K .......... .......... .......... .......... .......... 24% 84.2M 20s
107450K .......... .......... .......... .......... .......... 24% 64.8M 20s
107500K .......... .......... .......... .......... .......... 24% 49.7M 20s
107550K .......... .......... .......... .......... .......... 24% 48.8M 20s
107600K .......... .......... .......... .......... .......... 24% 79.5M 20s
107650K .......... .......... .......... .......... .......... 24% 55.7M 20s
107700K .......... .......... .......... .......... .......... 24% 26.1M 20s
107750K .......... .......... .......... .......... .......... 24% 56.0M 20s
107800K .......... .......... .......... .......... .......... 24% 46.7M 20s
107850K .......... .......... .......... .......... .......... 24% 37.5M 20s
107900K .......... .......... .......... .......... .......... 24% 65.8M 20s
107950K .......... .......... .......... .......... .......... 24% 62.2M 20s
108000K .......... .......... .......... .......... .......... 24% 38.3M 20s
108050K .......... .......... .......... .......... .......... 24% 81.2M 20s
108100K .......... .......... .......... .......... .......... 24% 42.8M 20s
108150K .......... .......... .......... .......... .......... 24%  101M 20s
108200K .......... .......... .......... .......... .......... 24% 22.1M 20s
108250K .......... .......... .......... .......... .......... 24% 51.4M 20s
108300K .......... .......... .......... .......... .......... 24% 80.9M 20s
108350K .......... .......... .......... .......... .......... 24% 57.3M 20s
108400K .......... .......... .......... .......... .......... 24% 19.8M 20s
108450K .......... .......... .......... .......... .......... 24% 23.6M 20s
108500K .......... .......... .......... .......... .......... 24% 27.0M 20s
108550K .......... .......... .......... .......... .......... 24% 9.52M 20s
108600K .......... .......... .......... .......... .......... 24% 13.5M 20s
108650K .......... .......... .......... .......... .......... 24% 27.9M 20s
108700K .......... .......... .......... .......... .......... 24% 22.0M 20s
108750K .......... .......... .......... .......... .......... 24% 25.2M 19s
108800K .......... .......... .......... .......... .......... 24% 20.8M 19s
108850K .......... .......... .......... .......... .......... 24% 23.9M 19s
108900K .......... .......... .......... .......... .......... 24% 16.4M 19s
108950K .......... .......... .......... .......... .......... 24% 6.70M 19s
109000K .......... .......... .......... .......... .......... 24% 20.9M 19s
109050K .......... .......... .......... .......... .......... 24% 13.3M 19s
109100K .......... .......... .......... .......... .......... 24% 19.2M 19s
109150K .......... .......... .......... .......... .......... 25% 18.3M 19s
109200K .......... .......... .......... .......... .......... 25% 11.9M 19s
109250K .......... .......... .......... .......... .......... 25% 16.6M 19s
109300K .......... .......... .......... .......... .......... 25% 68.6M 19s
109350K .......... .......... .......... .......... .......... 25% 64.6M 19s
109400K .......... .......... .......... .......... .......... 25% 51.3M 19s
109450K .......... .......... .......... .......... .......... 25% 52.9M 19s
109500K .......... .......... .......... .......... .......... 25% 63.1M 19s
109550K .......... .......... .......... .......... .......... 25% 78.3M 19s
109600K .......... .......... .......... .......... .......... 25% 29.7M 19s
109650K .......... .......... .......... .......... .......... 25% 47.2M 19s
109700K .......... .......... .......... .......... .......... 25% 51.7M 19s
109750K .......... .......... .......... .......... .......... 25% 37.4M 19s
109800K .......... .......... .......... .......... .......... 25% 49.8M 19s
109850K .......... .......... .......... .......... .......... 25%  114M 19s
109900K .......... .......... .......... .......... .......... 25% 36.5M 19s
109950K .......... .......... .......... .......... .......... 25%  109M 19s
110000K .......... .......... .......... .......... .......... 25% 46.4M 19s
110050K .......... .......... .......... .......... .......... 25% 34.1M 19s
110100K .......... .......... .......... .......... .......... 25% 32.1M 19s
110150K .......... .......... .......... .......... .......... 25% 51.0M 19s
110200K .......... .......... .......... .......... .......... 25% 70.9M 19s
110250K .......... .......... .......... .......... .......... 25% 33.4M 19s
110300K .......... .......... .......... .......... .......... 25% 33.3M 19s
110350K .......... .......... .......... .......... .......... 25% 22.9M 19s
110400K .......... .......... .......... .......... .......... 25% 11.1M 19s
110450K .......... .......... .......... .......... .......... 25% 19.5M 19s
110500K .......... .......... .......... .......... .......... 25% 11.5M 19s
110550K .......... .......... .......... .......... .......... 25%  101M 19s
110600K .......... .......... .......... .......... .......... 25% 12.2M 19s
110650K .......... .......... .......... .......... .......... 25% 31.6M 19s
110700K .......... .......... .......... .......... .......... 25% 33.3M 19s
110750K .......... .......... .......... .......... .......... 25% 14.0M 19s
110800K .......... .......... .......... .......... .......... 25% 27.1M 19s
110850K .......... .......... .......... .......... .......... 25% 8.40M 19s
110900K .......... .......... .......... .......... .......... 25% 9.79M 19s
110950K .......... .......... .......... .......... .......... 25% 22.9M 19s
111000K .......... .......... .......... .......... .......... 25% 15.1M 19s
111050K .......... .......... .......... .......... .......... 25% 14.5M 19s
111100K .......... .......... .......... .......... .......... 25% 15.1M 19s
111150K .......... .......... .......... .......... .......... 25% 25.1M 19s
111200K .......... .......... .......... .......... .......... 25% 42.1M 19s
111250K .......... .......... .......... .......... .......... 25% 49.6M 19s
111300K .......... .......... .......... .......... .......... 25% 65.0M 19s
111350K .......... .......... .......... .......... .......... 25% 60.7M 19s
111400K .......... .......... .......... .......... .......... 25% 86.2M 19s
111450K .......... .......... .......... .......... .......... 25% 64.3M 19s
111500K .......... .......... .......... .......... .......... 25% 42.6M 19s
111550K .......... .......... .......... .......... .......... 25% 57.2M 19s
111600K .......... .......... .......... .......... .......... 25% 42.1M 19s
111650K .......... .......... .......... .......... .......... 25% 25.3M 19s
111700K .......... .......... .......... .......... .......... 25%  104M 19s
111750K .......... .......... .......... .......... .......... 25%  100M 19s
111800K .......... .......... .......... .......... .......... 25% 54.2M 19s
111850K .......... .......... .......... .......... .......... 25% 44.8M 19s
111900K .......... .......... .......... .......... .......... 25% 87.3M 19s
111950K .......... .......... .......... .......... .......... 25% 44.9M 19s
112000K .......... .......... .......... .......... .......... 25% 25.5M 19s
112050K .......... .......... .......... .......... .......... 25% 87.6M 19s
112100K .......... .......... .......... .......... .......... 25% 61.2M 19s
112150K .......... .......... .......... .......... .......... 25% 23.7M 19s
112200K .......... .......... .......... .......... .......... 25% 18.6M 19s
112250K .......... .......... .......... .......... .......... 25% 13.2M 19s
112300K .......... .......... .......... .......... .......... 25% 10.9M 19s
112350K .......... .......... .......... .......... .......... 25% 21.8M 19s
112400K .......... .......... .......... .......... .......... 25% 9.99M 19s
112450K .......... .......... .......... .......... .......... 25% 23.4M 19s
112500K .......... .......... .......... .......... .......... 25% 24.2M 19s
112550K .......... .......... .......... .......... .......... 25% 20.4M 19s
112600K .......... .......... .......... .......... .......... 25% 22.4M 19s
112650K .......... .......... .......... .......... .......... 25% 24.2M 19s
112700K .......... .......... .......... .......... .......... 25% 23.2M 19s
112750K .......... .......... .......... .......... .......... 25% 11.0M 19s
112800K .......... .......... .......... .......... .......... 25% 12.1M 19s
112850K .......... .......... .......... .......... .......... 25% 18.4M 19s
112900K .......... .......... .......... .......... .......... 25% 16.3M 19s
112950K .......... .......... .......... .......... .......... 25% 21.4M 19s
113000K .......... .......... .......... .......... .......... 25% 10.6M 19s
113050K .......... .......... .......... .......... .......... 25% 15.1M 19s
113100K .......... .......... .......... .......... .......... 25% 55.3M 19s
113150K .......... .......... .......... .......... .......... 25% 27.3M 19s
113200K .......... .......... .......... .......... .......... 25% 73.9M 19s
113250K .......... .......... .......... .......... .......... 25%  120M 19s
113300K .......... .......... .......... .......... .......... 25% 99.9M 19s
113350K .......... .......... .......... .......... .......... 25%  115M 19s
113400K .......... .......... .......... .......... .......... 25%  111M 19s
113450K .......... .......... .......... .......... .......... 25%  104M 19s
113500K .......... .......... .......... .......... .......... 25%  116M 19s
113550K .......... .......... .......... .......... .......... 26%  111M 19s
113600K .......... .......... .......... .......... .......... 26% 84.3M 19s
113650K .......... .......... .......... .......... .......... 26% 67.1M 19s
113700K .......... .......... .......... .......... .......... 26%  105M 19s
113750K .......... .......... .......... .......... .......... 26% 47.8M 19s
113800K .......... .......... .......... .......... .......... 26% 30.9M 19s
113850K .......... .......... .......... .......... .......... 26% 62.9M 19s
113900K .......... .......... .......... .......... .......... 26% 29.6M 19s
113950K .......... .......... .......... .......... .......... 26% 84.7M 19s
114000K .......... .......... .......... .......... .......... 26% 46.2M 19s
114050K .......... .......... .......... .......... .......... 26% 26.5M 19s
114100K .......... .......... .......... .......... .......... 26% 21.6M 19s
114150K .......... .......... .......... .......... .......... 26% 15.4M 19s
114200K .......... .......... .......... .......... .......... 26% 14.2M 19s
114250K .......... .......... .......... .......... .......... 26% 19.3M 19s
114300K .......... .......... .......... .......... .......... 26% 13.5M 19s
114350K .......... .......... .......... .......... .......... 26% 13.9M 19s
114400K .......... .......... .......... .......... .......... 26% 23.5M 19s
114450K .......... .......... .......... .......... .......... 26% 15.8M 19s
114500K .......... .......... .......... .......... .......... 26% 22.1M 19s
114550K .......... .......... .......... .......... .......... 26% 12.5M 19s
114600K .......... .......... .......... .......... .......... 26% 85.3M 19s
114650K .......... .......... .......... .......... .......... 26% 11.3M 19s
114700K .......... .......... .......... .......... .......... 26% 20.8M 19s
114750K .......... .......... .......... .......... .......... 26% 16.8M 19s
114800K .......... .......... .......... .......... .......... 26% 10.4M 19s
114850K .......... .......... .......... .......... .......... 26% 13.9M 19s
114900K .......... .......... .......... .......... .......... 26% 16.9M 19s
114950K .......... .......... .......... .......... .......... 26% 34.3M 19s
115000K .......... .......... .......... .......... .......... 26% 82.2M 19s
115050K .......... .......... .......... .......... .......... 26% 51.4M 19s
115100K .......... .......... .......... .......... .......... 26% 65.8M 19s
115150K .......... .......... .......... .......... .......... 26% 45.6M 19s
115200K .......... .......... .......... .......... .......... 26% 50.7M 19s
115250K .......... .......... .......... .......... .......... 26% 50.8M 19s
115300K .......... .......... .......... .......... .......... 26% 43.6M 19s
115350K .......... .......... .......... .......... .......... 26%  103M 19s
115400K .......... .......... .......... .......... .......... 26% 79.5M 19s
115450K .......... .......... .......... .......... .......... 26% 48.3M 19s
115500K .......... .......... .......... .......... .......... 26% 64.8M 19s
115550K .......... .......... .......... .......... .......... 26% 44.5M 19s
115600K .......... .......... .......... .......... .......... 26% 50.8M 19s
115650K .......... .......... .......... .......... .......... 26% 42.6M 19s
115700K .......... .......... .......... .......... .......... 26% 36.7M 19s
115750K .......... .......... .......... .......... .......... 26% 92.9M 19s
115800K .......... .......... .......... .......... .......... 26% 27.0M 19s
115850K .......... .......... .......... .......... .......... 26% 51.5M 19s
115900K .......... .......... .......... .......... .......... 26% 28.8M 19s
115950K .......... .......... .......... .......... .......... 26% 54.5M 19s
116000K .......... .......... .......... .......... .......... 26% 24.6M 19s
116050K .......... .......... .......... .......... .......... 26% 13.1M 19s
116100K .......... .......... .......... .......... .......... 26% 11.2M 19s
116150K .......... .......... .......... .......... .......... 26% 14.1M 19s
116200K .......... .......... .......... .......... .......... 26% 42.4M 19s
116250K .......... .......... .......... .......... .......... 26% 14.0M 19s
116300K .......... .......... .......... .......... .......... 26% 25.2M 19s
116350K .......... .......... .......... .......... .......... 26% 15.0M 19s
116400K .......... .......... .......... .......... .......... 26% 22.4M 19s
116450K .......... .......... .......... .......... .......... 26% 21.9M 19s
116500K .......... .......... .......... .......... .......... 26% 21.2M 19s
116550K .......... .......... .......... .......... .......... 26% 8.99M 19s
116600K .......... .......... .......... .......... .......... 26% 14.3M 19s
116650K .......... .......... .......... .......... .......... 26% 87.6M 19s
116700K .......... .......... .......... .......... .......... 26% 12.4M 19s
116750K .......... .......... .......... .......... .......... 26% 12.7M 19s
116800K .......... .......... .......... .......... .......... 26% 23.9M 19s
116850K .......... .......... .......... .......... .......... 26% 25.4M 19s
116900K .......... .......... .......... .......... .......... 26% 60.3M 19s
116950K .......... .......... .......... .......... .......... 26% 50.8M 19s
117000K .......... .......... .......... .......... .......... 26% 82.6M 19s
117050K .......... .......... .......... .......... .......... 26% 49.1M 19s
117100K .......... .......... .......... .......... .......... 26% 62.2M 19s
117150K .......... .......... .......... .......... .......... 26% 63.7M 19s
117200K .......... .......... .......... .......... .......... 26% 37.7M 19s
117250K .......... .......... .......... .......... .......... 26% 57.5M 19s
117300K .......... .......... .......... .......... .......... 26% 64.7M 18s
117350K .......... .......... .......... .......... .......... 26% 42.2M 18s
117400K .......... .......... .......... .......... .......... 26% 92.5M 18s
117450K .......... .......... .......... .......... .......... 26% 43.3M 18s
117500K .......... .......... .......... .......... .......... 26% 53.8M 18s
117550K .......... .......... .......... .......... .......... 26% 45.1M 18s
117600K .......... .......... .......... .......... .......... 26% 32.6M 18s
117650K .......... .......... .......... .......... .......... 26% 39.6M 18s
117700K .......... .......... .......... .......... .......... 26% 53.7M 18s
117750K .......... .......... .......... .......... .......... 26% 45.3M 18s
117800K .......... .......... .......... .......... .......... 26% 32.5M 18s
117850K .......... .......... .......... .......... .......... 26% 43.4M 18s
117900K .......... .......... .......... .......... .......... 27% 27.2M 18s
117950K .......... .......... .......... .......... .......... 27% 30.5M 18s
118000K .......... .......... .......... .......... .......... 27% 7.95M 18s
118050K .......... .......... .......... .......... .......... 27% 13.2M 18s
118100K .......... .......... .......... .......... .......... 27% 16.3M 18s
118150K .......... .......... .......... .......... .......... 27% 23.0M 18s
118200K .......... .......... .......... .......... .......... 27% 14.5M 18s
118250K .......... .......... .......... .......... .......... 27% 26.1M 18s
118300K .......... .......... .......... .......... .......... 27% 46.1M 18s
118350K .......... .......... .......... .......... .......... 27% 20.2M 18s
118400K .......... .......... .......... .......... .......... 27% 13.7M 18s
118450K .......... .......... .......... .......... .......... 27% 9.01M 18s
118500K .......... .......... .......... .......... .......... 27% 23.6M 18s
118550K .......... .......... .......... .......... .......... 27% 20.7M 18s
118600K .......... .......... .......... .......... .......... 27% 13.4M 18s
118650K .......... .......... .......... .......... .......... 27% 13.3M 18s
118700K .......... .......... .......... .......... .......... 27% 19.4M 18s
118750K .......... .......... .......... .......... .......... 27% 45.6M 18s
118800K .......... .......... .......... .......... .......... 27% 45.3M 18s
118850K .......... .......... .......... .......... .......... 27% 64.3M 18s
118900K .......... .......... .......... .......... .......... 27% 65.0M 18s
118950K .......... .......... .......... .......... .......... 27% 43.0M 18s
119000K .......... .......... .......... .......... .......... 27% 74.6M 18s
119050K .......... .......... .......... .......... .......... 27% 50.7M 18s
119100K .......... .......... .......... .......... .......... 27% 41.5M 18s
119150K .......... .......... .......... .......... .......... 27% 55.1M 18s
119200K .......... .......... .......... .......... .......... 27% 80.3M 18s
119250K .......... .......... .......... .......... .......... 27% 50.4M 18s
119300K .......... .......... .......... .......... .......... 27% 67.5M 18s
119350K .......... .......... .......... .......... .......... 27% 43.3M 18s
119400K .......... .......... .......... .......... .......... 27% 57.6M 18s
119450K .......... .......... .......... .......... .......... 27% 41.9M 18s
119500K .......... .......... .......... .......... .......... 27% 35.1M 18s
119550K .......... .......... .......... .......... .......... 27% 97.5M 18s
119600K .......... .......... .......... .......... .......... 27% 19.5M 18s
119650K .......... .......... .......... .......... .......... 27%  103M 18s
119700K .......... .......... .......... .......... .......... 27% 29.8M 18s
119750K .......... .......... .......... .......... .......... 27% 50.2M 18s
119800K .......... .......... .......... .......... .......... 27% 23.8M 18s
119850K .......... .......... .......... .......... .......... 27% 16.8M 18s
119900K .......... .......... .......... .......... .......... 27% 9.59M 18s
119950K .......... .......... .......... .......... .......... 27% 18.3M 18s
120000K .......... .......... .......... .......... .......... 27% 15.5M 18s
120050K .......... .......... .......... .......... .......... 27% 12.4M 18s
120100K .......... .......... .......... .......... .......... 27% 24.5M 18s
120150K .......... .......... .......... .......... .......... 27% 22.5M 18s
120200K .......... .......... .......... .......... .......... 27% 24.8M 18s
120250K .......... .......... .......... .......... .......... 27% 21.3M 18s
120300K .......... .......... .......... .......... .......... 27% 23.1M 18s
120350K .......... .......... .......... .......... .......... 27% 10.0M 18s
120400K .......... .......... .......... .......... .......... 27% 11.3M 18s
120450K .......... .......... .......... .......... .......... 27% 32.0M 18s
120500K .......... .......... .......... .......... .......... 27% 11.0M 18s
120550K .......... .......... .......... .......... .......... 27% 13.7M 18s
120600K .......... .......... .......... .......... .......... 27% 36.5M 18s
120650K .......... .......... .......... .......... .......... 27% 62.4M 18s
120700K .......... .......... .......... .......... .......... 27% 51.6M 18s
120750K .......... .......... .......... .......... .......... 27% 51.6M 18s
120800K .......... .......... .......... .......... .......... 27% 50.1M 18s
120850K .......... .......... .......... .......... .......... 27% 52.2M 18s
120900K .......... .......... .......... .......... .......... 27% 54.8M 18s
120950K .......... .......... .......... .......... .......... 27% 55.9M 18s
121000K .......... .......... .......... .......... .......... 27% 38.9M 18s
121050K .......... .......... .......... .......... .......... 27% 95.2M 18s
121100K .......... .......... .......... .......... .......... 27% 74.5M 18s
121150K .......... .......... .......... .......... .......... 27% 54.6M 18s
121200K .......... .......... .......... .......... .......... 27% 47.7M 18s
121250K .......... .......... .......... .......... .......... 27% 44.2M 18s
121300K .......... .......... .......... .......... .......... 27% 54.7M 18s
121350K .......... .......... .......... .......... .......... 27% 69.4M 18s
121400K .......... .......... .......... .......... .......... 27% 65.1M 18s
121450K .......... .......... .......... .......... .......... 27% 23.0M 18s
121500K .......... .......... .......... .......... .......... 27% 43.6M 18s
121550K .......... .......... .......... .......... .......... 27% 96.4M 18s
121600K .......... .......... .......... .......... .......... 27% 23.8M 18s
121650K .......... .......... .......... .......... .......... 27% 37.5M 18s
121700K .......... .......... .......... .......... .......... 27% 19.4M 18s
121750K .......... .......... .......... .......... .......... 27% 35.4M 18s
121800K .......... .......... .......... .......... .......... 27% 9.46M 18s
121850K .......... .......... .......... .......... .......... 27% 11.4M 18s
121900K .......... .......... .......... .......... .......... 27% 62.0M 18s
121950K .......... .......... .......... .......... .......... 27% 7.81M 18s
122000K .......... .......... .......... .......... .......... 27% 17.0M 18s
122050K .......... .......... .......... .......... .......... 27% 67.8M 18s
122100K .......... .......... .......... .......... .......... 27% 22.9M 18s
122150K .......... .......... .......... .......... .......... 27% 13.9M 18s
122200K .......... .......... .......... .......... .......... 27% 24.2M 18s
122250K .......... .......... .......... .......... .......... 28% 14.5M 18s
122300K .......... .......... .......... .......... .......... 28% 20.5M 18s
122350K .......... .......... .......... .......... .......... 28% 16.7M 18s
122400K .......... .......... .......... .......... .......... 28% 8.96M 18s
122450K .......... .......... .......... .......... .......... 28% 22.0M 18s
122500K .......... .......... .......... .......... .......... 28% 51.1M 18s
122550K .......... .......... .......... .......... .......... 28% 42.5M 18s
122600K .......... .......... .......... .......... .......... 28% 53.9M 18s
122650K .......... .......... .......... .......... .......... 28% 57.4M 18s
122700K .......... .......... .......... .......... .......... 28% 53.9M 18s
122750K .......... .......... .......... .......... .......... 28% 67.7M 18s
122800K .......... .......... .......... .......... .......... 28% 34.8M 18s
122850K .......... .......... .......... .......... .......... 28% 36.3M 18s
122900K .......... .......... .......... .......... .......... 28% 67.5M 18s
122950K .......... .......... .......... .......... .......... 28% 54.8M 18s
123000K .......... .......... .......... .......... .......... 28%  112M 18s
123050K .......... .......... .......... .......... .......... 28% 59.8M 18s
123100K .......... .......... .......... .......... .......... 28% 57.4M 18s
123150K .......... .......... .......... .......... .......... 28% 28.2M 18s
123200K .......... .......... .......... .......... .......... 28% 46.2M 18s
123250K .......... .......... .......... .......... .......... 28% 78.1M 18s
123300K .......... .......... .......... .......... .......... 28% 24.6M 18s
123350K .......... .......... .......... .......... .......... 28% 62.0M 18s
123400K .......... .......... .......... .......... .......... 28% 42.5M 18s
123450K .......... .......... .......... .......... .......... 28% 31.2M 18s
123500K .......... .......... .......... .......... .......... 28% 87.2M 18s
123550K .......... .......... .......... .......... .......... 28% 32.0M 18s
123600K .......... .......... .......... .......... .......... 28% 19.0M 18s
123650K .......... .......... .......... .......... .......... 28% 19.9M 18s
123700K .......... .......... .......... .......... .......... 28% 12.4M 18s
123750K .......... .......... .......... .......... .......... 28% 11.1M 18s
123800K .......... .......... .......... .......... .......... 28% 53.4M 18s
123850K .......... .......... .......... .......... .......... 28% 6.95M 18s
123900K .......... .......... .......... .......... .......... 28% 20.5M 18s
123950K .......... .......... .......... .......... .......... 28% 72.3M 18s
124000K .......... .......... .......... .......... .......... 28% 21.3M 18s
124050K .......... .......... .......... .......... .......... 28% 12.8M 18s
124100K .......... .......... .......... .......... .......... 28% 32.1M 18s
124150K .......... .......... .......... .......... .......... 28% 11.8M 18s
124200K .......... .......... .......... .......... .......... 28% 15.1M 18s
124250K .......... .......... .......... .......... .......... 28% 18.4M 18s
124300K .......... .......... .......... .......... .......... 28% 9.95M 18s
124350K .......... .......... .......... .......... .......... 28% 19.3M 18s
124400K .......... .......... .......... .......... .......... 28% 30.4M 18s
124450K .......... .......... .......... .......... .......... 28% 51.7M 18s
124500K .......... .......... .......... .......... .......... 28% 42.8M 18s
124550K .......... .......... .......... .......... .......... 28% 43.0M 18s
124600K .......... .......... .......... .......... .......... 28% 59.0M 18s
124650K .......... .......... .......... .......... .......... 28% 50.5M 18s
124700K .......... .......... .......... .......... .......... 28%  114M 18s
124750K .......... .......... .......... .......... .......... 28% 57.5M 18s
124800K .......... .......... .......... .......... .......... 28% 28.1M 18s
124850K .......... .......... .......... .......... .......... 28%  113M 18s
124900K .......... .......... .......... .......... .......... 28% 56.4M 18s
124950K .......... .......... .......... .......... .......... 28% 77.3M 18s
125000K .......... .......... .......... .......... .......... 28% 73.5M 18s
125050K .......... .......... .......... .......... .......... 28% 24.3M 18s
125100K .......... .......... .......... .......... .......... 28% 85.0M 18s
125150K .......... .......... .......... .......... .......... 28% 91.9M 18s
125200K .......... .......... .......... .......... .......... 28% 20.9M 18s
125250K .......... .......... .......... .......... .......... 28% 38.3M 18s
125300K .......... .......... .......... .......... .......... 28% 62.9M 18s
125350K .......... .......... .......... .......... .......... 28% 29.4M 18s
125400K .......... .......... .......... .......... .......... 28% 33.0M 18s
125450K .......... .......... .......... .......... .......... 28%  101M 18s
125500K .......... .......... .......... .......... .......... 28% 19.4M 18s
125550K .......... .......... .......... .......... .......... 28% 46.6M 18s
125600K .......... .......... .......... .......... .......... 28% 9.46M 18s
125650K .......... .......... .......... .......... .......... 28% 9.83M 18s
125700K .......... .......... .......... .......... .......... 28% 30.2M 18s
125750K .......... .......... .......... .......... .......... 28% 8.53M 18s
125800K .......... .......... .......... .......... .......... 28% 16.6M 18s
125850K .......... .......... .......... .......... .......... 28% 31.6M 18s
125900K .......... .......... .......... .......... .......... 28% 47.9M 18s
125950K .......... .......... .......... .......... .......... 28% 14.4M 18s
126000K .......... .......... .......... .......... .......... 28% 21.7M 18s
126050K .......... .......... .......... .......... .......... 28% 9.39M 18s
126100K .......... .......... .......... .......... .......... 28% 27.9M 18s
126150K .......... .......... .......... .......... .......... 28% 19.7M 18s
126200K .......... .......... .......... .......... .......... 28% 7.47M 18s
126250K .......... .......... .......... .......... .......... 28% 25.0M 18s
126300K .......... .......... .......... .......... .......... 28% 80.5M 18s
126350K .......... .......... .......... .......... .......... 28% 31.1M 18s
126400K .......... .......... .......... .......... .......... 28% 57.0M 18s
126450K .......... .......... .......... .......... .......... 28% 44.0M 18s
126500K .......... .......... .......... .......... .......... 28% 50.6M 18s
126550K .......... .......... .......... .......... .......... 28% 64.4M 18s
126600K .......... .......... .......... .......... .......... 28% 93.1M 18s
126650K .......... .......... .......... .......... .......... 29% 34.3M 18s
126700K .......... .......... .......... .......... .......... 29% 49.0M 17s
126750K .......... .......... .......... .......... .......... 29% 91.2M 17s
126800K .......... .......... .......... .......... .......... 29% 48.2M 17s
126850K .......... .......... .......... .......... .......... 29% 62.1M 17s
126900K .......... .......... .......... .......... .......... 29% 39.5M 17s
126950K .......... .......... .......... .......... .......... 29% 59.5M 17s
127000K .......... .......... .......... .......... .......... 29% 68.1M 17s
127050K .......... .......... .......... .......... .......... 29%  113M 17s
127100K .......... .......... .......... .......... .......... 29% 21.2M 17s
127150K .......... .......... .......... .......... .......... 29% 50.3M 17s
127200K .......... .......... .......... .......... .......... 29% 36.3M 17s
127250K .......... .......... .......... .......... .......... 29% 28.5M 17s
127300K .......... .......... .......... .......... .......... 29% 33.3M 17s
127350K .......... .......... .......... .......... .......... 29% 40.2M 17s
127400K .......... .......... .......... .......... .......... 29% 15.4M 17s
127450K .......... .......... .......... .......... .......... 29% 30.6M 17s
127500K .......... .......... .......... .......... .......... 29% 13.2M 17s
127550K .......... .......... .......... .......... .......... 29% 9.80M 17s
127600K .......... .......... .......... .......... .......... 29% 16.6M 17s
127650K .......... .......... .......... .......... .......... 29% 14.1M 17s
127700K .......... .......... .......... .......... .......... 29% 15.0M 17s
127750K .......... .......... .......... .......... .......... 29% 30.3M 17s
127800K .......... .......... .......... .......... .......... 29% 83.0M 17s
127850K .......... .......... .......... .......... .......... 29% 12.6M 17s
127900K .......... .......... .......... .......... .......... 29% 18.2M 17s
127950K .......... .......... .......... .......... .......... 29% 20.8M 17s
128000K .......... .......... .......... .......... .......... 29% 11.4M 17s
128050K .......... .......... .......... .......... .......... 29% 13.4M 17s
128100K .......... .......... .......... .......... .......... 29% 19.1M 17s
128150K .......... .......... .......... .......... .......... 29% 15.2M 17s
128200K .......... .......... .......... .......... .......... 29% 46.6M 17s
128250K .......... .......... .......... .......... .......... 29% 34.0M 17s
128300K .......... .......... .......... .......... .......... 29% 65.0M 17s
128350K .......... .......... .......... .......... .......... 29%  107M 17s
128400K .......... .......... .......... .......... .......... 29% 28.9M 17s
128450K .......... .......... .......... .......... .......... 29% 64.5M 17s
128500K .......... .......... .......... .......... .......... 29% 44.8M 17s
128550K .......... .......... .......... .......... .......... 29% 33.9M 17s
128600K .......... .......... .......... .......... .......... 29% 87.7M 17s
128650K .......... .......... .......... .......... .......... 29% 80.2M 17s
128700K .......... .......... .......... .......... .......... 29% 66.7M 17s
128750K .......... .......... .......... .......... .......... 29% 63.5M 17s
128800K .......... .......... .......... .......... .......... 29% 28.2M 17s
128850K .......... .......... .......... .......... .......... 29% 62.7M 17s
128900K .......... .......... .......... .......... .......... 29%  111M 17s
128950K .......... .......... .......... .......... .......... 29% 37.0M 17s
129000K .......... .......... .......... .......... .......... 29% 29.8M 17s
129050K .......... .......... .......... .......... .......... 29% 84.0M 17s
129100K .......... .......... .......... .......... .......... 29% 50.4M 17s
129150K .......... .......... .......... .......... .......... 29%  114M 17s
129200K .......... .......... .......... .......... .......... 29% 13.2M 17s
129250K .......... .......... .......... .......... .......... 29%  105M 17s
129300K .......... .......... .......... .......... .......... 29% 20.2M 17s
129350K .......... .......... .......... .......... .......... 29% 24.9M 17s
129400K .......... .......... .......... .......... .......... 29% 9.97M 17s
129450K .......... .......... .......... .......... .......... 29% 11.4M 17s
129500K .......... .......... .......... .......... .......... 29% 22.0M 17s
129550K .......... .......... .......... .......... .......... 29% 11.9M 17s
129600K .......... .......... .......... .......... .......... 29% 15.0M 17s
129650K .......... .......... .......... .......... .......... 29% 24.3M 17s
129700K .......... .......... .......... .......... .......... 29% 65.1M 17s
129750K .......... .......... .......... .......... .......... 29% 12.5M 17s
129800K .......... .......... .......... .......... .......... 29% 18.5M 17s
129850K .......... .......... .......... .......... .......... 29% 13.0M 17s
129900K .......... .......... .......... .......... .......... 29% 25.3M 17s
129950K .......... .......... .......... .......... .......... 29% 11.4M 17s
130000K .......... .......... .......... .......... .......... 29% 10.6M 17s
130050K .......... .......... .......... .......... .......... 29% 46.7M 17s
130100K .......... .......... .......... .......... .......... 29% 37.9M 17s
130150K .......... .......... .......... .......... .......... 29% 51.2M 17s
130200K .......... .......... .......... .......... .......... 29%  102M 17s
130250K .......... .......... .......... .......... .......... 29% 44.4M 17s
130300K .......... .......... .......... .......... .......... 29% 37.8M 17s
130350K .......... .......... .......... .......... .......... 29% 84.1M 17s
130400K .......... .......... .......... .......... .......... 29% 50.9M 17s
130450K .......... .......... .......... .......... .......... 29% 33.0M 17s
130500K .......... .......... .......... .......... .......... 29% 79.8M 17s
130550K .......... .......... .......... .......... .......... 29% 84.9M 17s
130600K .......... .......... .......... .......... .......... 29% 49.3M 17s
130650K .......... .......... .......... .......... .......... 29% 84.5M 17s
130700K .......... .......... .......... .......... .......... 29% 29.9M 17s
130750K .......... .......... .......... .......... .......... 29% 74.6M 17s
130800K .......... .......... .......... .......... .......... 29% 83.1M 17s
130850K .......... .......... .......... .......... .......... 29% 42.6M 17s
130900K .......... .......... .......... .......... .......... 29% 28.9M 17s
130950K .......... .......... .......... .......... .......... 29% 65.5M 17s
131000K .......... .......... .......... .......... .......... 30% 65.5M 17s
131050K .......... .......... .......... .......... .......... 30% 19.1M 17s
131100K .......... .......... .......... .......... .......... 30% 43.9M 17s
131150K .......... .......... .......... .......... .......... 30% 29.6M 17s
131200K .......... .......... .......... .......... .......... 30% 14.6M 17s
131250K .......... .......... .......... .......... .......... 30% 69.9M 17s
131300K .......... .......... .......... .......... .......... 30% 6.58M 17s
131350K .......... .......... .......... .......... .......... 30% 17.0M 17s
131400K .......... .......... .......... .......... .......... 30% 27.0M 17s
131450K .......... .......... .......... .......... .......... 30% 12.8M 17s
131500K .......... .......... .......... .......... .......... 30% 23.1M 17s
131550K .......... .......... .......... .......... .......... 30% 19.1M 17s
131600K .......... .......... .......... .......... .......... 30% 17.9M 17s
131650K .......... .......... .......... .......... .......... 30% 18.2M 17s
131700K .......... .......... .......... .......... .......... 30% 14.7M 17s
131750K .......... .......... .......... .......... .......... 30% 18.5M 17s
131800K .......... .......... .......... .......... .......... 30% 26.6M 17s
131850K .......... .......... .......... .......... .......... 30% 8.95M 17s
131900K .......... .......... .......... .......... .......... 30% 27.2M 17s
131950K .......... .......... .......... .......... .......... 30% 12.5M 17s
132000K .......... .......... .......... .......... .......... 30% 30.7M 17s
132050K .......... .......... .......... .......... .......... 30% 64.2M 17s
132100K .......... .......... .......... .......... .......... 30% 51.8M 17s
132150K .......... .......... .......... .......... .......... 30% 85.4M 17s
132200K .......... .......... .......... .......... .......... 30% 36.5M 17s
132250K .......... .......... .......... .......... .......... 30% 59.8M 17s
132300K .......... .......... .......... .......... .......... 30% 91.2M 17s
132350K .......... .......... .......... .......... .......... 30% 39.0M 17s
132400K .......... .......... .......... .......... .......... 30% 49.9M 17s
132450K .......... .......... .......... .......... .......... 30% 87.0M 17s
132500K .......... .......... .......... .......... .......... 30% 36.4M 17s
132550K .......... .......... .......... .......... .......... 30% 64.2M 17s
132600K .......... .......... .......... .......... .......... 30% 34.8M 17s
132650K .......... .......... .......... .......... .......... 30% 74.2M 17s
132700K .......... .......... .......... .......... .......... 30% 44.8M 17s
132750K .......... .......... .......... .......... .......... 30%  107M 17s
132800K .......... .......... .......... .......... .......... 30% 27.0M 17s
132850K .......... .......... .......... .......... .......... 30% 43.7M 17s
132900K .......... .......... .......... .......... .......... 30%  112M 17s
132950K .......... .......... .......... .......... .......... 30% 17.9M 17s
133000K .......... .......... .......... .......... .......... 30% 58.3M 17s
133050K .......... .......... .......... .......... .......... 30% 24.9M 17s
133100K .......... .......... .......... .......... .......... 30% 13.0M 17s
133150K .......... .......... .......... .......... .......... 30%  108M 17s
133200K .......... .......... .......... .......... .......... 30% 7.16M 17s
133250K .......... .......... .......... .......... .......... 30% 12.5M 17s
133300K .......... .......... .......... .......... .......... 30% 47.9M 17s
133350K .......... .......... .......... .......... .......... 30% 8.77M 17s
133400K .......... .......... .......... .......... .......... 30% 23.3M 17s
133450K .......... .......... .......... .......... .......... 30% 42.0M 17s
133500K .......... .......... .......... .......... .......... 30% 38.9M 17s
133550K .......... .......... .......... .......... .......... 30% 14.8M 17s
133600K .......... .......... .......... .......... .......... 30% 12.1M 17s
133650K .......... .......... .......... .......... .......... 30% 18.4M 17s
133700K .......... .......... .......... .......... .......... 30% 14.1M 17s
133750K .......... .......... .......... .......... .......... 30% 15.2M 17s
133800K .......... .......... .......... .......... .......... 30% 14.7M 17s
133850K .......... .......... .......... .......... .......... 30% 26.4M 17s
133900K .......... .......... .......... .......... .......... 30%  106M 17s
133950K .......... .......... .......... .......... .......... 30% 45.3M 17s
134000K .......... .......... .......... .......... .......... 30% 43.6M 17s
134050K .......... .......... .......... .......... .......... 30% 38.5M 17s
134100K .......... .......... .......... .......... .......... 30% 38.1M 17s
134150K .......... .......... .......... .......... .......... 30% 76.5M 17s
134200K .......... .......... .......... .......... .......... 30% 44.0M 17s
134250K .......... .......... .......... .......... .......... 30% 41.8M 17s
134300K .......... .......... .......... .......... .......... 30%  109M 17s
134350K .......... .......... .......... .......... .......... 30%  113M 17s
134400K .......... .......... .......... .......... .......... 30% 33.8M 17s
134450K .......... .......... .......... .......... .......... 30% 95.1M 17s
134500K .......... .......... .......... .......... .......... 30% 28.5M 17s
134550K .......... .......... .......... .......... .......... 30% 83.7M 17s
134600K .......... .......... .......... .......... .......... 30% 51.6M 17s
134650K .......... .......... .......... .......... .......... 30% 97.0M 17s
134700K .......... .......... .......... .......... .......... 30% 26.7M 17s
134750K .......... .......... .......... .......... .......... 30% 49.5M 17s
134800K .......... .......... .......... .......... .......... 30% 26.8M 17s
134850K .......... .......... .......... .......... .......... 30% 28.5M 17s
134900K .......... .......... .......... .......... .......... 30% 53.0M 17s
134950K .......... .......... .......... .......... .......... 30% 24.6M 17s
135000K .......... .......... .......... .......... .......... 30% 15.8M 17s
135050K .......... .......... .......... .......... .......... 30% 38.1M 17s
135100K .......... .......... .......... .......... .......... 30% 12.5M 17s
135150K .......... .......... .......... .......... .......... 30% 7.66M 17s
135200K .......... .......... .......... .......... .......... 30% 18.0M 17s
135250K .......... .......... .......... .......... .......... 30% 12.1M 17s
135300K .......... .......... .......... .......... .......... 30% 20.1M 17s
135350K .......... .......... .......... .......... .......... 31% 63.5M 17s
135400K .......... .......... .......... .......... .......... 31% 15.8M 17s
135450K .......... .......... .......... .......... .......... 31% 31.4M 17s
135500K .......... .......... .......... .......... .......... 31% 10.8M 17s
135550K .......... .......... .......... .......... .......... 31% 20.4M 17s
135600K .......... .......... .......... .......... .......... 31% 8.85M 17s
135650K .......... .......... .......... .......... .......... 31% 18.1M 17s
135700K .......... .......... .......... .......... .......... 31% 16.8M 17s
135750K .......... .......... .......... .......... .......... 31% 42.7M 17s
135800K .......... .......... .......... .......... .......... 31% 52.4M 17s
135850K .......... .......... .......... .......... .......... 31%  105M 17s
135900K .......... .......... .......... .......... .......... 31% 44.7M 17s
135950K .......... .......... .......... .......... .......... 31% 32.2M 17s
136000K .......... .......... .......... .......... .......... 31% 63.5M 17s
136050K .......... .......... .......... .......... .......... 31% 67.4M 17s
136100K .......... .......... .......... .......... .......... 31% 55.7M 17s
136150K .......... .......... .......... .......... .......... 31% 43.9M 17s
136200K .......... .......... .......... .......... .......... 31%  113M 17s
136250K .......... .......... .......... .......... .......... 31% 32.4M 17s
136300K .......... .......... .......... .......... .......... 31% 45.8M 17s
136350K .......... .......... .......... .......... .......... 31% 26.2M 17s
136400K .......... .......... .......... .......... .......... 31% 41.8M 17s
136450K .......... .......... .......... .......... .......... 31% 86.5M 17s
136500K .......... .......... .......... .......... .......... 31% 39.6M 17s
136550K .......... .......... .......... .......... .......... 31% 30.1M 17s
136600K .......... .......... .......... .......... .......... 31%  110M 17s
136650K .......... .......... .......... .......... .......... 31% 41.6M 17s
136700K .......... .......... .......... .......... .......... 31% 31.7M 17s
136750K .......... .......... .......... .......... .......... 31% 20.1M 17s
136800K .......... .......... .......... .......... .......... 31% 81.5M 16s
136850K .......... .......... .......... .......... .......... 31% 24.0M 16s
136900K .......... .......... .......... .......... .......... 31% 16.3M 16s
136950K .......... .......... .......... .......... .......... 31% 84.9M 16s
137000K .......... .......... .......... .......... .......... 31% 7.35M 16s
137050K .......... .......... .......... .......... .......... 31% 11.8M 16s
137100K .......... .......... .......... .......... .......... 31% 23.6M 16s
137150K .......... .......... .......... .......... .......... 31% 12.2M 16s
137200K .......... .......... .......... .......... .......... 31% 17.4M 16s
137250K .......... .......... .......... .......... .......... 31% 29.5M 16s
137300K .......... .......... .......... .......... .......... 31% 27.1M 16s
137350K .......... .......... .......... .......... .......... 31% 14.2M 16s
137400K .......... .......... .......... .......... .......... 31% 20.8M 16s
137450K .......... .......... .......... .......... .......... 31% 20.0M 16s
137500K .......... .......... .......... .......... .......... 31% 9.20M 16s
137550K .......... .......... .......... .......... .......... 31% 21.9M 16s
137600K .......... .......... .......... .......... .......... 31% 11.6M 16s
137650K .......... .......... .......... .......... .......... 31% 48.8M 16s
137700K .......... .......... .......... .......... .......... 31% 67.5M 16s
137750K .......... .......... .......... .......... .......... 31% 59.7M 16s
137800K .......... .......... .......... .......... .......... 31% 36.2M 16s
137850K .......... .......... .......... .......... .......... 31% 42.4M 16s
137900K .......... .......... .......... .......... .......... 31% 86.1M 16s
137950K .......... .......... .......... .......... .......... 31% 92.3M 16s
138000K .......... .......... .......... .......... .......... 31% 27.5M 16s
138050K .......... .......... .......... .......... .......... 31%  112M 16s
138100K .......... .......... .......... .......... .......... 31%  113M 16s
138150K .......... .......... .......... .......... .......... 31% 59.4M 16s
138200K .......... .......... .......... .......... .......... 31% 48.9M 16s
138250K .......... .......... .......... .......... .......... 31% 37.4M 16s
138300K .......... .......... .......... .......... .......... 31% 51.3M 16s
138350K .......... .......... .......... .......... .......... 31% 61.5M 16s
138400K .......... .......... .......... .......... .......... 31% 23.9M 16s
138450K .......... .......... .......... .......... .......... 31% 86.7M 16s
138500K .......... .......... .......... .......... .......... 31% 60.9M 16s
138550K .......... .......... .......... .......... .......... 31% 81.4M 16s
138600K .......... .......... .......... .......... .......... 31% 16.6M 16s
138650K .......... .......... .......... .......... .......... 31% 49.6M 16s
138700K .......... .......... .......... .......... .......... 31% 84.4M 16s
138750K .......... .......... .......... .......... .......... 31% 28.9M 16s
138800K .......... .......... .......... .......... .......... 31% 13.8M 16s
138850K .......... .......... .......... .......... .......... 31% 34.5M 16s
138900K .......... .......... .......... .......... .......... 31% 11.0M 16s
138950K .......... .......... .......... .......... .......... 31% 11.4M 16s
139000K .......... .......... .......... .......... .......... 31% 14.3M 16s
139050K .......... .......... .......... .......... .......... 31% 11.9M 16s
139100K .......... .......... .......... .......... .......... 31% 46.2M 16s
139150K .......... .......... .......... .......... .......... 31% 56.3M 16s
139200K .......... .......... .......... .......... .......... 31% 13.1M 16s
139250K .......... .......... .......... .......... .......... 31% 15.5M 16s
139300K .......... .......... .......... .......... .......... 31% 19.0M 16s
139350K .......... .......... .......... .......... .......... 31% 16.0M 16s
139400K .......... .......... .......... .......... .......... 31% 8.25M 16s
139450K .......... .......... .......... .......... .......... 31% 51.6M 16s
139500K .......... .......... .......... .......... .......... 31% 14.3M 16s
139550K .......... .......... .......... .......... .......... 31% 41.6M 16s
139600K .......... .......... .......... .......... .......... 31% 50.6M 16s
139650K .......... .......... .......... .......... .......... 31% 53.2M 16s
139700K .......... .......... .......... .......... .......... 31% 40.1M 16s
139750K .......... .......... .......... .......... .......... 32% 41.5M 16s
139800K .......... .......... .......... .......... .......... 32% 71.5M 16s
139850K .......... .......... .......... .......... .......... 32% 62.5M 16s
139900K .......... .......... .......... .......... .......... 32% 65.4M 16s
139950K .......... .......... .......... .......... .......... 32% 83.7M 16s
140000K .......... .......... .......... .......... .......... 32% 36.3M 16s
140050K .......... .......... .......... .......... .......... 32% 55.2M 16s
140100K .......... .......... .......... .......... .......... 32% 30.9M 16s
140150K .......... .......... .......... .......... .......... 32% 32.0M 16s
140200K .......... .......... .......... .......... .......... 32% 51.7M 16s
140250K .......... .......... .......... .......... .......... 32% 85.3M 16s
140300K .......... .......... .......... .......... .......... 32% 27.7M 16s
140350K .......... .......... .......... .......... .......... 32% 65.5M 16s
140400K .......... .......... .......... .......... .......... 32% 46.3M 16s
140450K .......... .......... .......... .......... .......... 32% 36.8M 16s
140500K .......... .......... .......... .......... .......... 32% 17.6M 16s
140550K .......... .......... .......... .......... .......... 32% 47.3M 16s
140600K .......... .......... .......... .......... .......... 32% 26.4M 16s
140650K .......... .......... .......... .......... .......... 32% 42.6M 16s
140700K .......... .......... .......... .......... .......... 32% 25.4M 16s
140750K .......... .......... .......... .......... .......... 32% 18.3M 16s
140800K .......... .......... .......... .......... .......... 32% 9.21M 16s
140850K .......... .......... .......... .......... .......... 32% 10.5M 16s
140900K .......... .......... .......... .......... .......... 32% 19.4M 16s
140950K .......... .......... .......... .......... .......... 32% 12.6M 16s
141000K .......... .......... .......... .......... .......... 32% 47.3M 16s
141050K .......... .......... .......... .......... .......... 32% 41.1M 16s
141100K .......... .......... .......... .......... .......... 32% 17.1M 16s
141150K .......... .......... .......... .......... .......... 32% 10.2M 16s
141200K .......... .......... .......... .......... .......... 32% 28.5M 16s
141250K .......... .......... .......... .......... .......... 32% 10.0M 16s
141300K .......... .......... .......... .......... .......... 32% 11.1M 16s
141350K .......... .......... .......... .......... .......... 32% 34.6M 16s
141400K .......... .......... .......... .......... .......... 32% 14.5M 16s
141450K .......... .......... .......... .......... .......... 32% 51.3M 16s
141500K .......... .......... .......... .......... .......... 32% 50.8M 16s
141550K .......... .......... .......... .......... .......... 32% 42.5M 16s
141600K .......... .......... .......... .......... .......... 32% 41.9M 16s
141650K .......... .......... .......... .......... .......... 32% 23.2M 16s
141700K .......... .......... .......... .......... .......... 32% 58.1M 16s
141750K .......... .......... .......... .......... .......... 32% 49.2M 16s
141800K .......... .......... .......... .......... .......... 32%  107M 16s
141850K .......... .......... .......... .......... .......... 32% 84.6M 16s
141900K .......... .......... .......... .......... .......... 32% 56.4M 16s
141950K .......... .......... .......... .......... .......... 32% 81.4M 16s
142000K .......... .......... .......... .......... .......... 32% 31.5M 16s
142050K .......... .......... .......... .......... .......... 32% 53.7M 16s
142100K .......... .......... .......... .......... .......... 32% 51.8M 16s
142150K .......... .......... .......... .......... .......... 32% 45.3M 16s
142200K .......... .......... .......... .......... .......... 32% 26.3M 16s
142250K .......... .......... .......... .......... .......... 32%  112M 16s
142300K .......... .......... .......... .......... .......... 32% 53.2M 16s
142350K .......... .......... .......... .......... .......... 32% 15.7M 16s
142400K .......... .......... .......... .......... .......... 32% 43.5M 16s
142450K .......... .......... .......... .......... .......... 32% 35.2M 16s
142500K .......... .......... .......... .......... .......... 32% 73.5M 16s
142550K .......... .......... .......... .......... .......... 32% 25.0M 16s
142600K .......... .......... .......... .......... .......... 32% 19.6M 16s
142650K .......... .......... .......... .......... .......... 32% 41.4M 16s
142700K .......... .......... .......... .......... .......... 32% 20.7M 16s
142750K .......... .......... .......... .......... .......... 32% 6.93M 16s
142800K .......... .......... .......... .......... .......... 32% 17.3M 16s
142850K .......... .......... .......... .......... .......... 32% 11.1M 16s
142900K .......... .......... .......... .......... .......... 32% 34.9M 16s
142950K .......... .......... .......... .......... .......... 32%  103M 16s
143000K .......... .......... .......... .......... .......... 32% 15.3M 16s
143050K .......... .......... .......... .......... .......... 32% 10.6M 16s
143100K .......... .......... .......... .......... .......... 32% 28.7M 16s
143150K .......... .......... .......... .......... .......... 32% 19.8M 16s
143200K .......... .......... .......... .......... .......... 32% 8.14M 16s
143250K .......... .......... .......... .......... .......... 32% 46.4M 16s
143300K .......... .......... .......... .......... .......... 32% 14.3M 16s
143350K .......... .......... .......... .......... .......... 32% 47.2M 16s
143400K .......... .......... .......... .......... .......... 32% 63.7M 16s
143450K .......... .......... .......... .......... .......... 32% 36.4M 16s
143500K .......... .......... .......... .......... .......... 32% 85.2M 16s
143550K .......... .......... .......... .......... .......... 32% 37.5M 16s
143600K .......... .......... .......... .......... .......... 32% 19.1M 16s
143650K .......... .......... .......... .......... .......... 32%  100M 16s
143700K .......... .......... .......... .......... .......... 32% 52.3M 16s
143750K .......... .......... .......... .......... .......... 32%  108M 16s
143800K .......... .......... .......... .......... .......... 32% 63.8M 16s
143850K .......... .......... .......... .......... .......... 32%  100M 16s
143900K .......... .......... .......... .......... .......... 32% 45.3M 16s
143950K .......... .......... .......... .......... .......... 32% 26.7M 16s
144000K .......... .......... .......... .......... .......... 32% 40.5M 16s
144050K .......... .......... .......... .......... .......... 32% 64.9M 16s
144100K .......... .......... .......... .......... .......... 33% 22.3M 16s
144150K .......... .......... .......... .......... .......... 33% 60.9M 16s
144200K .......... .......... .......... .......... .......... 33% 39.6M 16s
144250K .......... .......... .......... .......... .......... 33% 22.5M 16s
144300K .......... .......... .......... .......... .......... 33% 51.4M 16s
144350K .......... .......... .......... .......... .......... 33% 42.0M 16s
144400K .......... .......... .......... .......... .......... 33% 30.4M 16s
144450K .......... .......... .......... .......... .......... 33% 30.7M 16s
144500K .......... .......... .......... .......... .......... 33% 17.2M 16s
144550K .......... .......... .......... .......... .......... 33% 20.0M 16s
144600K .......... .......... .......... .......... .......... 33%  112M 16s
144650K .......... .......... .......... .......... .......... 33% 6.92M 16s
144700K .......... .......... .......... .......... .......... 33% 18.7M 16s
144750K .......... .......... .......... .......... .......... 33% 11.0M 16s
144800K .......... .......... .......... .......... .......... 33% 29.6M 16s
144850K .......... .......... .......... .......... .......... 33% 19.2M 16s
144900K .......... .......... .......... .......... .......... 33% 31.7M 16s
144950K .......... .......... .......... .......... .......... 33% 9.37M 16s
145000K .......... .......... .......... .......... .......... 33% 31.8M 16s
145050K .......... .......... .......... .......... .......... 33% 11.7M 16s
145100K .......... .......... .......... .......... .......... 33% 9.70M 16s
145150K .......... .......... .......... .......... .......... 33% 19.5M 16s
145200K .......... .......... .......... .......... .......... 33% 21.4M 16s
145250K .......... .......... .......... .......... .......... 33% 45.3M 16s
145300K .......... .......... .......... .......... .......... 33% 64.7M 16s
145350K .......... .......... .......... .......... .......... 33% 33.0M 16s
145400K .......... .......... .......... .......... .......... 33% 98.2M 16s
145450K .......... .......... .......... .......... .......... 33% 47.5M 16s
145500K .......... .......... .......... .......... .......... 33% 36.9M 16s
145550K .......... .......... .......... .......... .......... 33% 51.5M 16s
145600K .......... .......... .......... .......... .......... 33% 62.6M 16s
145650K .......... .......... .......... .......... .......... 33% 42.7M 16s
145700K .......... .......... .......... .......... .......... 33%  113M 16s
145750K .......... .......... .......... .......... .......... 33% 56.7M 16s
145800K .......... .......... .......... .......... .......... 33% 59.2M 16s
145850K .......... .......... .......... .......... .......... 33% 38.1M 16s
145900K .......... .......... .......... .......... .......... 33% 47.3M 16s
145950K .......... .......... .......... .......... .......... 33% 74.5M 16s
146000K .......... .......... .......... .......... .......... 33% 20.2M 16s
146050K .......... .......... .......... .......... .......... 33% 45.3M 16s
146100K .......... .......... .......... .......... .......... 33% 20.0M 16s
146150K .......... .......... .......... .......... .......... 33% 98.6M 16s
146200K .......... .......... .......... .......... .......... 33% 43.9M 16s
146250K .......... .......... .......... .......... .......... 33% 37.8M 16s
146300K .......... .......... .......... .......... .......... 33% 35.5M 16s
146350K .......... .......... .......... .......... .......... 33% 45.3M 16s
146400K .......... .......... .......... .......... .......... 33% 13.2M 16s
146450K .......... .......... .......... .......... .......... 33% 22.9M 16s
146500K .......... .......... .......... .......... .......... 33% 23.2M 16s
146550K .......... .......... .......... .......... .......... 33% 9.23M 16s
146600K .......... .......... .......... .......... .......... 33% 11.4M 16s
146650K .......... .......... .......... .......... .......... 33% 14.5M 16s
146700K .......... .......... .......... .......... .......... 33%  103M 16s
146750K .......... .......... .......... .......... .......... 33% 17.6M 16s
146800K .......... .......... .......... .......... .......... 33% 25.3M 16s
146850K .......... .......... .......... .......... .......... 33% 9.63M 16s
146900K .......... .......... .......... .......... .......... 33% 21.7M 16s
146950K .......... .......... .......... .......... .......... 33% 10.5M 16s
147000K .......... .......... .......... .......... .......... 33% 12.8M 16s
147050K .......... .......... .......... .......... .......... 33% 16.2M 16s
147100K .......... .......... .......... .......... .......... 33% 34.4M 16s
147150K .......... .......... .......... .......... .......... 33% 54.1M 16s
147200K .......... .......... .......... .......... .......... 33% 59.5M 16s
147250K .......... .......... .......... .......... .......... 33% 55.3M 16s
147300K .......... .......... .......... .......... .......... 33% 42.5M 16s
147350K .......... .......... .......... .......... .......... 33% 42.6M 16s
147400K .......... .......... .......... .......... .......... 33% 59.6M 16s
147450K .......... .......... .......... .......... .......... 33% 50.8M 16s
147500K .......... .......... .......... .......... .......... 33%  115M 16s
147550K .......... .......... .......... .......... .......... 33% 56.1M 16s
147600K .......... .......... .......... .......... .......... 33% 35.0M 16s
147650K .......... .......... .......... .......... .......... 33% 84.6M 16s
147700K .......... .......... .......... .......... .......... 33% 62.6M 16s
147750K .......... .......... .......... .......... .......... 33% 31.0M 16s
147800K .......... .......... .......... .......... .......... 33% 63.6M 16s
147850K .......... .......... .......... .......... .......... 33% 36.3M 16s
147900K .......... .......... .......... .......... .......... 33% 45.9M 16s
147950K .......... .......... .......... .......... .......... 33% 35.6M 16s
148000K .......... .......... .......... .......... .......... 33% 22.3M 16s
148050K .......... .......... .......... .......... .......... 33% 26.9M 16s
148100K .......... .......... .......... .......... .......... 33% 41.5M 16s
148150K .......... .......... .......... .......... .......... 33% 35.3M 15s
148200K .......... .......... .......... .......... .......... 33% 50.1M 15s
148250K .......... .......... .......... .......... .......... 33% 71.5M 15s
148300K .......... .......... .......... .......... .......... 33% 13.2M 15s
148350K .......... .......... .......... .......... .......... 33% 21.5M 15s
148400K .......... .......... .......... .......... .......... 33% 25.7M 15s
148450K .......... .......... .......... .......... .......... 33% 7.18M 15s
148500K .......... .......... .......... .......... .......... 34% 12.9M 15s
148550K .......... .......... .......... .......... .......... 34% 15.8M 15s
148600K .......... .......... .......... .......... .......... 34% 28.9M 15s
148650K .......... .......... .......... .......... .......... 34% 18.5M 15s
148700K .......... .......... .......... .......... .......... 34% 66.3M 15s
148750K .......... .......... .......... .......... .......... 34% 23.2M 15s
148800K .......... .......... .......... .......... .......... 34% 7.71M 15s
148850K .......... .......... .......... .......... .......... 34% 16.0M 15s
148900K .......... .......... .......... .......... .......... 34% 13.5M 15s
148950K .......... .......... .......... .......... .......... 34% 15.7M 15s
149000K .......... .......... .......... .......... .......... 34% 39.8M 15s
149050K .......... .......... .......... .......... .......... 34% 63.1M 15s
149100K .......... .......... .......... .......... .......... 34% 66.3M 15s
149150K .......... .......... .......... .......... .......... 34% 79.6M 15s
149200K .......... .......... .......... .......... .......... 34% 35.0M 15s
149250K .......... .......... .......... .......... .......... 34% 41.6M 15s
149300K .......... .......... .......... .......... .......... 34% 54.6M 15s
149350K .......... .......... .......... .......... .......... 34% 56.4M 15s
149400K .......... .......... .......... .......... .......... 34% 81.6M 15s
149450K .......... .......... .......... .......... .......... 34% 64.6M 15s
149500K .......... .......... .......... .......... .......... 34% 42.9M 15s
149550K .......... .......... .......... .......... .......... 34%  106M 15s
149600K .......... .......... .......... .......... .......... 34% 33.9M 15s
149650K .......... .......... .......... .......... .......... 34% 36.5M 15s
149700K .......... .......... .......... .......... .......... 34% 70.9M 15s
149750K .......... .......... .......... .......... .......... 34% 37.0M 15s
149800K .......... .......... .......... .......... .......... 34% 31.7M 15s
149850K .......... .......... .......... .......... .......... 34% 27.8M 15s
149900K .......... .......... .......... .......... .......... 34% 71.3M 15s
149950K .......... .......... .......... .......... .......... 34% 17.0M 15s
150000K .......... .......... .......... .......... .......... 34% 32.4M 15s
150050K .......... .......... .......... .......... .......... 34% 43.5M 15s
150100K .......... .......... .......... .......... .......... 34% 53.1M 15s
150150K .......... .......... .......... .......... .......... 34% 12.6M 15s
150200K .......... .......... .......... .......... .......... 34% 43.1M 15s
150250K .......... .......... .......... .......... .......... 34% 21.7M 15s
150300K .......... .......... .......... .......... .......... 34% 27.6M 15s
150350K .......... .......... .......... .......... .......... 34% 6.93M 15s
150400K .......... .......... .......... .......... .......... 34% 12.3M 15s
150450K .......... .......... .......... .......... .......... 34% 26.1M 15s
150500K .......... .......... .......... .......... .......... 34% 28.9M 15s
150550K .......... .......... .......... .......... .......... 34% 17.9M 15s
150600K .......... .......... .......... .......... .......... 34% 29.7M 15s
150650K .......... .......... .......... .......... .......... 34% 32.4M 15s
150700K .......... .......... .......... .......... .......... 34% 11.8M 15s
150750K .......... .......... .......... .......... .......... 34% 11.8M 15s
150800K .......... .......... .......... .......... .......... 34% 10.4M 15s
150850K .......... .......... .......... .......... .......... 34% 18.7M 15s
150900K .......... .......... .......... .......... .......... 34% 50.9M 15s
150950K .......... .......... .......... .......... .......... 34% 63.9M 15s
151000K .......... .......... .......... .......... .......... 34% 95.9M 15s
151050K .......... .......... .......... .......... .......... 34% 30.4M 15s
151100K .......... .......... .......... .......... .......... 34% 35.7M 15s
151150K .......... .......... .......... .......... .......... 34% 85.3M 15s
151200K .......... .......... .......... .......... .......... 34% 44.0M 15s
151250K .......... .......... .......... .......... .......... 34% 74.3M 15s
151300K .......... .......... .......... .......... .......... 34% 42.7M 15s
151350K .......... .......... .......... .......... .......... 34%  113M 15s
151400K .......... .......... .......... .......... .......... 34% 53.7M 15s
151450K .......... .......... .......... .......... .......... 34% 38.4M 15s
151500K .......... .......... .......... .......... .......... 34% 53.2M 15s
151550K .......... .......... .......... .......... .......... 34% 19.0M 15s
151600K .......... .......... .......... .......... .......... 34% 37.8M 15s
151650K .......... .......... .......... .......... .......... 34% 58.0M 15s
151700K .......... .......... .......... .......... .......... 34% 23.3M 15s
151750K .......... .......... .......... .......... .......... 34% 47.1M 15s
151800K .......... .......... .......... .......... .......... 34% 20.6M 15s
151850K .......... .......... .......... .......... .......... 34% 25.7M 15s
151900K .......... .......... .......... .......... .......... 34% 64.0M 15s
151950K .......... .......... .......... .......... .......... 34% 37.4M 15s
152000K .......... .......... .......... .......... .......... 34% 38.6M 15s
152050K .......... .......... .......... .......... .......... 34% 15.5M 15s
152100K .......... .......... .......... .......... .......... 34% 19.1M 15s
152150K .......... .......... .......... .......... .......... 34% 28.7M 15s
152200K .......... .......... .......... .......... .......... 34% 15.0M 15s
152250K .......... .......... .......... .......... .......... 34% 8.21M 15s
152300K .......... .......... .......... .......... .......... 34% 9.25M 15s
152350K .......... .......... .......... .......... .......... 34% 37.1M 15s
152400K .......... .......... .......... .......... .......... 34% 14.3M 15s
152450K .......... .......... .......... .......... .......... 34% 30.9M 15s
152500K .......... .......... .......... .......... .......... 34% 32.4M 15s
152550K .......... .......... .......... .......... .......... 34% 13.6M 15s
152600K .......... .......... .......... .......... .......... 34% 11.9M 15s
152650K .......... .......... .......... .......... .......... 34% 19.7M 15s
152700K .......... .......... .......... .......... .......... 34% 11.7M 15s
152750K .......... .......... .......... .......... .......... 34% 15.9M 15s
152800K .......... .......... .......... .......... .......... 34% 50.4M 15s
152850K .......... .......... .......... .......... .......... 35% 65.5M 15s
152900K .......... .......... .......... .......... .......... 35% 62.6M 15s
152950K .......... .......... .......... .......... .......... 35% 36.2M 15s
153000K .......... .......... .......... .......... .......... 35% 44.1M 15s
153050K .......... .......... .......... .......... .......... 35% 51.0M 15s
153100K .......... .......... .......... .......... .......... 35%  113M 15s
153150K .......... .......... .......... .......... .......... 35% 55.7M 15s
153200K .......... .......... .......... .......... .......... 35% 38.3M 15s
153250K .......... .......... .......... .......... .......... 35% 86.3M 15s
153300K .......... .......... .......... .......... .......... 35% 64.2M 15s
153350K .......... .......... .......... .......... .......... 35% 42.9M 15s
153400K .......... .......... .......... .......... .......... 35% 78.6M 15s
153450K .......... .......... .......... .......... .......... 35% 32.1M 15s
153500K .......... .......... .......... .......... .......... 35% 89.3M 15s
153550K .......... .......... .......... .......... .......... 35% 29.9M 15s
153600K .......... .......... .......... .......... .......... 35% 35.5M 15s
153650K .......... .......... .......... .......... .......... 35% 36.7M 15s
153700K .......... .......... .......... .......... .......... 35% 25.4M 15s
153750K .......... .......... .......... .......... .......... 35% 22.5M 15s
153800K .......... .......... .......... .......... .......... 35% 51.1M 15s
153850K .......... .......... .......... .......... .......... 35% 80.6M 15s
153900K .......... .......... .......... .......... .......... 35% 30.1M 15s
153950K .......... .......... .......... .......... .......... 35% 21.6M 15s
154000K .......... .......... .......... .......... .......... 35% 15.1M 15s
154050K .......... .......... .......... .......... .......... 35% 17.2M 15s
154100K .......... .......... .......... .......... .......... 35% 32.0M 15s
154150K .......... .......... .......... .......... .......... 35% 6.43M 15s
154200K .......... .......... .......... .......... .......... 35% 16.8M 15s
154250K .......... .......... .......... .......... .......... 35% 26.5M 15s
154300K .......... .......... .......... .......... .......... 35% 89.8M 15s
154350K .......... .......... .......... .......... .......... 35% 17.0M 15s
154400K .......... .......... .......... .......... .......... 35% 26.9M 15s
154450K .......... .......... .......... .......... .......... 35% 10.2M 15s
154500K .......... .......... .......... .......... .......... 35% 15.8M 15s
154550K .......... .......... .......... .......... .......... 35% 16.0M 15s
154600K .......... .......... .......... .......... .......... 35% 9.87M 15s
154650K .......... .......... .......... .......... .......... 35% 51.0M 15s
154700K .......... .......... .......... .......... .......... 35% 43.7M 15s
154750K .......... .......... .......... .......... .......... 35% 51.1M 15s
154800K .......... .......... .......... .......... .......... 35% 65.0M 15s
154850K .......... .......... .......... .......... .......... 35% 37.7M 15s
154900K .......... .......... .......... .......... .......... 35% 39.2M 15s
154950K .......... .......... .......... .......... .......... 35% 29.9M 15s
155000K .......... .......... .......... .......... .......... 35% 62.3M 15s
155050K .......... .......... .......... .......... .......... 35%  107M 15s
155100K .......... .......... .......... .......... .......... 35% 45.7M 15s
155150K .......... .......... .......... .......... .......... 35% 54.0M 15s
155200K .......... .......... .......... .......... .......... 35% 29.3M 15s
155250K .......... .......... .......... .......... .......... 35% 80.7M 15s
155300K .......... .......... .......... .......... .......... 35% 31.9M 15s
155350K .......... .......... .......... .......... .......... 35% 64.2M 15s
155400K .......... .......... .......... .......... .......... 35% 84.3M 15s
155450K .......... .......... .......... .......... .......... 35% 39.2M 15s
155500K .......... .......... .......... .......... .......... 35% 32.4M 15s
155550K .......... .......... .......... .......... .......... 35% 41.1M 15s
155600K .......... .......... .......... .......... .......... 35% 14.7M 15s
155650K .......... .......... .......... .......... .......... 35% 49.5M 15s
155700K .......... .......... .......... .......... .......... 35% 39.6M 15s
155750K .......... .......... .......... .......... .......... 35% 40.8M 15s
155800K .......... .......... .......... .......... .......... 35% 70.7M 15s
155850K .......... .......... .......... .......... .......... 35% 15.3M 15s
155900K .......... .......... .......... .......... .......... 35% 21.0M 15s
155950K .......... .......... .......... .......... .......... 35% 21.0M 15s
156000K .......... .......... .......... .......... .......... 35% 27.2M 15s
156050K .......... .......... .......... .......... .......... 35% 12.6M 15s
156100K .......... .......... .......... .......... .......... 35% 7.65M 15s
156150K .......... .......... .......... .......... .......... 35% 25.4M 15s
156200K .......... .......... .......... .......... .......... 35% 27.4M 15s
156250K .......... .......... .......... .......... .......... 35% 18.9M 15s
156300K .......... .......... .......... .......... .......... 35% 23.2M 15s
156350K .......... .......... .......... .......... .......... 35% 14.6M 15s
156400K .......... .......... .......... .......... .......... 35% 11.2M 15s
156450K .......... .......... .......... .......... .......... 35% 20.5M 15s
156500K .......... .......... .......... .......... .......... 35% 9.15M 15s
156550K .......... .......... .......... .......... .......... 35% 51.8M 15s
156600K .......... .......... .......... .......... .......... 35% 21.0M 15s
156650K .......... .......... .......... .......... .......... 35% 46.0M 15s
156700K .......... .......... .......... .......... .......... 35% 96.6M 15s
156750K .......... .......... .......... .......... .......... 35% 39.1M 15s
156800K .......... .......... .......... .......... .......... 35% 23.9M 15s
156850K .......... .......... .......... .......... .......... 35% 86.6M 15s
156900K .......... .......... .......... .......... .......... 35% 64.0M 15s
156950K .......... .......... .......... .......... .......... 35% 27.5M 15s
157000K .......... .......... .......... .......... .......... 35% 36.3M 15s
157050K .......... .......... .......... .......... .......... 35% 45.7M 15s
157100K .......... .......... .......... .......... .......... 35% 72.6M 15s
157150K .......... .......... .......... .......... .......... 35% 63.8M 15s
157200K .......... .......... .......... .......... .......... 36% 38.5M 15s
157250K .......... .......... .......... .......... .......... 36% 55.4M 15s
157300K .......... .......... .......... .......... .......... 36% 34.5M 15s
157350K .......... .......... .......... .......... .......... 36% 33.7M 15s
157400K .......... .......... .......... .......... .......... 36% 84.2M 15s
157450K .......... .......... .......... .......... .......... 36% 39.9M 15s
157500K .......... .......... .......... .......... .......... 36% 21.7M 15s
157550K .......... .......... .......... .......... .......... 36% 19.6M 15s
157600K .......... .......... .......... .......... .......... 36% 32.8M 15s
157650K .......... .......... .......... .......... .......... 36% 37.3M 15s
157700K .......... .......... .......... .......... .......... 36% 24.4M 15s
157750K .......... .......... .......... .......... .......... 36% 22.9M 15s
157800K .......... .......... .......... .......... .......... 36% 12.5M 15s
157850K .......... .......... .......... .......... .......... 36% 45.8M 15s
157900K .......... .......... .......... .......... .......... 36% 16.2M 15s
157950K .......... .......... .......... .......... .......... 36% 21.7M 15s
158000K .......... .......... .......... .......... .......... 36% 6.28M 15s
158050K .......... .......... .......... .......... .......... 36% 24.1M 15s
158100K .......... .......... .......... .......... .......... 36% 70.0M 15s
158150K .......... .......... .......... .......... .......... 36% 18.4M 15s
158200K .......... .......... .......... .......... .......... 36% 28.5M 15s
158250K .......... .......... .......... .......... .......... 36% 13.7M 15s
158300K .......... .......... .......... .......... .......... 36% 13.1M 15s
158350K .......... .......... .......... .......... .......... 36% 15.5M 15s
158400K .......... .......... .......... .......... .......... 36% 8.53M 15s
158450K .......... .......... .......... .......... .......... 36% 42.3M 15s
158500K .......... .......... .......... .......... .......... 36% 50.1M 15s
158550K .......... .......... .......... .......... .......... 36% 61.4M 15s
158600K .......... .......... .......... .......... .......... 36% 75.2M 15s
158650K .......... .......... .......... .......... .......... 36% 39.2M 15s
158700K .......... .......... .......... .......... .......... 36% 39.9M 15s
158750K .......... .......... .......... .......... .......... 36% 53.6M 15s
158800K .......... .......... .......... .......... .......... 36% 49.8M 15s
158850K .......... .......... .......... .......... .......... 36% 82.3M 15s
158900K .......... .......... .......... .......... .......... 36% 51.4M 15s
158950K .......... .......... .......... .......... .......... 36% 34.3M 15s
159000K .......... .......... .......... .......... .......... 36% 59.3M 15s
159050K .......... .......... .......... .......... .......... 36% 44.5M 15s
159100K .......... .......... .......... .......... .......... 36% 56.2M 15s
159150K .......... .......... .......... .......... .......... 36% 63.8M 15s
159200K .......... .......... .......... .......... .......... 36% 37.4M 15s
159250K .......... .......... .......... .......... .......... 36% 30.4M 15s
159300K .......... .......... .......... .......... .......... 36% 37.9M 15s
159350K .......... .......... .......... .......... .......... 36% 36.5M 15s
159400K .......... .......... .......... .......... .......... 36% 18.2M 15s
159450K .......... .......... .......... .......... .......... 36% 54.4M 15s
159500K .......... .......... .......... .......... .......... 36% 87.1M 15s
159550K .......... .......... .......... .......... .......... 36% 32.8M 15s
159600K .......... .......... .......... .......... .......... 36% 20.3M 15s
159650K .......... .......... .......... .......... .......... 36% 25.2M 15s
159700K .......... .......... .......... .......... .......... 36% 14.3M 15s
159750K .......... .......... .......... .......... .......... 36% 21.3M 15s
159800K .......... .......... .......... .......... .......... 36% 22.6M 15s
159850K .......... .......... .......... .......... .......... 36% 29.3M 15s
159900K .......... .......... .......... .......... .......... 36% 6.95M 15s
159950K .......... .......... .......... .......... .......... 36% 22.7M 15s
160000K .......... .......... .......... .......... .......... 36% 18.9M 15s
160050K .......... .......... .......... .......... .......... 36% 26.2M 15s
160100K .......... .......... .......... .......... .......... 36% 18.4M 15s
160150K .......... .......... .......... .......... .......... 36% 15.8M 15s
160200K .......... .......... .......... .......... .......... 36% 11.7M 15s
160250K .......... .......... .......... .......... .......... 36% 26.5M 15s
160300K .......... .......... .......... .......... .......... 36% 9.23M 15s
160350K .......... .......... .......... .......... .......... 36% 26.7M 15s
160400K .......... .......... .......... .......... .......... 36% 54.3M 15s
160450K .......... .......... .......... .......... .......... 36% 45.8M 15s
160500K .......... .......... .......... .......... .......... 36% 49.7M 15s
160550K .......... .......... .......... .......... .......... 36% 32.0M 15s
160600K .......... .......... .......... .......... .......... 36% 63.0M 15s
160650K .......... .......... .......... .......... .......... 36% 63.0M 15s
160700K .......... .......... .......... .......... .......... 36% 51.1M 14s
160750K .......... .......... .......... .......... .......... 36% 87.0M 14s
160800K .......... .......... .......... .......... .......... 36% 50.3M 14s
160850K .......... .......... .......... .......... .......... 36% 36.1M 14s
160900K .......... .......... .......... .......... .......... 36% 50.5M 14s
160950K .......... .......... .......... .......... .......... 36% 36.2M 14s
161000K .......... .......... .......... .......... .......... 36%  112M 14s
161050K .......... .......... .......... .......... .......... 36% 37.2M 14s
161100K .......... .......... .......... .......... .......... 36%  114M 14s
161150K .......... .......... .......... .......... .......... 36% 26.5M 14s
161200K .......... .......... .......... .......... .......... 36% 32.9M 14s
161250K .......... .......... .......... .......... .......... 36% 15.0M 14s
161300K .......... .......... .......... .......... .......... 36% 51.4M 14s
161350K .......... .......... .......... .......... .......... 36% 64.3M 14s
161400K .......... .......... .......... .......... .......... 36% 99.3M 14s
161450K .......... .......... .......... .......... .......... 36% 33.7M 14s
161500K .......... .......... .......... .......... .......... 36% 22.6M 14s
161550K .......... .......... .......... .......... .......... 36% 24.0M 14s
161600K .......... .......... .......... .......... .......... 37% 12.4M 14s
161650K .......... .......... .......... .......... .......... 37% 15.2M 14s
161700K .......... .......... .......... .......... .......... 37% 82.3M 14s
161750K .......... .......... .......... .......... .......... 37% 26.5M 14s
161800K .......... .......... .......... .......... .......... 37% 5.86M 14s
161850K .......... .......... .......... .......... .......... 37% 34.6M 14s
161900K .......... .......... .......... .......... .......... 37% 23.7M 14s
161950K .......... .......... .......... .......... .......... 37% 25.3M 14s
162000K .......... .......... .......... .......... .......... 37% 17.6M 14s
162050K .......... .......... .......... .......... .......... 37% 32.6M 14s
162100K .......... .......... .......... .......... .......... 37% 9.23M 14s
162150K .......... .......... .......... .......... .......... 37% 11.0M 14s
162200K .......... .......... .......... .......... .......... 37% 5.52M 14s
162250K .......... .......... .......... .......... .......... 37%  133M 14s
162300K .......... .......... .......... .......... .......... 37%  136M 14s
162350K .......... .......... .......... .......... .......... 37%  128M 14s
162400K .......... .......... .......... .......... .......... 37% 88.3M 14s
162450K .......... .......... .......... .......... .......... 37% 67.6M 14s
162500K .......... .......... .......... .......... .......... 37%  124M 14s
162550K .......... .......... .......... .......... .......... 37%  133M 14s
162600K .......... .......... .......... .......... .......... 37% 59.2M 14s
162650K .......... .......... .......... .......... .......... 37% 56.3M 14s
162700K .......... .......... .......... .......... .......... 37% 30.9M 14s
162750K .......... .......... .......... .......... .......... 37% 36.6M 14s
162800K .......... .......... .......... .......... .......... 37% 36.3M 14s
162850K .......... .......... .......... .......... .......... 37% 56.3M 14s
162900K .......... .......... .......... .......... .......... 37% 90.8M 14s
162950K .......... .......... .......... .......... .......... 37% 69.8M 14s
163000K .......... .......... .......... .......... .......... 37% 48.5M 14s
163050K .......... .......... .......... .......... .......... 37% 47.0M 14s
163100K .......... .......... .......... .......... .......... 37% 51.4M 14s
163150K .......... .......... .......... .......... .......... 37% 43.7M 14s
163200K .......... .......... .......... .......... .......... 37% 83.5M 14s
163250K .......... .......... .......... .......... .......... 37% 86.5M 14s
163300K .......... .......... .......... .......... .......... 37%  107M 14s
163350K .......... .......... .......... .......... .......... 37% 18.4M 14s
163400K .......... .......... .......... .......... .......... 37% 7.97M 14s
163450K .......... .......... .......... .......... .......... 37% 15.2M 14s
163500K .......... .......... .......... .......... .......... 37% 22.6M 14s
163550K .......... .......... .......... .......... .......... 37% 24.2M 14s
163600K .......... .......... .......... .......... .......... 37% 15.1M 14s
163650K .......... .......... .......... .......... .......... 37% 10.2M 14s
163700K .......... .......... .......... .......... .......... 37% 13.4M 14s
163750K .......... .......... .......... .......... .......... 37% 37.0M 14s
163800K .......... .......... .......... .......... .......... 37% 20.2M 14s
163850K .......... .......... .......... .......... .......... 37% 20.0M 14s
163900K .......... .......... .......... .......... .......... 37% 15.3M 14s
163950K .......... .......... .......... .......... .......... 37% 34.2M 14s
164000K .......... .......... .......... .......... .......... 37% 7.58M 14s
164050K .......... .......... .......... .......... .......... 37% 20.7M 14s
164100K .......... .......... .......... .......... .......... 37% 7.11M 14s
164150K .......... .......... .......... .......... .......... 37%  128M 14s
164200K .......... .......... .......... .......... .......... 37%  121M 14s
164250K .......... .......... .......... .......... .......... 37% 88.8M 14s
164300K .......... .......... .......... .......... .......... 37% 62.5M 14s
164350K .......... .......... .......... .......... .......... 37%  122M 14s
164400K .......... .......... .......... .......... .......... 37% 44.6M 14s
164450K .......... .......... .......... .......... .......... 37% 89.5M 14s
164500K .......... .......... .......... .......... .......... 37% 44.8M 14s
164550K .......... .......... .......... .......... .......... 37% 97.4M 14s
164600K .......... .......... .......... .......... .......... 37% 36.0M 14s
164650K .......... .......... .......... .......... .......... 37% 65.3M 14s
164700K .......... .......... .......... .......... .......... 37% 39.0M 14s
164750K .......... .......... .......... .......... .......... 37% 76.3M 14s
164800K .......... .......... .......... .......... .......... 37% 58.8M 14s
164850K .......... .......... .......... .......... .......... 37% 54.7M 14s
164900K .......... .......... .......... .......... .......... 37% 47.4M 14s
164950K .......... .......... .......... .......... .......... 37% 64.0M 14s
165000K .......... .......... .......... .......... .......... 37% 84.7M 14s
165050K .......... .......... .......... .......... .......... 37% 70.2M 14s
165100K .......... .......... .......... .......... .......... 37% 52.9M 14s
165150K .......... .......... .......... .......... .......... 37%  120M 14s
165200K .......... .......... .......... .......... .......... 37% 46.3M 14s
165250K .......... .......... .......... .......... .......... 37% 23.9M 14s
165300K .......... .......... .......... .......... .......... 37% 7.35M 14s
165350K .......... .......... .......... .......... .......... 37% 14.3M 14s
165400K .......... .......... .......... .......... .......... 37% 24.3M 14s
165450K .......... .......... .......... .......... .......... 37% 12.4M 14s
165500K .......... .......... .......... .......... .......... 37% 31.4M 14s
165550K .......... .......... .......... .......... .......... 37% 22.2M 14s
165600K .......... .......... .......... .......... .......... 37% 6.86M 14s
165650K .......... .......... .......... .......... .......... 37% 18.2M 14s
165700K .......... .......... .......... .......... .......... 37% 22.1M 14s
165750K .......... .......... .......... .......... .......... 37% 28.3M 14s
165800K .......... .......... .......... .......... .......... 37% 25.4M 14s
165850K .......... .......... .......... .......... .......... 37% 27.3M 14s
165900K .......... .......... .......... .......... .......... 37% 10.9M 14s
165950K .......... .......... .......... .......... .......... 38% 16.6M 14s
166000K .......... .......... .......... .......... .......... 38% 11.5M 14s
166050K .......... .......... .......... .......... .......... 38%  117M 14s
166100K .......... .......... .......... .......... .......... 38%  131M 14s
166150K .......... .......... .......... .......... .......... 38% 40.7M 14s
166200K .......... .......... .......... .......... .......... 38% 37.9M 14s
166250K .......... .......... .......... .......... .......... 38% 48.0M 14s
166300K .......... .......... .......... .......... .......... 38% 43.6M 14s
166350K .......... .......... .......... .......... .......... 38%  103M 14s
166400K .......... .......... .......... .......... .......... 38% 22.2M 14s
166450K .......... .......... .......... .......... .......... 38%  111M 14s
166500K .......... .......... .......... .......... .......... 38% 35.3M 14s
166550K .......... .......... .......... .......... .......... 38% 31.3M 14s
166600K .......... .......... .......... .......... .......... 38% 34.3M 14s
166650K .......... .......... .......... .......... .......... 38% 63.0M 14s
166700K .......... .......... .......... .......... .......... 38% 85.3M 14s
166750K .......... .......... .......... .......... .......... 38% 82.5M 14s
166800K .......... .......... .......... .......... .......... 38% 36.9M 14s
166850K .......... .......... .......... .......... .......... 38% 79.3M 14s
166900K .......... .......... .......... .......... .......... 38% 59.6M 14s
166950K .......... .......... .......... .......... .......... 38% 53.4M 14s
167000K .......... .......... .......... .......... .......... 38%  114M 14s
167050K .......... .......... .......... .......... .......... 38%  126M 14s
167100K .......... .......... .......... .......... .......... 38% 68.9M 14s
167150K .......... .......... .......... .......... .......... 38% 20.7M 14s
167200K .......... .......... .......... .......... .......... 38% 6.95M 14s
167250K .......... .......... .......... .......... .......... 38% 11.9M 14s
167300K .......... .......... .......... .......... .......... 38% 16.0M 14s
167350K .......... .......... .......... .......... .......... 38% 24.2M 14s
167400K .......... .......... .......... .......... .......... 38% 24.6M 14s
167450K .......... .......... .......... .......... .......... 38% 22.8M 14s
167500K .......... .......... .......... .......... .......... 38% 7.47M 14s
167550K .......... .......... .......... .......... .......... 38% 18.8M 14s
167600K .......... .......... .......... .......... .......... 38% 13.1M 14s
167650K .......... .......... .......... .......... .......... 38% 53.0M 14s
167700K .......... .......... .......... .......... .......... 38% 18.7M 14s
167750K .......... .......... .......... .......... .......... 38% 12.7M 14s
167800K .......... .......... .......... .......... .......... 38% 16.4M 14s
167850K .......... .......... .......... .......... .......... 38% 11.4M 14s
167900K .......... .......... .......... .......... .......... 38% 19.0M 14s
167950K .......... .......... .......... .......... .......... 38% 90.3M 14s
168000K .......... .......... .......... .......... .......... 38% 24.1M 14s
168050K .......... .......... .......... .......... .......... 38% 47.0M 14s
168100K .......... .......... .......... .......... .......... 38% 23.9M 14s
168150K .......... .......... .......... .......... .......... 38%  135M 14s
168200K .......... .......... .......... .......... .......... 38% 41.7M 14s
168250K .......... .......... .......... .......... .......... 38% 57.2M 14s
168300K .......... .......... .......... .......... .......... 38% 31.4M 14s
168350K .......... .......... .......... .......... .......... 38% 88.9M 14s
168400K .......... .......... .......... .......... .......... 38% 25.9M 14s
168450K .......... .......... .......... .......... .......... 38% 41.6M 14s
168500K .......... .......... .......... .......... .......... 38% 50.5M 14s
168550K .......... .......... .......... .......... .......... 38% 71.1M 14s
168600K .......... .......... .......... .......... .......... 38% 76.2M 14s
168650K .......... .......... .......... .......... .......... 38% 74.3M 14s
168700K .......... .......... .......... .......... .......... 38% 55.3M 14s
168750K .......... .......... .......... .......... .......... 38% 41.4M 14s
168800K .......... .......... .......... .......... .......... 38% 65.3M 14s
168850K .......... .......... .......... .......... .......... 38% 77.0M 14s
168900K .......... .......... .......... .......... .......... 38%  111M 14s
168950K .......... .......... .......... .......... .......... 38% 84.9M 14s
169000K .......... .......... .......... .......... .......... 38% 22.1M 14s
169050K .......... .......... .......... .......... .......... 38% 14.2M 14s
169100K .......... .......... .......... .......... .......... 38% 7.28M 14s
169150K .......... .......... .......... .......... .......... 38% 36.9M 14s
169200K .......... .......... .......... .......... .......... 38% 12.6M 14s
169250K .......... .......... .......... .......... .......... 38% 16.8M 14s
169300K .......... .......... .......... .......... .......... 38% 19.4M 14s
169350K .......... .......... .......... .......... .......... 38% 17.7M 14s
169400K .......... .......... .......... .......... .......... 38% 12.9M 14s
169450K .......... .......... .......... .......... .......... 38% 15.4M 14s
169500K .......... .......... .......... .......... .......... 38% 29.0M 14s
169550K .......... .......... .......... .......... .......... 38% 36.6M 14s
169600K .......... .......... .......... .......... .......... 38% 14.1M 14s
169650K .......... .......... .......... .......... .......... 38% 18.2M 14s
169700K .......... .......... .......... .......... .......... 38% 15.0M 14s
169750K .......... .......... .......... .......... .......... 38% 12.6M 14s
169800K .......... .......... .......... .......... .......... 38% 18.4M 14s
169850K .......... .......... .......... .......... .......... 38%  122M 14s
169900K .......... .......... .......... .......... .......... 38% 36.1M 14s
169950K .......... .......... .......... .......... .......... 38%  109M 14s
170000K .......... .......... .......... .......... .......... 38% 28.2M 14s
170050K .......... .......... .......... .......... .......... 38% 88.4M 14s
170100K .......... .......... .......... .......... .......... 38% 47.6M 14s
170150K .......... .......... .......... .......... .......... 38% 43.7M 14s
170200K .......... .......... .......... .......... .......... 38% 32.1M 14s
170250K .......... .......... .......... .......... .......... 38% 40.7M 14s
170300K .......... .......... .......... .......... .......... 39% 55.5M 14s
170350K .......... .......... .......... .......... .......... 39% 67.2M 14s
170400K .......... .......... .......... .......... .......... 39% 29.2M 14s
170450K .......... .......... .......... .......... .......... 39% 69.5M 14s
170500K .......... .......... .......... .......... .......... 39% 76.0M 14s
170550K .......... .......... .......... .......... .......... 39% 61.3M 14s
170600K .......... .......... .......... .......... .......... 39% 64.4M 14s
170650K .......... .......... .......... .......... .......... 39% 56.8M 14s
170700K .......... .......... .......... .......... .......... 39% 66.1M 14s
170750K .......... .......... .......... .......... .......... 39% 61.8M 14s
170800K .......... .......... .......... .......... .......... 39% 86.4M 14s
170850K .......... .......... .......... .......... .......... 39% 34.8M 14s
170900K .......... .......... .......... .......... .......... 39% 40.2M 14s
170950K .......... .......... .......... .......... .......... 39% 14.2M 14s
171000K .......... .......... .......... .......... .......... 39% 11.6M 14s
171050K .......... .......... .......... .......... .......... 39% 13.8M 14s
171100K .......... .......... .......... .......... .......... 39% 13.6M 14s
171150K .......... .......... .......... .......... .......... 39% 16.3M 14s
171200K .......... .......... .......... .......... .......... 39% 17.0M 14s
171250K .......... .......... .......... .......... .......... 39% 25.0M 14s
171300K .......... .......... .......... .......... .......... 39% 10.9M 14s
171350K .......... .......... .......... .......... .......... 39% 17.2M 14s
171400K .......... .......... .......... .......... .......... 39% 26.9M 14s
171450K .......... .......... .......... .......... .......... 39% 18.4M 14s
171500K .......... .......... .......... .......... .......... 39% 83.1M 14s
171550K .......... .......... .......... .......... .......... 39% 12.9M 14s
171600K .......... .......... .......... .......... .......... 39% 14.3M 14s
171650K .......... .......... .......... .......... .......... 39% 13.5M 14s
171700K .......... .......... .......... .......... .......... 39% 17.2M 14s
171750K .......... .......... .......... .......... .......... 39%  115M 14s
171800K .......... .......... .......... .......... .......... 39% 46.4M 14s
171850K .......... .......... .......... .......... .......... 39% 85.4M 14s
171900K .......... .......... .......... .......... .......... 39% 25.1M 14s
171950K .......... .......... .......... .......... .......... 39% 79.4M 14s
172000K .......... .......... .......... .......... .......... 39% 42.7M 14s
172050K .......... .......... .......... .......... .......... 39% 43.8M 14s
172100K .......... .......... .......... .......... .......... 39% 36.0M 14s
172150K .......... .......... .......... .......... .......... 39% 39.4M 14s
172200K .......... .......... .......... .......... .......... 39% 38.9M 14s
172250K .......... .......... .......... .......... .......... 39% 91.2M 14s
172300K .......... .......... .......... .......... .......... 39% 30.3M 14s
172350K .......... .......... .......... .......... .......... 39% 51.6M 14s
172400K .......... .......... .......... .......... .......... 39% 64.7M 14s
172450K .......... .......... .......... .......... .......... 39% 72.9M 14s
172500K .......... .......... .......... .......... .......... 39% 41.1M 14s
172550K .......... .......... .......... .......... .......... 39% 96.0M 14s
172600K .......... .......... .......... .......... .......... 39% 58.6M 14s
172650K .......... .......... .......... .......... .......... 39%  109M 14s
172700K .......... .......... .......... .......... .......... 39% 71.2M 14s
172750K .......... .......... .......... .......... .......... 39% 23.7M 14s
172800K .......... .......... .......... .......... .......... 39% 36.3M 14s
172850K .......... .......... .......... .......... .......... 39% 12.7M 14s
172900K .......... .......... .......... .......... .......... 39% 7.26M 14s
172950K .......... .......... .......... .......... .......... 39% 18.8M 14s
173000K .......... .......... .......... .......... .......... 39% 8.63M 14s
173050K .......... .......... .......... .......... .......... 39%  108M 14s
173100K .......... .......... .......... .......... .......... 39% 18.4M 14s
173150K .......... .......... .......... .......... .......... 39% 17.9M 14s
173200K .......... .......... .......... .......... .......... 39% 12.2M 14s
173250K .......... .......... .......... .......... .......... 39% 10.5M 14s
173300K .......... .......... .......... .......... .......... 39% 44.7M 14s
173350K .......... .......... .......... .......... .......... 39% 22.9M 14s
173400K .......... .......... .......... .......... .......... 39% 11.3M 14s
173450K .......... .......... .......... .......... .......... 39% 29.4M 14s
173500K .......... .......... .......... .......... .......... 39% 21.1M 14s
173550K .......... .......... .......... .......... .......... 39% 12.1M 14s
173600K .......... .......... .......... .......... .......... 39% 10.6M 14s
173650K .......... .......... .......... .......... .......... 39% 74.9M 14s
173700K .......... .......... .......... .......... .......... 39% 41.4M 14s
173750K .......... .......... .......... .......... .......... 39% 50.7M 14s
173800K .......... .......... .......... .......... .......... 39% 33.1M 14s
173850K .......... .......... .......... .......... .......... 39% 98.3M 14s
173900K .......... .......... .......... .......... .......... 39% 50.1M 14s
173950K .......... .......... .......... .......... .......... 39% 42.1M 14s
174000K .......... .......... .......... .......... .......... 39% 31.2M 14s
174050K .......... .......... .......... .......... .......... 39% 38.5M 14s
174100K .......... .......... .......... .......... .......... 39% 64.4M 14s
174150K .......... .......... .......... .......... .......... 39% 34.6M 13s
174200K .......... .......... .......... .......... .......... 39% 97.3M 13s
174250K .......... .......... .......... .......... .......... 39% 48.0M 13s
174300K .......... .......... .......... .......... .......... 39% 61.3M 13s
174350K .......... .......... .......... .......... .......... 39% 64.5M 13s
174400K .......... .......... .......... .......... .......... 39% 50.4M 13s
174450K .......... .......... .......... .......... .......... 39% 51.3M 13s
174500K .......... .......... .......... .......... .......... 39% 67.4M 13s
174550K .......... .......... .......... .......... .......... 39% 72.3M 13s
174600K .......... .......... .......... .......... .......... 39%  111M 13s
174650K .......... .......... .......... .......... .......... 39% 72.5M 13s
174700K .......... .......... .......... .......... .......... 40% 41.2M 13s
174750K .......... .......... .......... .......... .......... 40% 14.1M 13s
174800K .......... .......... .......... .......... .......... 40% 6.33M 13s
174850K .......... .......... .......... .......... .......... 40% 14.8M 13s
174900K .......... .......... .......... .......... .......... 40% 14.6M 13s
174950K .......... .......... .......... .......... .......... 40% 31.7M 13s
175000K .......... .......... .......... .......... .......... 40% 14.4M 13s
175050K .......... .......... .......... .......... .......... 40% 70.6M 13s
175100K .......... .......... .......... .......... .......... 40% 10.2M 13s
175150K .......... .......... .......... .......... .......... 40% 10.7M 13s
175200K .......... .......... .......... .......... .......... 40% 31.6M 13s
175250K .......... .......... .......... .......... .......... 40% 22.7M 13s
175300K .......... .......... .......... .......... .......... 40% 12.7M 13s
175350K .......... .......... .......... .......... .......... 40% 27.7M 13s
175400K .......... .......... .......... .......... .......... 40% 14.1M 13s
175450K .......... .......... .......... .......... .......... 40% 15.8M 13s
175500K .......... .......... .......... .......... .......... 40% 23.4M 13s
175550K .......... .......... .......... .......... .......... 40% 78.8M 13s
175600K .......... .......... .......... .......... .......... 40% 44.1M 13s
175650K .......... .......... .......... .......... .......... 40% 35.9M 13s
175700K .......... .......... .......... .......... .......... 40% 55.2M 13s
175750K .......... .......... .......... .......... .......... 40% 64.6M 13s
175800K .......... .......... .......... .......... .......... 40% 35.0M 13s
175850K .......... .......... .......... .......... .......... 40% 82.0M 13s
175900K .......... .......... .......... .......... .......... 40% 31.4M 13s
175950K .......... .......... .......... .......... .......... 40% 35.8M 13s
176000K .......... .......... .......... .......... .......... 40% 74.8M 13s
176050K .......... .......... .......... .......... .......... 40% 38.1M 13s
176100K .......... .......... .......... .......... .......... 40% 48.6M 13s
176150K .......... .......... .......... .......... .......... 40% 59.8M 13s
176200K .......... .......... .......... .......... .......... 40% 81.2M 13s
176250K .......... .......... .......... .......... .......... 40% 71.3M 13s
176300K .......... .......... .......... .......... .......... 40% 57.8M 13s
176350K .......... .......... .......... .......... .......... 40% 51.1M 13s
176400K .......... .......... .......... .......... .......... 40% 50.1M 13s
176450K .......... .......... .......... .......... .......... 40% 89.8M 13s
176500K .......... .......... .......... .......... .......... 40% 81.3M 13s
176550K .......... .......... .......... .......... .......... 40% 50.3M 13s
176600K .......... .......... .......... .......... .......... 40% 83.8M 13s
176650K .......... .......... .......... .......... .......... 40% 15.3M 13s
176700K .......... .......... .......... .......... .......... 40% 7.80M 13s
176750K .......... .......... .......... .......... .......... 40% 10.3M 13s
176800K .......... .......... .......... .......... .......... 40% 14.4M 13s
176850K .......... .......... .......... .......... .......... 40% 31.5M 13s
176900K .......... .......... .......... .......... .......... 40% 14.2M 13s
176950K .......... .......... .......... .......... .......... 40% 23.8M 13s
177000K .......... .......... .......... .......... .......... 40% 13.9M 13s
177050K .......... .......... .......... .......... .......... 40% 15.8M 13s
177100K .......... .......... .......... .......... .......... 40% 32.4M 13s
177150K .......... .......... .......... .......... .......... 40% 21.1M 13s
177200K .......... .......... .......... .......... .......... 40% 12.5M 13s
177250K .......... .......... .......... .......... .......... 40% 35.3M 13s
177300K .......... .......... .......... .......... .......... 40% 12.6M 13s
177350K .......... .......... .......... .......... .......... 40% 11.2M 13s
177400K .......... .......... .......... .......... .......... 40% 23.7M 13s
177450K .......... .......... .......... .......... .......... 40% 94.1M 13s
177500K .......... .......... .......... .......... .......... 40% 47.9M 13s
177550K .......... .......... .......... .......... .......... 40% 31.0M 13s
177600K .......... .......... .......... .......... .......... 40% 51.0M 13s
177650K .......... .......... .......... .......... .......... 40% 43.2M 13s
177700K .......... .......... .......... .......... .......... 40% 32.9M 13s
177750K .......... .......... .......... .......... .......... 40% 31.6M 13s
177800K .......... .......... .......... .......... .......... 40% 58.0M 13s
177850K .......... .......... .......... .......... .......... 40% 36.6M 13s
177900K .......... .......... .......... .......... .......... 40% 63.6M 13s
177950K .......... .......... .......... .......... .......... 40% 68.5M 13s
178000K .......... .......... .......... .......... .......... 40% 34.0M 13s
178050K .......... .......... .......... .......... .......... 40% 50.9M 13s
178100K .......... .......... .......... .......... .......... 40% 51.0M 13s
178150K .......... .......... .......... .......... .......... 40% 93.6M 13s
178200K .......... .......... .......... .......... .......... 40% 43.4M 13s
178250K .......... .......... .......... .......... .......... 40%  101M 13s
178300K .......... .......... .......... .......... .......... 40% 52.0M 13s
178350K .......... .......... .......... .......... .......... 40% 82.9M 13s
178400K .......... .......... .......... .......... .......... 40% 52.2M 13s
178450K .......... .......... .......... .......... .......... 40% 83.0M 13s
178500K .......... .......... .......... .......... .......... 40% 23.1M 13s
178550K .......... .......... .......... .......... .......... 40% 10.9M 13s
178600K .......... .......... .......... .......... .......... 40% 8.37M 13s
178650K .......... .......... .......... .......... .......... 40% 9.03M 13s
178700K .......... .......... .......... .......... .......... 40% 25.8M 13s
178750K .......... .......... .......... .......... .......... 40% 35.7M 13s
178800K .......... .......... .......... .......... .......... 40% 16.3M 13s
178850K .......... .......... .......... .......... .......... 40% 11.0M 13s
178900K .......... .......... .......... .......... .......... 40% 12.7M 13s
178950K .......... .......... .......... .......... .......... 40% 16.8M 13s
179000K .......... .......... .......... .......... .......... 40% 64.5M 13s
179050K .......... .......... .......... .......... .......... 41% 11.6M 13s
179100K .......... .......... .......... .......... .......... 41% 18.9M 13s
179150K .......... .......... .......... .......... .......... 41% 25.3M 13s
179200K .......... .......... .......... .......... .......... 41% 15.2M 13s
179250K .......... .......... .......... .......... .......... 41% 13.8M 13s
179300K .......... .......... .......... .......... .......... 41% 30.2M 13s
179350K .......... .......... .......... .......... .......... 41% 70.5M 13s
179400K .......... .......... .......... .......... .......... 41% 75.3M 13s
179450K .......... .......... .......... .......... .......... 41% 29.4M 13s
179500K .......... .......... .......... .......... .......... 41% 46.9M 13s
179550K .......... .......... .......... .......... .......... 41% 51.5M 13s
179600K .......... .......... .......... .......... .......... 41% 42.1M 13s
179650K .......... .......... .......... .......... .......... 41% 34.8M 13s
179700K .......... .......... .......... .......... .......... 41% 37.1M 13s
179750K .......... .......... .......... .......... .......... 41% 73.5M 13s
179800K .......... .......... .......... .......... .......... 41% 49.2M 13s
179850K .......... .......... .......... .......... .......... 41% 47.3M 13s
179900K .......... .......... .......... .......... .......... 41% 51.4M 13s
179950K .......... .......... .......... .......... .......... 41% 82.0M 13s
180000K .......... .......... .......... .......... .......... 41% 43.1M 13s
180050K .......... .......... .......... .......... .......... 41% 82.0M 13s
180100K .......... .......... .......... .......... .......... 41% 49.6M 13s
180150K .......... .......... .......... .......... .......... 41% 86.3M 13s
180200K .......... .......... .......... .......... .......... 41% 48.5M 13s
180250K .......... .......... .......... .......... .......... 41%  107M 13s
180300K .......... .......... .......... .......... .......... 41% 88.8M 13s
180350K .......... .......... .......... .......... .......... 41% 63.3M 13s
180400K .......... .......... .......... .......... .......... 41% 18.3M 13s
180450K .......... .......... .......... .......... .......... 41% 12.8M 13s
180500K .......... .......... .......... .......... .......... 41% 12.1M 13s
180550K .......... .......... .......... .......... .......... 41% 6.81M 13s
180600K .......... .......... .......... .......... .......... 41% 24.3M 13s
180650K .......... .......... .......... .......... .......... 41% 33.3M 13s
180700K .......... .......... .......... .......... .......... 41% 10.3M 13s
180750K .......... .......... .......... .......... .......... 41% 26.7M 13s
180800K .......... .......... .......... .......... .......... 41% 9.34M 13s
180850K .......... .......... .......... .......... .......... 41% 47.1M 13s
180900K .......... .......... .......... .......... .......... 41% 17.2M 13s
180950K .......... .......... .......... .......... .......... 41% 12.9M 13s
181000K .......... .......... .......... .......... .......... 41%  102M 13s
181050K .......... .......... .......... .......... .......... 41% 25.7M 13s
181100K .......... .......... .......... .......... .......... 41% 41.8M 13s
181150K .......... .......... .......... .......... .......... 41% 9.84M 13s
181200K .......... .......... .......... .......... .......... 41% 19.4M 13s
181250K .......... .......... .......... .......... .......... 41% 84.8M 13s
181300K .......... .......... .......... .......... .......... 41% 29.5M 13s
181350K .......... .......... .......... .......... .......... 41% 51.4M 13s
181400K .......... .......... .......... .......... .......... 41% 86.4M 13s
181450K .......... .......... .......... .......... .......... 41% 49.5M 13s
181500K .......... .......... .......... .......... .......... 41% 48.3M 13s
181550K .......... .......... .......... .......... .......... 41% 35.2M 13s
181600K .......... .......... .......... .......... .......... 41% 25.2M 13s
181650K .......... .......... .......... .......... .......... 41% 63.3M 13s
181700K .......... .......... .......... .......... .......... 41% 33.7M 13s
181750K .......... .......... .......... .......... .......... 41%  102M 13s
181800K .......... .......... .......... .......... .......... 41% 56.6M 13s
181850K .......... .......... .......... .......... .......... 41% 45.0M 13s
181900K .......... .......... .......... .......... .......... 41%  102M 13s
181950K .......... .......... .......... .......... .......... 41% 86.9M 13s
182000K .......... .......... .......... .......... .......... 41% 36.1M 13s
182050K .......... .......... .......... .......... .......... 41% 48.4M 13s
182100K .......... .......... .......... .......... .......... 41% 90.5M 13s
182150K .......... .......... .......... .......... .......... 41%  114M 13s
182200K .......... .......... .......... .......... .......... 41% 86.1M 13s
182250K .......... .......... .......... .......... .......... 41% 62.9M 13s
182300K .......... .......... .......... .......... .......... 41% 12.3M 13s
182350K .......... .......... .......... .......... .......... 41% 20.9M 13s
182400K .......... .......... .......... .......... .......... 41% 6.73M 13s
182450K .......... .......... .......... .......... .......... 41% 8.19M 13s
182500K .......... .......... .......... .......... .......... 41% 32.1M 13s
182550K .......... .......... .......... .......... .......... 41% 88.1M 13s
182600K .......... .......... .......... .......... .......... 41% 12.1M 13s
182650K .......... .......... .......... .......... .......... 41% 21.0M 13s
182700K .......... .......... .......... .......... .......... 41% 10.6M 13s
182750K .......... .......... .......... .......... .......... 41% 30.1M 13s
182800K .......... .......... .......... .......... .......... 41% 16.3M 13s
182850K .......... .......... .......... .......... .......... 41% 11.6M 13s
182900K .......... .......... .......... .......... .......... 41% 25.3M 13s
182950K .......... .......... .......... .......... .......... 41% 32.8M 13s
183000K .......... .......... .......... .......... .......... 41%  112M 13s
183050K .......... .......... .......... .......... .......... 41% 7.55M 13s
183100K .......... .......... .......... .......... .......... 41% 29.2M 13s
183150K .......... .......... .......... .......... .......... 41% 51.4M 13s
183200K .......... .......... .......... .......... .......... 41% 24.0M 13s
183250K .......... .......... .......... .......... .......... 41% 49.4M 13s
183300K .......... .......... .......... .......... .......... 41%  105M 13s
183350K .......... .......... .......... .......... .......... 41% 52.8M 13s
183400K .......... .......... .......... .......... .......... 42% 36.1M 13s
183450K .......... .......... .......... .......... .......... 42% 40.3M 13s
183500K .......... .......... .......... .......... .......... 42% 24.2M 13s
183550K .......... .......... .......... .......... .......... 42% 51.5M 13s
183600K .......... .......... .......... .......... .......... 42% 29.5M 13s
183650K .......... .......... .......... .......... .......... 42% 42.9M 13s
183700K .......... .......... .......... .......... .......... 42% 67.9M 13s
183750K .......... .......... .......... .......... .......... 42% 43.0M 13s
183800K .......... .......... .......... .......... .......... 42%  118M 13s
183850K .......... .......... .......... .......... .......... 42% 87.3M 13s
183900K .......... .......... .......... .......... .......... 42% 40.4M 13s
183950K .......... .......... .......... .......... .......... 42% 42.5M 13s
184000K .......... .......... .......... .......... .......... 42% 79.7M 13s
184050K .......... .......... .......... .......... .......... 42% 86.5M 13s
184100K .......... .......... .......... .......... .......... 42% 90.5M 13s
184150K .......... .......... .......... .......... .......... 42% 61.8M 13s
184200K .......... .......... .......... .......... .......... 42% 9.47M 13s
184250K .......... .......... .......... .......... .......... 42% 16.5M 13s
184300K .......... .......... .......... .......... .......... 42% 17.9M 13s
184350K .......... .......... .......... .......... .......... 42% 7.40M 13s
184400K .......... .......... .......... .......... .......... 42% 16.8M 13s
184450K .......... .......... .......... .......... .......... 42% 19.1M 13s
184500K .......... .......... .......... .......... .......... 42% 11.3M 13s
184550K .......... .......... .......... .......... .......... 42% 18.2M 13s
184600K .......... .......... .......... .......... .......... 42% 15.5M 13s
184650K .......... .......... .......... .......... .......... 42% 34.1M 13s
184700K .......... .......... .......... .......... .......... 42% 37.7M 13s
184750K .......... .......... .......... .......... .......... 42% 11.1M 13s
184800K .......... .......... .......... .......... .......... 42% 17.6M 13s
184850K .......... .......... .......... .......... .......... 42% 69.3M 13s
184900K .......... .......... .......... .......... .......... 42% 12.7M 13s
184950K .......... .......... .......... .......... .......... 42% 16.8M 13s
185000K .......... .......... .......... .......... .......... 42% 36.9M 13s
185050K .......... .......... .......... .......... .......... 42%  101M 13s
185100K .......... .......... .......... .......... .......... 42% 30.5M 13s
185150K .......... .......... .......... .......... .......... 42% 50.5M 13s
185200K .......... .......... .......... .......... .......... 42% 37.6M 13s
185250K .......... .......... .......... .......... .......... 42%  111M 13s
185300K .......... .......... .......... .......... .......... 42% 29.9M 13s
185350K .......... .......... .......... .......... .......... 42% 51.2M 13s
185400K .......... .......... .......... .......... .......... 42% 37.2M 13s
185450K .......... .......... .......... .......... .......... 42% 98.5M 13s
185500K .......... .......... .......... .......... .......... 42% 29.8M 13s
185550K .......... .......... .......... .......... .......... 42% 83.2M 13s
185600K .......... .......... .......... .......... .......... 42% 30.8M 13s
185650K .......... .......... .......... .......... .......... 42%  106M 13s
185700K .......... .......... .......... .......... .......... 42% 96.7M 13s
185750K .......... .......... .......... .......... .......... 42% 86.6M 13s
185800K .......... .......... .......... .......... .......... 42% 30.1M 13s
185850K .......... .......... .......... .......... .......... 42% 88.8M 13s
185900K .......... .......... .......... .......... .......... 42%  110M 13s
185950K .......... .......... .......... .......... .......... 42% 96.3M 13s
186000K .......... .......... .......... .......... .......... 42% 52.0M 13s
186050K .......... .......... .......... .......... .......... 42% 43.8M 13s
186100K .......... .......... .......... .......... .......... 42% 10.2M 13s
186150K .......... .......... .......... .......... .......... 42% 13.5M 13s
186200K .......... .......... .......... .......... .......... 42% 30.4M 13s
186250K .......... .......... .......... .......... .......... 42% 7.37M 13s
186300K .......... .......... .......... .......... .......... 42% 17.6M 13s
186350K .......... .......... .......... .......... .......... 42% 18.5M 13s
186400K .......... .......... .......... .......... .......... 42% 15.0M 13s
186450K .......... .......... .......... .......... .......... 42% 10.8M 13s
186500K .......... .......... .......... .......... .......... 42% 18.0M 13s
186550K .......... .......... .......... .......... .......... 42% 52.1M 13s
186600K .......... .......... .......... .......... .......... 42% 20.1M 13s
186650K .......... .......... .......... .......... .......... 42% 14.5M 13s
186700K .......... .......... .......... .......... .......... 42% 32.7M 13s
186750K .......... .......... .......... .......... .......... 42% 32.5M 13s
186800K .......... .......... .......... .......... .......... 42% 9.80M 13s
186850K .......... .......... .......... .......... .......... 42% 23.7M 13s
186900K .......... .......... .......... .......... .......... 42% 42.3M 13s
186950K .......... .......... .......... .......... .......... 42% 32.9M 13s
187000K .......... .......... .......... .......... .......... 42% 51.5M 13s
187050K .......... .......... .......... .......... .......... 42%  115M 13s
187100K .......... .......... .......... .......... .......... 42% 33.2M 13s
187150K .......... .......... .......... .......... .......... 42% 63.2M 13s
187200K .......... .......... .......... .......... .......... 42% 18.3M 13s
187250K .......... .......... .......... .......... .......... 42% 56.5M 13s
187300K .......... .......... .......... .......... .......... 42% 41.7M 13s
187350K .......... .......... .......... .......... .......... 42% 27.1M 13s
187400K .......... .......... .......... .......... .......... 42%  110M 13s
187450K .......... .......... .......... .......... .......... 42% 68.0M 13s
187500K .......... .......... .......... .......... .......... 42% 42.1M 13s
187550K .......... .......... .......... .......... .......... 42% 84.4M 13s
187600K .......... .......... .......... .......... .......... 42% 74.3M 13s
187650K .......... .......... .......... .......... .......... 42% 82.4M 13s
187700K .......... .......... .......... .......... .......... 42% 32.0M 13s
187750K .......... .......... .......... .......... .......... 42% 65.4M 13s
187800K .......... .......... .......... .......... .......... 43% 79.9M 13s
187850K .......... .......... .......... .......... .......... 43% 85.4M 13s
187900K .......... .......... .......... .......... .......... 43% 84.8M 13s
187950K .......... .......... .......... .......... .......... 43% 52.0M 13s
188000K .......... .......... .......... .......... .......... 43% 9.33M 13s
188050K .......... .......... .......... .......... .......... 43% 16.2M 13s
188100K .......... .......... .......... .......... .......... 43% 13.4M 13s
188150K .......... .......... .......... .......... .......... 43% 7.37M 13s
188200K .......... .......... .......... .......... .......... 43% 16.8M 13s
188250K .......... .......... .......... .......... .......... 43% 32.2M 13s
188300K .......... .......... .......... .......... .......... 43% 28.3M 13s
188350K .......... .......... .......... .......... .......... 43% 11.2M 13s
188400K .......... .......... .......... .......... .......... 43% 9.20M 13s
188450K .......... .......... .......... .......... .......... 43% 34.9M 13s
188500K .......... .......... .......... .......... .......... 43% 30.1M 13s
188550K .......... .......... .......... .......... .......... 43% 10.5M 13s
188600K .......... .......... .......... .......... .......... 43% 96.6M 13s
188650K .......... .......... .......... .......... .......... 43% 16.0M 13s
188700K .......... .......... .......... .......... .......... 43% 14.9M 13s
188750K .......... .......... .......... .......... .......... 43% 17.6M 12s
188800K .......... .......... .......... .......... .......... 43% 30.2M 12s
188850K .......... .......... .......... .......... .......... 43% 48.8M 12s
188900K .......... .......... .......... .......... .......... 43% 24.2M 12s
188950K .......... .......... .......... .......... .......... 43% 51.5M 12s
189000K .......... .......... .......... .......... .......... 43% 60.5M 12s
189050K .......... .......... .......... .......... .......... 43% 82.1M 12s
189100K .......... .......... .......... .......... .......... 43% 33.5M 12s
189150K .......... .......... .......... .......... .......... 43% 48.3M 12s
189200K .......... .......... .......... .......... .......... 43% 35.3M 12s
189250K .......... .......... .......... .......... .......... 43% 26.7M 12s
189300K .......... .......... .......... .......... .......... 43% 57.3M 12s
189350K .......... .......... .......... .......... .......... 43% 57.4M 12s
189400K .......... .......... .......... .......... .......... 43% 33.2M 12s
189450K .......... .......... .......... .......... .......... 43%  109M 12s
189500K .......... .......... .......... .......... .......... 43%  101M 12s
189550K .......... .......... .......... .......... .......... 43% 60.8M 12s
189600K .......... .......... .......... .......... .......... 43% 30.8M 12s
189650K .......... .......... .......... .......... .......... 43%  105M 12s
189700K .......... .......... .......... .......... .......... 43% 56.8M 12s
189750K .......... .......... .......... .......... .......... 43%  111M 12s
189800K .......... .......... .......... .......... .......... 43% 69.6M 12s
189850K .......... .......... .......... .......... .......... 43% 62.0M 12s
189900K .......... .......... .......... .......... .......... 43% 9.63M 12s
189950K .......... .......... .......... .......... .......... 43% 14.1M 12s
190000K .......... .......... .......... .......... .......... 43% 11.3M 12s
190050K .......... .......... .......... .......... .......... 43% 8.19M 12s
190100K .......... .......... .......... .......... .......... 43% 14.1M 12s
190150K .......... .......... .......... .......... .......... 43% 22.3M 12s
190200K .......... .......... .......... .......... .......... 43% 97.8M 12s
190250K .......... .......... .......... .......... .......... 43% 13.1M 12s
190300K .......... .......... .......... .......... .......... 43% 10.9M 12s
190350K .......... .......... .......... .......... .......... 43% 32.3M 12s
190400K .......... .......... .......... .......... .......... 43% 21.8M 12s
190450K .......... .......... .......... .......... .......... 43% 10.6M 12s
190500K .......... .......... .......... .......... .......... 43% 28.5M 12s
190550K .......... .......... .......... .......... .......... 43% 13.7M 12s
190600K .......... .......... .......... .......... .......... 43% 18.0M 12s
190650K .......... .......... .......... .......... .......... 43% 30.9M 12s
190700K .......... .......... .......... .......... .......... 43% 56.4M 12s
190750K .......... .......... .......... .......... .......... 43% 31.7M 12s
190800K .......... .......... .......... .......... .......... 43% 50.7M 12s
190850K .......... .......... .......... .......... .......... 43% 49.3M 12s
190900K .......... .......... .......... .......... .......... 43% 50.9M 12s
190950K .......... .......... .......... .......... .......... 43% 93.1M 12s
191000K .......... .......... .......... .......... .......... 43% 29.8M 12s
191050K .......... .......... .......... .......... .......... 43% 37.2M 12s
191100K .......... .......... .......... .......... .......... 43% 59.6M 12s
191150K .......... .......... .......... .......... .......... 43% 29.0M 12s
191200K .......... .......... .......... .......... .......... 43% 51.8M 12s
191250K .......... .......... .......... .......... .......... 43% 50.6M 12s
191300K .......... .......... .......... .......... .......... 43% 56.1M 12s
191350K .......... .......... .......... .......... .......... 43%  112M 12s
191400K .......... .......... .......... .......... .......... 43% 74.9M 12s
191450K .......... .......... .......... .......... .......... 43% 79.5M 12s
191500K .......... .......... .......... .......... .......... 43% 43.7M 12s
191550K .......... .......... .......... .......... .......... 43% 93.2M 12s
191600K .......... .......... .......... .......... .......... 43% 41.4M 12s
191650K .......... .......... .......... .......... .......... 43% 82.7M 12s
191700K .......... .......... .......... .......... .......... 43% 52.8M 12s
191750K .......... .......... .......... .......... .......... 43% 19.4M 12s
191800K .......... .......... .......... .......... .......... 43% 13.5M 12s
191850K .......... .......... .......... .......... .......... 43% 14.9M 12s
191900K .......... .......... .......... .......... .......... 43% 11.3M 12s
191950K .......... .......... .......... .......... .......... 43% 7.86M 12s
192000K .......... .......... .......... .......... .......... 43% 14.0M 12s
192050K .......... .......... .......... .......... .......... 43% 22.4M 12s
192100K .......... .......... .......... .......... .......... 43% 24.0M 12s
192150K .......... .......... .......... .......... .......... 44% 20.6M 12s
192200K .......... .......... .......... .......... .......... 44% 11.5M 12s
192250K .......... .......... .......... .......... .......... 44% 35.0M 12s
192300K .......... .......... .......... .......... .......... 44% 16.3M 12s
192350K .......... .......... .......... .......... .......... 44% 16.6M 12s
192400K .......... .......... .......... .......... .......... 44% 14.3M 12s
192450K .......... .......... .......... .......... .......... 44% 23.7M 12s
192500K .......... .......... .......... .......... .......... 44% 14.5M 12s
192550K .......... .......... .......... .......... .......... 44% 38.6M 12s
192600K .......... .......... .......... .......... .......... 44% 94.9M 12s
192650K .......... .......... .......... .......... .......... 44% 43.0M 12s
192700K .......... .......... .......... .......... .......... 44% 35.7M 12s
192750K .......... .......... .......... .......... .......... 44% 81.9M 12s
192800K .......... .......... .......... .......... .......... 44% 34.9M 12s
192850K .......... .......... .......... .......... .......... 44% 37.6M 12s
192900K .......... .......... .......... .......... .......... 44% 34.8M 12s
192950K .......... .......... .......... .......... .......... 44% 79.5M 12s
193000K .......... .......... .......... .......... .......... 44% 62.7M 12s
193050K .......... .......... .......... .......... .......... 44% 35.0M 12s
193100K .......... .......... .......... .......... .......... 44% 44.2M 12s
193150K .......... .......... .......... .......... .......... 44% 41.6M 12s
193200K .......... .......... .......... .......... .......... 44% 42.1M 12s
193250K .......... .......... .......... .......... .......... 44% 91.3M 12s
193300K .......... .......... .......... .......... .......... 44% 79.0M 12s
193350K .......... .......... .......... .......... .......... 44% 85.1M 12s
193400K .......... .......... .......... .......... .......... 44% 50.7M 12s
193450K .......... .......... .......... .......... .......... 44% 64.0M 12s
193500K .......... .......... .......... .......... .......... 44% 50.4M 12s
193550K .......... .......... .......... .......... .......... 44%  112M 12s
193600K .......... .......... .......... .......... .......... 44% 38.4M 12s
193650K .......... .......... .......... .......... .......... 44% 14.8M 12s
193700K .......... .......... .......... .......... .......... 44% 15.1M 12s
193750K .......... .......... .......... .......... .......... 44% 18.8M 12s
193800K .......... .......... .......... .......... .......... 44% 15.9M 12s
193850K .......... .......... .......... .......... .......... 44% 7.28M 12s
193900K .......... .......... .......... .......... .......... 44% 26.0M 12s
193950K .......... .......... .......... .......... .......... 44% 11.9M 12s
194000K .......... .......... .......... .......... .......... 44% 13.0M 12s
194050K .......... .......... .......... .......... .......... 44% 13.6M 12s
194100K .......... .......... .......... .......... .......... 44% 32.3M 12s
194150K .......... .......... .......... .......... .......... 44% 26.3M 12s
194200K .......... .......... .......... .......... .......... 44% 12.1M 12s
194250K .......... .......... .......... .......... .......... 44% 20.7M 12s
194300K .......... .......... .......... .......... .......... 44% 28.5M 12s
194350K .......... .......... .......... .......... .......... 44% 13.8M 12s
194400K .......... .......... .......... .......... .......... 44% 13.5M 12s
194450K .......... .......... .......... .......... .......... 44% 36.4M 12s
194500K .......... .......... .......... .......... .......... 44% 35.8M 12s
194550K .......... .......... .......... .......... .......... 44% 45.2M 12s
194600K .......... .......... .......... .......... .......... 44% 85.5M 12s
194650K .......... .......... .......... .......... .......... 44% 92.7M 12s
194700K .......... .......... .......... .......... .......... 44% 35.2M 12s
194750K .......... .......... .......... .......... .......... 44% 38.3M 12s
194800K .......... .......... .......... .......... .......... 44% 32.2M 12s
194850K .......... .......... .......... .......... .......... 44% 69.2M 12s
194900K .......... .......... .......... .......... .......... 44% 31.5M 12s
194950K .......... .......... .......... .......... .......... 44% 31.3M 12s
195000K .......... .......... .......... .......... .......... 44% 86.8M 12s
195050K .......... .......... .......... .......... .......... 44% 62.5M 12s
195100K .......... .......... .......... .......... .......... 44% 27.9M 12s
195150K .......... .......... .......... .......... .......... 44% 64.7M 12s
195200K .......... .......... .......... .......... .......... 44% 82.3M 12s
195250K .......... .......... .......... .......... .......... 44% 64.0M 12s
195300K .......... .......... .......... .......... .......... 44% 34.0M 12s
195350K .......... .......... .......... .......... .......... 44% 63.4M 12s
195400K .......... .......... .......... .......... .......... 44% 71.3M 12s
195450K .......... .......... .......... .......... .......... 44% 44.4M 12s
195500K .......... .......... .......... .......... .......... 44% 97.6M 12s
195550K .......... .......... .......... .......... .......... 44% 14.8M 12s
195600K .......... .......... .......... .......... .......... 44% 12.5M 12s
195650K .......... .......... .......... .......... .......... 44% 13.0M 12s
195700K .......... .......... .......... .......... .......... 44% 15.0M 12s
195750K .......... .......... .......... .......... .......... 44% 8.08M 12s
195800K .......... .......... .......... .......... .......... 44%  101M 12s
195850K .......... .......... .......... .......... .......... 44% 8.53M 12s
195900K .......... .......... .......... .......... .......... 44% 25.9M 12s
195950K .......... .......... .......... .......... .......... 44% 19.4M 12s
196000K .......... .......... .......... .......... .......... 44% 11.4M 12s
196050K .......... .......... .......... .......... .......... 44% 65.1M 12s
196100K .......... .......... .......... .......... .......... 44% 9.32M 12s
196150K .......... .......... .......... .......... .......... 44% 25.1M 12s
196200K .......... .......... .......... .......... .......... 44%  116M 12s
196250K .......... .......... .......... .......... .......... 44% 13.0M 12s
196300K .......... .......... .......... .......... .......... 44% 15.2M 12s
196350K .......... .......... .......... .......... .......... 44% 42.0M 12s
196400K .......... .......... .......... .......... .......... 44% 32.2M 12s
196450K .......... .......... .......... .......... .......... 44% 50.1M 12s
196500K .......... .......... .......... .......... .......... 45% 63.2M 12s
196550K .......... .......... .......... .......... .......... 45% 55.6M 12s
196600K .......... .......... .......... .......... .......... 45% 72.0M 12s
196650K .......... .......... .......... .......... .......... 45% 30.4M 12s
196700K .......... .......... .......... .......... .......... 45% 37.8M 12s
196750K .......... .......... .......... .......... .......... 45% 69.1M 12s
196800K .......... .......... .......... .......... .......... 45% 33.7M 12s
196850K .......... .......... .......... .......... .......... 45% 22.7M 12s
196900K .......... .......... .......... .......... .......... 45% 85.6M 12s
196950K .......... .......... .......... .......... .......... 45% 64.3M 12s
197000K .......... .......... .......... .......... .......... 45% 49.0M 12s
197050K .......... .......... .......... .......... .......... 45% 83.6M 12s
197100K .......... .......... .......... .......... .......... 45% 85.2M 12s
197150K .......... .......... .......... .......... .......... 45% 55.9M 12s
197200K .......... .......... .......... .......... .......... 45% 38.7M 12s
197250K .......... .......... .......... .......... .......... 45%  112M 12s
197300K .......... .......... .......... .......... .......... 45% 50.2M 12s
197350K .......... .......... .......... .......... .......... 45% 53.7M 12s
197400K .......... .......... .......... .......... .......... 45% 24.8M 12s
197450K .......... .......... .......... .......... .......... 45% 15.0M 12s
197500K .......... .......... .......... .......... .......... 45% 15.3M 12s
197550K .......... .......... .......... .......... .......... 45% 24.9M 12s
197600K .......... .......... .......... .......... .......... 45% 8.32M 12s
197650K .......... .......... .......... .......... .......... 45% 10.6M 12s
197700K .......... .......... .......... .......... .......... 45% 24.7M 12s
197750K .......... .......... .......... .......... .......... 45% 12.0M 12s
197800K .......... .......... .......... .......... .......... 45% 23.9M 12s
197850K .......... .......... .......... .......... .......... 45% 15.5M 12s
197900K .......... .......... .......... .......... .......... 45% 24.2M 12s
197950K .......... .......... .......... .......... .......... 45% 40.3M 12s
198000K .......... .......... .......... .......... .......... 45% 8.41M 12s
198050K .......... .......... .......... .......... .......... 45% 26.6M 12s
198100K .......... .......... .......... .......... .......... 45% 14.3M 12s
198150K .......... .......... .......... .......... .......... 45% 50.9M 12s
198200K .......... .......... .......... .......... .......... 45% 15.0M 12s
198250K .......... .......... .......... .......... .......... 45% 43.7M 12s
198300K .......... .......... .......... .......... .......... 45% 37.0M 12s
198350K .......... .......... .......... .......... .......... 45% 42.8M 12s
198400K .......... .......... .......... .......... .......... 45% 45.5M 12s
198450K .......... .......... .......... .......... .......... 45% 29.1M 12s
198500K .......... .......... .......... .......... .......... 45%  106M 12s
198550K .......... .......... .......... .......... .......... 45% 30.9M 12s
198600K .......... .......... .......... .......... .......... 45% 36.1M 12s
198650K .......... .......... .......... .......... .......... 45% 80.4M 12s
198700K .......... .......... .......... .......... .......... 45% 47.5M 12s
198750K .......... .......... .......... .......... .......... 45% 36.7M 12s
198800K .......... .......... .......... .......... .......... 45% 50.9M 12s
198850K .......... .......... .......... .......... .......... 45% 66.6M 12s
198900K .......... .......... .......... .......... .......... 45% 55.8M 12s
198950K .......... .......... .......... .......... .......... 45% 70.8M 12s
199000K .......... .......... .......... .......... .......... 45% 63.2M 12s
199050K .......... .......... .......... .......... .......... 45% 85.5M 12s
199100K .......... .......... .......... .......... .......... 45% 50.4M 12s
199150K .......... .......... .......... .......... .......... 45%  110M 12s
199200K .......... .......... .......... .......... .......... 45% 22.6M 12s
199250K .......... .......... .......... .......... .......... 45% 62.7M 12s
199300K .......... .......... .......... .......... .......... 45% 16.8M 12s
199350K .......... .......... .......... .......... .......... 45% 15.8M 12s
199400K .......... .......... .......... .......... .......... 45% 18.9M 12s
199450K .......... .......... .......... .......... .......... 45% 17.5M 12s
199500K .......... .......... .......... .......... .......... 45% 15.3M 12s
199550K .......... .......... .......... .......... .......... 45% 7.08M 12s
199600K .......... .......... .......... .......... .......... 45% 19.1M 12s
199650K .......... .......... .......... .......... .......... 45% 10.8M 12s
199700K .......... .......... .......... .......... .......... 45% 29.9M 12s
199750K .......... .......... .......... .......... .......... 45% 11.4M 12s
199800K .......... .......... .......... .......... .......... 45% 43.0M 12s
199850K .......... .......... .......... .......... .......... 45% 26.2M 12s
199900K .......... .......... .......... .......... .......... 45% 18.2M 12s
199950K .......... .......... .......... .......... .......... 45% 14.2M 12s
200000K .......... .......... .......... .......... .......... 45% 12.4M 12s
200050K .......... .......... .......... .......... .......... 45% 20.5M 12s
200100K .......... .......... .......... .......... .......... 45% 30.2M 12s
200150K .......... .......... .......... .......... .......... 45% 40.2M 12s
200200K .......... .......... .......... .......... .......... 45% 83.4M 12s
200250K .......... .......... .......... .......... .......... 45% 16.6M 12s
200300K .......... .......... .......... .......... .......... 45% 49.9M 12s
200350K .......... .......... .......... .......... .......... 45% 42.7M 12s
200400K .......... .......... .......... .......... .......... 45% 31.8M 12s
200450K .......... .......... .......... .......... .......... 45% 16.9M 12s
200500K .......... .......... .......... .......... .......... 45% 52.2M 12s
200550K .......... .......... .......... .......... .......... 45% 83.8M 12s
200600K .......... .......... .......... .......... .......... 45% 51.2M 12s
200650K .......... .......... .......... .......... .......... 45% 31.2M 12s
200700K .......... .......... .......... .......... .......... 45% 84.8M 12s
200750K .......... .......... .......... .......... .......... 45% 63.8M 12s
200800K .......... .......... .......... .......... .......... 45% 50.8M 12s
200850K .......... .......... .......... .......... .......... 45% 51.4M 12s
200900K .......... .......... .......... .......... .......... 46% 83.6M 12s
200950K .......... .......... .......... .......... .......... 46% 70.7M 12s
201000K .......... .......... .......... .......... .......... 46% 73.2M 12s
201050K .......... .......... .......... .......... .......... 46%  116M 12s
201100K .......... .......... .......... .......... .......... 46% 32.0M 12s
201150K .......... .......... .......... .......... .......... 46% 31.4M 12s
201200K .......... .......... .......... .......... .......... 46% 20.4M 12s
201250K .......... .......... .......... .......... .......... 46% 21.6M 12s
201300K .......... .......... .......... .......... .......... 46%  110M 12s
201350K .......... .......... .......... .......... .......... 46% 8.98M 12s
201400K .......... .......... .......... .......... .......... 46% 19.1M 12s
201450K .......... .......... .......... .......... .......... 46% 8.66M 12s
201500K .......... .......... .......... .......... .......... 46% 14.3M 12s
201550K .......... .......... .......... .......... .......... 46% 29.7M 12s
201600K .......... .......... .......... .......... .......... 46% 8.95M 12s
201650K .......... .......... .......... .......... .......... 46% 12.7M 12s
201700K .......... .......... .......... .......... .......... 46% 83.9M 12s
201750K .......... .......... .......... .......... .......... 46% 12.8M 12s
201800K .......... .......... .......... .......... .......... 46% 61.8M 12s
201850K .......... .......... .......... .......... .......... 46% 12.2M 12s
201900K .......... .......... .......... .......... .......... 46% 16.6M 12s
201950K .......... .......... .......... .......... .......... 46% 71.1M 12s
202000K .......... .......... .......... .......... .......... 46% 10.8M 12s
202050K .......... .......... .......... .......... .......... 46% 86.0M 12s
202100K .......... .......... .......... .......... .......... 46% 38.6M 12s
202150K .......... .......... .......... .......... .......... 46% 65.7M 12s
202200K .......... .......... .......... .......... .......... 46% 65.2M 12s
202250K .......... .......... .......... .......... .......... 46% 58.5M 12s
202300K .......... .......... .......... .......... .......... 46% 34.4M 12s
202350K .......... .......... .......... .......... .......... 46% 33.9M 12s
202400K .......... .......... .......... .......... .......... 46% 50.3M 12s
202450K .......... .......... .......... .......... .......... 46% 51.3M 12s
202500K .......... .......... .......... .......... .......... 46% 62.0M 12s
202550K .......... .......... .......... .......... .......... 46% 33.6M 12s
202600K .......... .......... .......... .......... .......... 46% 73.0M 12s
202650K .......... .......... .......... .......... .......... 46% 45.0M 12s
202700K .......... .......... .......... .......... .......... 46%  105M 12s
202750K .......... .......... .......... .......... .......... 46% 55.9M 12s
202800K .......... .......... .......... .......... .......... 46% 48.8M 12s
202850K .......... .......... .......... .......... .......... 46% 68.8M 12s
202900K .......... .......... .......... .......... .......... 46% 75.7M 12s
202950K .......... .......... .......... .......... .......... 46% 63.6M 12s
203000K .......... .......... .......... .......... .......... 46% 51.4M 12s
203050K .......... .......... .......... .......... .......... 46% 31.3M 12s
203100K .......... .......... .......... .......... .......... 46% 21.0M 12s
203150K .......... .......... .......... .......... .......... 46% 23.2M 12s
203200K .......... .......... .......... .......... .......... 46% 25.9M 12s
203250K .......... .......... .......... .......... .......... 46% 12.3M 12s
203300K .......... .......... .......... .......... .......... 46% 14.8M 12s
203350K .......... .......... .......... .......... .......... 46% 8.07M 12s
203400K .......... .......... .......... .......... .......... 46% 14.7M 12s
203450K .......... .......... .......... .......... .......... 46% 46.4M 12s
203500K .......... .......... .......... .......... .......... 46% 9.81M 12s
203550K .......... .......... .......... .......... .......... 46% 12.4M 12s
203600K .......... .......... .......... .......... .......... 46% 56.7M 12s
203650K .......... .......... .......... .......... .......... 46% 12.3M 12s
203700K .......... .......... .......... .......... .......... 46% 23.6M 12s
203750K .......... .......... .......... .......... .......... 46% 10.6M 12s
203800K .......... .......... .......... .......... .......... 46% 20.9M 12s
203850K .......... .......... .......... .......... .......... 46% 22.0M 12s
203900K .......... .......... .......... .......... .......... 46% 22.3M 12s
203950K .......... .......... .......... .......... .......... 46% 64.5M 12s
204000K .......... .......... .......... .......... .......... 46% 43.5M 12s
204050K .......... .......... .......... .......... .......... 46% 42.0M 12s
204100K .......... .......... .......... .......... .......... 46% 49.7M 12s
204150K .......... .......... .......... .......... .......... 46% 43.6M 12s
204200K .......... .......... .......... .......... .......... 46% 50.4M 12s
204250K .......... .......... .......... .......... .......... 46% 36.1M 11s
204300K .......... .......... .......... .......... .......... 46% 63.1M 11s
204350K .......... .......... .......... .......... .......... 46% 52.8M 11s
204400K .......... .......... .......... .......... .......... 46% 19.5M 11s
204450K .......... .......... .......... .......... .......... 46% 63.4M 11s
204500K .......... .......... .......... .......... .......... 46% 65.3M 11s
204550K .......... .......... .......... .......... .......... 46% 42.7M 11s
204600K .......... .......... .......... .......... .......... 46% 35.5M 11s
204650K .......... .......... .......... .......... .......... 46% 64.6M 11s
204700K .......... .......... .......... .......... .......... 46% 84.8M 11s
204750K .......... .......... .......... .......... .......... 46% 50.4M 11s
204800K .......... .......... .......... .......... .......... 46% 62.1M 11s
204850K .......... .......... .......... .......... .......... 46% 85.9M 11s
204900K .......... .......... .......... .......... .......... 46% 49.4M 11s
204950K .......... .......... .......... .......... .......... 46% 29.4M 11s
205000K .......... .......... .......... .......... .......... 46% 12.4M 11s
205050K .......... .......... .......... .......... .......... 46% 48.7M 11s
205100K .......... .......... .......... .......... .......... 46% 29.3M 11s
205150K .......... .......... .......... .......... .......... 46% 11.9M 11s
205200K .......... .......... .......... .......... .......... 46% 10.6M 11s
205250K .......... .......... .......... .......... .......... 47% 7.97M 11s
205300K .......... .......... .......... .......... .......... 47% 18.1M 11s
205350K .......... .......... .......... .......... .......... 47% 31.1M 11s
205400K .......... .......... .......... .......... .......... 47% 12.1M 11s
205450K .......... .......... .......... .......... .......... 47% 11.3M 11s
205500K .......... .......... .......... .......... .......... 47% 55.4M 11s
205550K .......... .......... .......... .......... .......... 47% 12.9M 11s
205600K .......... .......... .......... .......... .......... 47% 16.0M 11s
205650K .......... .......... .......... .......... .......... 47% 12.7M 11s
205700K .......... .......... .......... .......... .......... 47% 19.2M 11s
205750K .......... .......... .......... .......... .......... 47% 19.9M 11s
205800K .......... .......... .......... .......... .......... 47% 22.3M 11s
205850K .......... .......... .......... .......... .......... 47% 51.6M 11s
205900K .......... .......... .......... .......... .......... 47% 49.8M 11s
205950K .......... .......... .......... .......... .......... 47% 63.8M 11s
206000K .......... .......... .......... .......... .......... 47% 40.3M 11s
206050K .......... .......... .......... .......... .......... 47% 29.0M 11s
206100K .......... .......... .......... .......... .......... 47% 75.6M 11s
206150K .......... .......... .......... .......... .......... 47% 48.6M 11s
206200K .......... .......... .......... .......... .......... 47% 51.8M 11s
206250K .......... .......... .......... .......... .......... 47% 35.0M 11s
206300K .......... .......... .......... .......... .......... 47% 55.0M 11s
206350K .......... .......... .......... .......... .......... 47% 56.2M 11s
206400K .......... .......... .......... .......... .......... 47% 51.5M 11s
206450K .......... .......... .......... .......... .......... 47% 50.9M 11s
206500K .......... .......... .......... .......... .......... 47% 65.9M 11s
206550K .......... .......... .......... .......... .......... 47% 61.2M 11s
206600K .......... .......... .......... .......... .......... 47% 67.4M 11s
206650K .......... .......... .......... .......... .......... 47% 76.2M 11s
206700K .......... .......... .......... .......... .......... 47% 72.5M 11s
206750K .......... .......... .......... .......... .......... 47% 68.9M 11s
206800K .......... .......... .......... .......... .......... 47% 31.6M 11s
206850K .......... .......... .......... .......... .......... 47% 41.6M 11s
206900K .......... .......... .......... .......... .......... 47% 12.6M 11s
206950K .......... .......... .......... .......... .......... 47% 34.0M 11s
207000K .......... .......... .......... .......... .......... 47% 23.4M 11s
207050K .......... .......... .......... .......... .......... 47% 13.0M 11s
207100K .......... .......... .......... .......... .......... 47% 13.9M 11s
207150K .......... .......... .......... .......... .......... 47% 12.1M 11s
207200K .......... .......... .......... .......... .......... 47% 12.1M 11s
207250K .......... .......... .......... .......... .......... 47% 14.9M 11s
207300K .......... .......... .......... .......... .......... 47% 10.0M 11s
207350K .......... .......... .......... .......... .......... 47% 20.7M 11s
207400K .......... .......... .......... .......... .......... 47% 17.2M 11s
207450K .......... .......... .......... .......... .......... 47% 26.4M 11s
207500K .......... .......... .......... .......... .......... 47% 27.8M 11s
207550K .......... .......... .......... .......... .......... 47% 19.2M 11s
207600K .......... .......... .......... .......... .......... 47% 11.1M 11s
207650K .......... .......... .......... .......... .......... 47% 19.4M 11s
207700K .......... .......... .......... .......... .......... 47% 44.4M 11s
207750K .......... .......... .......... .......... .......... 47% 48.3M 11s
207800K .......... .......... .......... .......... .......... 47% 63.7M 11s
207850K .......... .......... .......... .......... .......... 47% 42.2M 11s
207900K .......... .......... .......... .......... .......... 47% 67.3M 11s
207950K .......... .......... .......... .......... .......... 47% 28.2M 11s
208000K .......... .......... .......... .......... .......... 47% 44.5M 11s
208050K .......... .......... .......... .......... .......... 47% 61.0M 11s
208100K .......... .......... .......... .......... .......... 47% 46.4M 11s
208150K .......... .......... .......... .......... .......... 47% 24.8M 11s
208200K .......... .......... .......... .......... .......... 47% 85.5M 11s
208250K .......... .......... .......... .......... .......... 47% 63.3M 11s
208300K .......... .......... .......... .......... .......... 47% 62.5M 11s
208350K .......... .......... .......... .......... .......... 47% 65.3M 11s
208400K .......... .......... .......... .......... .......... 47% 42.4M 11s
208450K .......... .......... .......... .......... .......... 47% 54.2M 11s
208500K .......... .......... .......... .......... .......... 47% 71.2M 11s
208550K .......... .......... .......... .......... .......... 47% 84.1M 11s
208600K .......... .......... .......... .......... .......... 47% 71.4M 11s
208650K .......... .......... .......... .......... .......... 47% 54.1M 11s
208700K .......... .......... .......... .......... .......... 47% 55.9M 11s
208750K .......... .......... .......... .......... .......... 47% 46.8M 11s
208800K .......... .......... .......... .......... .......... 47% 11.5M 11s
208850K .......... .......... .......... .......... .......... 47% 30.4M 11s
208900K .......... .......... .......... .......... .......... 47% 18.8M 11s
208950K .......... .......... .......... .......... .......... 47% 28.5M 11s
209000K .......... .......... .......... .......... .......... 47% 8.19M 11s
209050K .......... .......... .......... .......... .......... 47% 8.82M 11s
209100K .......... .......... .......... .......... .......... 47% 18.8M 11s
209150K .......... .......... .......... .......... .......... 47% 14.4M 11s
209200K .......... .......... .......... .......... .......... 47% 18.3M 11s
209250K .......... .......... .......... .......... .......... 47% 13.9M 11s
209300K .......... .......... .......... .......... .......... 47% 16.0M 11s
209350K .......... .......... .......... .......... .......... 47% 23.7M 11s
209400K .......... .......... .......... .......... .......... 47% 21.2M 11s
209450K .......... .......... .......... .......... .......... 47% 18.7M 11s
209500K .......... .......... .......... .......... .......... 47% 15.4M 11s
209550K .......... .......... .......... .......... .......... 47% 12.6M 11s
209600K .......... .......... .......... .......... .......... 48% 23.9M 11s
209650K .......... .......... .......... .......... .......... 48% 67.9M 11s
209700K .......... .......... .......... .......... .......... 48% 45.8M 11s
209750K .......... .......... .......... .......... .......... 48% 58.6M 11s
209800K .......... .......... .......... .......... .......... 48% 29.2M 11s
209850K .......... .......... .......... .......... .......... 48% 44.6M 11s
209900K .......... .......... .......... .......... .......... 48% 43.9M 11s
209950K .......... .......... .......... .......... .......... 48% 86.1M 11s
210000K .......... .......... .......... .......... .......... 48% 29.4M 11s
210050K .......... .......... .......... .......... .......... 48% 31.9M 11s
210100K .......... .......... .......... .......... .......... 48% 85.1M 11s
210150K .......... .......... .......... .......... .......... 48% 37.8M 11s
210200K .......... .......... .......... .......... .......... 48% 99.2M 11s
210250K .......... .......... .......... .......... .......... 48% 43.0M 11s
210300K .......... .......... .......... .......... .......... 48% 73.2M 11s
210350K .......... .......... .......... .......... .......... 48% 55.6M 11s
210400K .......... .......... .......... .......... .......... 48% 62.8M 11s
210450K .......... .......... .......... .......... .......... 48% 75.8M 11s
210500K .......... .......... .......... .......... .......... 48% 45.7M 11s
210550K .......... .......... .......... .......... .......... 48% 98.7M 11s
210600K .......... .......... .......... .......... .......... 48% 40.0M 11s
210650K .......... .......... .......... .......... .......... 48% 31.1M 11s
210700K .......... .......... .......... .......... .......... 48% 16.8M 11s
210750K .......... .......... .......... .......... .......... 48% 18.3M 11s
210800K .......... .......... .......... .......... .......... 48% 18.5M 11s
210850K .......... .......... .......... .......... .......... 48% 18.4M 11s
210900K .......... .......... .......... .......... .......... 48% 7.77M 11s
210950K .......... .......... .......... .......... .......... 48% 20.3M 11s
211000K .......... .......... .......... .......... .......... 48% 18.7M 11s
211050K .......... .......... .......... .......... .......... 48% 13.2M 11s
211100K .......... .......... .......... .......... .......... 48% 12.4M 11s
211150K .......... .......... .......... .......... .......... 48% 22.2M 11s
211200K .......... .......... .......... .......... .......... 48% 11.7M 11s
211250K .......... .......... .......... .......... .......... 48% 17.8M 11s
211300K .......... .......... .......... .......... .......... 48% 34.6M 11s
211350K .......... .......... .......... .......... .......... 48% 18.2M 11s
211400K .......... .......... .......... .......... .......... 48% 15.3M 11s
211450K .......... .......... .......... .......... .......... 48% 12.1M 11s
211500K .......... .......... .......... .......... .......... 48% 51.1M 11s
211550K .......... .......... .......... .......... .......... 48% 83.2M 11s
211600K .......... .......... .......... .......... .......... 48% 37.0M 11s
211650K .......... .......... .......... .......... .......... 48% 50.5M 11s
211700K .......... .......... .......... .......... .......... 48% 35.8M 11s
211750K .......... .......... .......... .......... .......... 48% 65.1M 11s
211800K .......... .......... .......... .......... .......... 48% 32.3M 11s
211850K .......... .......... .......... .......... .......... 48% 36.9M 11s
211900K .......... .......... .......... .......... .......... 48% 63.8M 11s
211950K .......... .......... .......... .......... .......... 48% 38.4M 11s
212000K .......... .......... .......... .......... .......... 48% 32.6M 11s
212050K .......... .......... .......... .......... .......... 48%  113M 11s
212100K .......... .......... .......... .......... .......... 48% 42.5M 11s
212150K .......... .......... .......... .......... .......... 48% 62.7M 11s
212200K .......... .......... .......... .......... .......... 48% 86.3M 11s
212250K .......... .......... .......... .......... .......... 48% 83.2M 11s
212300K .......... .......... .......... .......... .......... 48% 53.3M 11s
212350K .......... .......... .......... .......... .......... 48% 88.2M 11s
212400K .......... .......... .......... .......... .......... 48% 41.9M 11s
212450K .......... .......... .......... .......... .......... 48% 84.7M 11s
212500K .......... .......... .......... .......... .......... 48% 36.7M 11s
212550K .......... .......... .......... .......... .......... 48% 32.4M 11s
212600K .......... .......... .......... .......... .......... 48% 15.2M 11s
212650K .......... .......... .......... .......... .......... 48% 18.2M 11s
212700K .......... .......... .......... .......... .......... 48% 28.3M 11s
212750K .......... .......... .......... .......... .......... 48% 16.8M 11s
212800K .......... .......... .......... .......... .......... 48% 7.27M 11s
212850K .......... .......... .......... .......... .......... 48% 11.2M 11s
212900K .......... .......... .......... .......... .......... 48% 19.6M 11s
212950K .......... .......... .......... .......... .......... 48% 17.4M 11s
213000K .......... .......... .......... .......... .......... 48% 13.4M 11s
213050K .......... .......... .......... .......... .......... 48% 41.6M 11s
213100K .......... .......... .......... .......... .......... 48% 14.0M 11s
213150K .......... .......... .......... .......... .......... 48% 30.1M 11s
213200K .......... .......... .......... .......... .......... 48% 10.2M 11s
213250K .......... .......... .......... .......... .......... 48% 14.0M 11s
213300K .......... .......... .......... .......... .......... 48% 22.5M 11s
213350K .......... .......... .......... .......... .......... 48% 18.9M 11s
213400K .......... .......... .......... .......... .......... 48% 50.1M 11s
213450K .......... .......... .......... .......... .......... 48% 85.0M 11s
213500K .......... .......... .......... .......... .......... 48% 50.7M 11s
213550K .......... .......... .......... .......... .......... 48% 81.5M 11s
213600K .......... .......... .......... .......... .......... 48% 21.1M 11s
213650K .......... .......... .......... .......... .......... 48% 87.2M 11s
213700K .......... .......... .......... .......... .......... 48% 42.9M 11s
213750K .......... .......... .......... .......... .......... 48% 38.7M 11s
213800K .......... .......... .......... .......... .......... 48% 38.9M 11s
213850K .......... .......... .......... .......... .......... 48% 28.1M 11s
213900K .......... .......... .......... .......... .......... 48% 64.6M 11s
213950K .......... .......... .......... .......... .......... 48% 68.3M 11s
214000K .......... .......... .......... .......... .......... 49% 35.3M 11s
214050K .......... .......... .......... .......... .......... 49% 89.9M 11s
214100K .......... .......... .......... .......... .......... 49% 75.9M 11s
214150K .......... .......... .......... .......... .......... 49% 87.5M 11s
214200K .......... .......... .......... .......... .......... 49% 41.0M 11s
214250K .......... .......... .......... .......... .......... 49% 46.6M 11s
214300K .......... .......... .......... .......... .......... 49%  100M 11s
214350K .......... .......... .......... .......... .......... 49% 80.5M 11s
214400K .......... .......... .......... .......... .......... 49% 32.9M 11s
214450K .......... .......... .......... .......... .......... 49% 26.3M 11s
214500K .......... .......... .......... .......... .......... 49% 15.5M 11s
214550K .......... .......... .......... .......... .......... 49% 16.8M 11s
214600K .......... .......... .......... .......... .......... 49% 27.0M 11s
214650K .......... .......... .......... .......... .......... 49% 18.5M 11s
214700K .......... .......... .......... .......... .......... 49% 23.0M 11s
214750K .......... .......... .......... .......... .......... 49% 8.73M 11s
214800K .......... .......... .......... .......... .......... 49% 7.62M 11s
214850K .......... .......... .......... .......... .......... 49% 39.2M 11s
214900K .......... .......... .......... .......... .......... 49% 11.2M 11s
214950K .......... .......... .......... .......... .......... 49% 16.2M 11s
215000K .......... .......... .......... .......... .......... 49% 14.5M 11s
215050K .......... .......... .......... .......... .......... 49% 23.1M 11s
215100K .......... .......... .......... .......... .......... 49% 18.2M 11s
215150K .......... .......... .......... .......... .......... 49% 20.7M 11s
215200K .......... .......... .......... .......... .......... 49% 11.7M 11s
215250K .......... .......... .......... .......... .......... 49% 21.0M 11s
215300K .......... .......... .......... .......... .......... 49% 83.0M 11s
215350K .......... .......... .......... .......... .......... 49% 46.9M 11s
215400K .......... .......... .......... .......... .......... 49% 56.1M 11s
215450K .......... .......... .......... .......... .......... 49% 23.1M 11s
215500K .......... .......... .......... .......... .......... 49% 33.4M 11s
215550K .......... .......... .......... .......... .......... 49% 61.8M 11s
215600K .......... .......... .......... .......... .......... 49% 45.6M 11s
215650K .......... .......... .......... .......... .......... 49% 36.6M 11s
215700K .......... .......... .......... .......... .......... 49% 73.1M 11s
215750K .......... .......... .......... .......... .......... 49% 23.6M 11s
215800K .......... .......... .......... .......... .......... 49%  103M 11s
215850K .......... .......... .......... .......... .......... 49% 61.7M 11s
215900K .......... .......... .......... .......... .......... 49% 36.9M 11s
215950K .......... .......... .......... .......... .......... 49%  104M 11s
216000K .......... .......... .......... .......... .......... 49% 84.8M 11s
216050K .......... .......... .......... .......... .......... 49% 83.4M 11s
216100K .......... .......... .......... .......... .......... 49% 53.3M 11s
216150K .......... .......... .......... .......... .......... 49% 46.2M 11s
216200K .......... .......... .......... .......... .......... 49% 96.2M 11s
216250K .......... .......... .......... .......... .......... 49% 57.7M 11s
216300K .......... .......... .......... .......... .......... 49% 48.6M 11s
216350K .......... .......... .......... .......... .......... 49% 25.3M 11s
216400K .......... .......... .......... .......... .......... 49% 15.8M 11s
216450K .......... .......... .......... .......... .......... 49% 14.6M 11s
216500K .......... .......... .......... .......... .......... 49% 22.9M 11s
216550K .......... .......... .......... .......... .......... 49% 15.9M 11s
216600K .......... .......... .......... .......... .......... 49% 46.2M 11s
216650K .......... .......... .......... .......... .......... 49% 5.84M 11s
216700K .......... .......... .......... .......... .......... 49% 16.0M 11s
216750K .......... .......... .......... .......... .......... 49% 10.7M 11s
216800K .......... .......... .......... .......... .......... 49% 17.4M 11s
216850K .......... .......... .......... .......... .......... 49% 16.5M 11s
216900K .......... .......... .......... .......... .......... 49% 22.3M 11s
216950K .......... .......... .......... .......... .......... 49% 29.3M 11s
217000K .......... .......... .......... .......... .......... 49% 15.9M 11s
217050K .......... .......... .......... .......... .......... 49% 12.4M 11s
217100K .......... .......... .......... .......... .......... 49% 15.5M 11s
217150K .......... .......... .......... .......... .......... 49% 53.0M 11s
217200K .......... .......... .......... .......... .......... 49% 52.3M 11s
217250K .......... .......... .......... .......... .......... 49% 64.7M 11s
217300K .......... .......... .......... .......... .......... 49% 47.7M 11s
217350K .......... .......... .......... .......... .......... 49% 31.4M 11s
217400K .......... .......... .......... .......... .......... 49% 47.5M 11s
217450K .......... .......... .......... .......... .......... 49% 89.9M 11s
217500K .......... .......... .......... .......... .......... 49% 89.2M 11s
217550K .......... .......... .......... .......... .......... 49% 31.9M 11s
217600K .......... .......... .......... .......... .......... 49% 22.9M 11s
217650K .......... .......... .......... .......... .......... 49% 34.5M 11s
217700K .......... .......... .......... .......... .......... 49% 86.9M 11s
217750K .......... .......... .......... .......... .......... 49% 83.8M 11s
217800K .......... .......... .......... .......... .......... 49% 49.7M 11s
217850K .......... .......... .......... .......... .......... 49% 94.8M 11s
217900K .......... .......... .......... .......... .......... 49%  110M 11s
217950K .......... .......... .......... .......... .......... 49% 64.4M 11s
218000K .......... .......... .......... .......... .......... 49% 34.7M 11s
218050K .......... .......... .......... .......... .......... 49% 84.6M 11s
218100K .......... .......... .......... .......... .......... 49% 62.8M 11s
218150K .......... .......... .......... .......... .......... 49% 40.9M 11s
218200K .......... .......... .......... .......... .......... 49% 27.3M 11s
218250K .......... .......... .......... .......... .......... 49% 35.1M 11s
218300K .......... .......... .......... .......... .......... 49% 20.1M 11s
218350K .......... .......... .......... .......... .......... 50% 15.7M 11s
218400K .......... .......... .......... .......... .......... 50% 17.2M 11s
218450K .......... .......... .......... .......... .......... 50% 16.4M 11s
218500K .......... .......... .......... .......... .......... 50% 20.6M 11s
218550K .......... .......... .......... .......... .......... 50% 7.62M 11s
218600K .......... .......... .......... .......... .......... 50% 12.0M 11s
218650K .......... .......... .......... .......... .......... 50% 13.9M 11s
218700K .......... .......... .......... .......... .......... 50% 32.1M 11s
218750K .......... .......... .......... .......... .......... 50% 16.7M 11s
218800K .......... .......... .......... .......... .......... 50% 12.6M 11s
218850K .......... .......... .......... .......... .......... 50% 24.3M 11s
218900K .......... .......... .......... .......... .......... 50% 9.95M 11s
218950K .......... .......... .......... .......... .......... 50% 26.2M 11s
219000K .......... .......... .......... .......... .......... 50% 13.4M 11s
219050K .......... .......... .......... .......... .......... 50% 51.9M 11s
219100K .......... .......... .......... .......... .......... 50% 65.7M 11s
219150K .......... .......... .......... .......... .......... 50% 79.0M 11s
219200K .......... .......... .......... .......... .......... 50% 23.5M 11s
219250K .......... .......... .......... .......... .......... 50% 55.9M 11s
219300K .......... .......... .......... .......... .......... 50% 54.2M 11s
219350K .......... .......... .......... .......... .......... 50% 72.6M 11s
219400K .......... .......... .......... .......... .......... 50% 40.8M 11s
219450K .......... .......... .......... .......... .......... 50% 49.2M 11s
219500K .......... .......... .......... .......... .......... 50% 90.6M 11s
219550K .......... .......... .......... .......... .......... 50% 27.5M 11s
219600K .......... .......... .......... .......... .......... 50% 51.9M 11s
219650K .......... .......... .......... .......... .......... 50% 61.0M 11s
219700K .......... .......... .......... .......... .......... 50% 66.5M 11s
219750K .......... .......... .......... .......... .......... 50% 82.0M 11s
219800K .......... .......... .......... .......... .......... 50% 65.6M 11s
219850K .......... .......... .......... .......... .......... 50% 49.9M 11s
219900K .......... .......... .......... .......... .......... 50% 85.4M 11s
219950K .......... .......... .......... .......... .......... 50% 63.6M 11s
220000K .......... .......... .......... .......... .......... 50% 29.3M 11s
220050K .......... .......... .......... .......... .......... 50% 84.0M 11s
220100K .......... .......... .......... .......... .......... 50% 22.8M 11s
220150K .......... .......... .......... .......... .......... 50% 37.6M 11s
220200K .......... .......... .......... .......... .......... 50% 12.9M 11s
220250K .......... .......... .......... .......... .......... 50% 33.2M 11s
220300K .......... .......... .......... .......... .......... 50% 21.0M 11s
220350K .......... .......... .......... .......... .......... 50% 16.0M 11s
220400K .......... .......... .......... .......... .......... 50% 8.78M 11s
220450K .......... .......... .......... .......... .......... 50% 7.16M 11s
220500K .......... .......... .......... .......... .......... 50% 23.8M 11s
220550K .......... .......... .......... .......... .......... 50% 9.69M 11s
220600K .......... .......... .......... .......... .......... 50% 11.5M 11s
220650K .......... .......... .......... .......... .......... 50% 21.6M 11s
220700K .......... .......... .......... .......... .......... 50% 21.6M 11s
220750K .......... .......... .......... .......... .......... 50% 32.1M 11s
220800K .......... .......... .......... .......... .......... 50% 8.25M 11s
220850K .......... .......... .......... .......... .......... 50% 14.6M 11s
220900K .......... .......... .......... .......... .......... 50% 68.1M 10s
220950K .......... .......... .......... .......... .......... 50% 49.4M 10s
221000K .......... .......... .......... .......... .......... 50% 58.1M 10s
221050K .......... .......... .......... .......... .......... 50% 55.4M 10s
221100K .......... .......... .......... .......... .......... 50% 29.7M 10s
221150K .......... .......... .......... .......... .......... 50% 96.0M 10s
221200K .......... .......... .......... .......... .......... 50% 27.6M 10s
221250K .......... .......... .......... .......... .......... 50% 85.8M 10s
221300K .......... .......... .......... .......... .......... 50% 85.4M 10s
221350K .......... .......... .......... .......... .......... 50% 42.1M 10s
221400K .......... .......... .......... .......... .......... 50% 62.4M 10s
221450K .......... .......... .......... .......... .......... 50% 30.7M 10s
221500K .......... .......... .......... .......... .......... 50% 64.4M 10s
221550K .......... .......... .......... .......... .......... 50% 31.7M 10s
221600K .......... .......... .......... .......... .......... 50% 42.2M 10s
221650K .......... .......... .......... .......... .......... 50% 89.8M 10s
221700K .......... .......... .......... .......... .......... 50% 82.2M 10s
221750K .......... .......... .......... .......... .......... 50% 41.3M 10s
221800K .......... .......... .......... .......... .......... 50% 83.4M 10s
221850K .......... .......... .......... .......... .......... 50% 88.7M 10s
221900K .......... .......... .......... .......... .......... 50% 29.9M 10s
221950K .......... .......... .......... .......... .......... 50% 80.9M 10s
222000K .......... .......... .......... .......... .......... 50% 18.8M 10s
222050K .......... .......... .......... .......... .......... 50% 68.5M 10s
222100K .......... .......... .......... .......... .......... 50% 14.0M 10s
222150K .......... .......... .......... .......... .......... 50% 15.2M 10s
222200K .......... .......... .......... .......... .......... 50% 18.9M 10s
222250K .......... .......... .......... .......... .......... 50% 14.5M 10s
222300K .......... .......... .......... .......... .......... 50% 10.4M 10s
222350K .......... .......... .......... .......... .......... 50% 8.67M 10s
222400K .......... .......... .......... .......... .......... 50% 18.0M 10s
222450K .......... .......... .......... .......... .......... 50% 10.6M 10s
222500K .......... .......... .......... .......... .......... 50% 16.7M 10s
222550K .......... .......... .......... .......... .......... 50% 26.0M 10s
222600K .......... .......... .......... .......... .......... 50% 17.6M 10s
222650K .......... .......... .......... .......... .......... 50% 65.8M 10s
222700K .......... .......... .......... .......... .......... 50% 12.8M 10s
222750K .......... .......... .......... .......... .......... 51% 15.7M 10s
222800K .......... .......... .......... .......... .......... 51% 16.5M 10s
222850K .......... .......... .......... .......... .......... 51% 50.1M 10s
222900K .......... .......... .......... .......... .......... 51% 64.0M 10s
222950K .......... .......... .......... .......... .......... 51% 59.2M 10s
223000K .......... .......... .......... .......... .......... 51% 33.8M 10s
223050K .......... .......... .......... .......... .......... 51% 37.5M 10s
223100K .......... .......... .......... .......... .......... 51% 50.9M 10s
223150K .......... .......... .......... .......... .......... 51% 84.9M 10s
223200K .......... .......... .......... .......... .......... 51% 51.1M 10s
223250K .......... .......... .......... .......... .......... 51% 39.9M 10s
223300K .......... .......... .......... .......... .......... 51% 51.7M 10s
223350K .......... .......... .......... .......... .......... 51% 30.8M 10s
223400K .......... .......... .......... .......... .......... 51%  106M 10s
223450K .......... .......... .......... .......... .......... 51% 54.1M 10s
223500K .......... .......... .......... .......... .......... 51% 62.9M 10s
223550K .......... .......... .......... .......... .......... 51% 64.7M 10s
223600K .......... .......... .......... .......... .......... 51% 83.9M 10s
223650K .......... .......... .......... .......... .......... 51% 35.2M 10s
223700K .......... .......... .......... .......... .......... 51% 71.9M 10s
223750K .......... .......... .......... .......... .......... 51% 32.5M 10s
223800K .......... .......... .......... .......... .......... 51% 83.3M 10s
223850K .......... .......... .......... .......... .......... 51% 46.2M 10s
223900K .......... .......... .......... .......... .......... 51% 27.8M 10s
223950K .......... .......... .......... .......... .......... 51% 25.0M 10s
224000K .......... .......... .......... .......... .......... 51% 12.5M 10s
224050K .......... .......... .......... .......... .......... 51% 19.9M 10s
224100K .......... .......... .......... .......... .......... 51% 27.8M 10s
224150K .......... .......... .......... .......... .......... 51% 25.5M 10s
224200K .......... .......... .......... .......... .......... 51% 8.65M 10s
224250K .......... .......... .......... .......... .......... 51% 8.05M 10s
224300K .......... .......... .......... .......... .......... 51% 17.0M 10s
224350K .......... .......... .......... .......... .......... 51% 20.7M 10s
224400K .......... .......... .......... .......... .......... 51% 9.66M 10s
224450K .......... .......... .......... .......... .......... 51% 22.0M 10s
224500K .......... .......... .......... .......... .......... 51% 17.6M 10s
224550K .......... .......... .......... .......... .......... 51% 22.2M 10s
224600K .......... .......... .......... .......... .......... 51% 14.5M 10s
224650K .......... .......... .......... .......... .......... 51% 16.1M 10s
224700K .......... .......... .......... .......... .......... 51% 28.6M 10s
224750K .......... .......... .......... .......... .......... 51% 59.4M 10s
224800K .......... .......... .......... .......... .......... 51% 38.7M 10s
224850K .......... .......... .......... .......... .......... 51% 47.8M 10s
224900K .......... .......... .......... .......... .......... 51% 42.8M 10s
224950K .......... .......... .......... .......... .......... 51% 27.0M 10s
225000K .......... .......... .......... .......... .......... 51% 84.9M 10s
225050K .......... .......... .......... .......... .......... 51% 63.8M 10s
225100K .......... .......... .......... .......... .......... 51% 98.3M 10s
225150K .......... .......... .......... .......... .......... 51% 57.4M 10s
225200K .......... .......... .......... .......... .......... 51% 35.6M 10s
225250K .......... .......... .......... .......... .......... 51% 43.4M 10s
225300K .......... .......... .......... .......... .......... 51% 40.2M 10s
225350K .......... .......... .......... .......... .......... 51% 64.0M 10s
225400K .......... .......... .......... .......... .......... 51% 63.9M 10s
225450K .......... .......... .......... .......... .......... 51% 99.2M 10s
225500K .......... .......... .......... .......... .......... 51% 72.7M 10s
225550K .......... .......... .......... .......... .......... 51% 58.2M 10s
225600K .......... .......... .......... .......... .......... 51% 40.7M 10s
225650K .......... .......... .......... .......... .......... 51% 29.9M 10s
225700K .......... .......... .......... .......... .......... 51%  109M 10s
225750K .......... .......... .......... .......... .......... 51% 38.1M 10s
225800K .......... .......... .......... .......... .......... 51% 29.9M 10s
225850K .......... .......... .......... .......... .......... 51% 27.9M 10s
225900K .......... .......... .......... .......... .......... 51% 20.7M 10s
225950K .......... .......... .......... .......... .......... 51% 9.85M 10s
226000K .......... .......... .......... .......... .......... 51% 29.6M 10s
226050K .......... .......... .......... .......... .......... 51% 10.7M 10s
226100K .......... .......... .......... .......... .......... 51% 12.0M 10s
226150K .......... .......... .......... .......... .......... 51% 5.86M 10s
226200K .......... .......... .......... .......... .......... 51%  100M 10s
226250K .......... .......... .......... .......... .......... 51% 22.0M 10s
226300K .......... .......... .......... .......... .......... 51% 11.1M 10s
226350K .......... .......... .......... .......... .......... 51% 17.2M 10s
226400K .......... .......... .......... .......... .......... 51% 20.9M 10s
226450K .......... .......... .......... .......... .......... 51% 23.8M 10s
226500K .......... .......... .......... .......... .......... 51% 11.3M 10s
226550K .......... .......... .......... .......... .......... 51% 15.4M 10s
226600K .......... .......... .......... .......... .......... 51% 34.9M 10s
226650K .......... .......... .......... .......... .......... 51% 63.3M 10s
226700K .......... .......... .......... .......... .......... 51% 55.3M 10s
226750K .......... .......... .......... .......... .......... 51% 36.7M 10s
226800K .......... .......... .......... .......... .......... 51% 61.3M 10s
226850K .......... .......... .......... .......... .......... 51% 25.4M 10s
226900K .......... .......... .......... .......... .......... 51% 64.8M 10s
226950K .......... .......... .......... .......... .......... 51% 82.6M 10s
227000K .......... .......... .......... .......... .......... 51% 41.4M 10s
227050K .......... .......... .......... .......... .......... 51% 81.5M 10s
227100K .......... .......... .......... .......... .......... 52% 43.0M 10s
227150K .......... .......... .......... .......... .......... 52% 56.9M 10s
227200K .......... .......... .......... .......... .......... 52% 33.9M 10s
227250K .......... .......... .......... .......... .......... 52% 51.0M 10s
227300K .......... .......... .......... .......... .......... 52% 71.9M 10s
227350K .......... .......... .......... .......... .......... 52% 71.9M 10s
227400K .......... .......... .......... .......... .......... 52% 85.6M 10s
227450K .......... .......... .......... .......... .......... 52% 33.1M 10s
227500K .......... .......... .......... .......... .......... 52%  111M 10s
227550K .......... .......... .......... .......... .......... 52% 37.3M 10s
227600K .......... .......... .......... .......... .......... 52% 36.4M 10s
227650K .......... .......... .......... .......... .......... 52% 31.2M 10s
227700K .......... .......... .......... .......... .......... 52% 21.0M 10s
227750K .......... .......... .......... .......... .......... 52% 32.3M 10s
227800K .......... .......... .......... .......... .......... 52% 12.6M 10s
227850K .......... .......... .......... .......... .......... 52% 12.8M 10s
227900K .......... .......... .......... .......... .......... 52% 19.1M 10s
227950K .......... .......... .......... .......... .......... 52% 31.4M 10s
228000K .......... .......... .......... .......... .......... 52% 8.53M 10s
228050K .......... .......... .......... .......... .......... 52% 7.66M 10s
228100K .......... .......... .......... .......... .......... 52% 23.8M 10s
228150K .......... .......... .......... .......... .......... 52% 94.3M 10s
228200K .......... .......... .......... .......... .......... 52% 8.83M 10s
228250K .......... .......... .......... .......... .......... 52% 21.8M 10s
228300K .......... .......... .......... .......... .......... 52% 15.9M 10s
228350K .......... .......... .......... .......... .......... 52% 16.2M 10s
228400K .......... .......... .......... .......... .......... 52% 13.2M 10s
228450K .......... .......... .......... .......... .......... 52% 15.5M 10s
228500K .......... .......... .......... .......... .......... 52% 57.8M 10s
228550K .......... .......... .......... .......... .......... 52%  105M 10s
228600K .......... .......... .......... .......... .......... 52% 45.2M 10s
228650K .......... .......... .......... .......... .......... 52% 36.1M 10s
228700K .......... .......... .......... .......... .......... 52% 29.9M 10s
228750K .......... .......... .......... .......... .......... 52% 88.2M 10s
228800K .......... .......... .......... .......... .......... 52% 21.3M 10s
228850K .......... .......... .......... .......... .......... 52% 86.4M 10s
228900K .......... .......... .......... .......... .......... 52% 63.9M 10s
228950K .......... .......... .......... .......... .......... 52% 52.7M 10s
229000K .......... .......... .......... .......... .......... 52% 40.4M 10s
229050K .......... .......... .......... .......... .......... 52% 42.6M 10s
229100K .......... .......... .......... .......... .......... 52% 64.2M 10s
229150K .......... .......... .......... .......... .......... 52%  115M 10s
229200K .......... .......... .......... .......... .......... 52% 37.2M 10s
229250K .......... .......... .......... .......... .......... 52% 62.1M 10s
229300K .......... .......... .......... .......... .......... 52% 40.7M 10s
229350K .......... .......... .......... .......... .......... 52%  101M 10s
229400K .......... .......... .......... .......... .......... 52% 39.4M 10s
229450K .......... .......... .......... .......... .......... 52% 81.8M 10s
229500K .......... .......... .......... .......... .......... 52% 37.7M 10s
229550K .......... .......... .......... .......... .......... 52% 50.0M 10s
229600K .......... .......... .......... .......... .......... 52% 14.5M 10s
229650K .......... .......... .......... .......... .......... 52%  104M 10s
229700K .......... .......... .......... .......... .......... 52% 15.1M 10s
229750K .......... .......... .......... .......... .......... 52% 11.8M 10s
229800K .......... .......... .......... .......... .......... 52% 17.1M 10s
229850K .......... .......... .......... .......... .......... 52% 22.1M 10s
229900K .......... .......... .......... .......... .......... 52% 16.0M 10s
229950K .......... .......... .......... .......... .......... 52% 6.55M 10s
230000K .......... .......... .......... .......... .......... 52% 17.8M 10s
230050K .......... .......... .......... .......... .......... 52% 19.2M 10s
230100K .......... .......... .......... .......... .......... 52% 15.2M 10s
230150K .......... .......... .......... .......... .......... 52% 16.9M 10s
230200K .......... .......... .......... .......... .......... 52% 12.4M 10s
230250K .......... .......... .......... .......... .......... 52% 29.3M 10s
230300K .......... .......... .......... .......... .......... 52% 15.6M 10s
230350K .......... .......... .......... .......... .......... 52% 16.6M 10s
230400K .......... .......... .......... .......... .......... 52% 42.2M 10s
230450K .......... .......... .......... .......... .......... 52% 53.7M 10s
230500K .......... .......... .......... .......... .......... 52% 85.3M 10s
230550K .......... .......... .......... .......... .......... 52% 29.0M 10s
230600K .......... .......... .......... .......... .......... 52% 33.7M 10s
230650K .......... .......... .......... .......... .......... 52% 84.2M 10s
230700K .......... .......... .......... .......... .......... 52% 51.9M 10s
230750K .......... .......... .......... .......... .......... 52% 56.5M 10s
230800K .......... .......... .......... .......... .......... 52% 46.4M 10s
230850K .......... .......... .......... .......... .......... 52% 72.4M 10s
230900K .......... .......... .......... .......... .......... 52% 33.2M 10s
230950K .......... .......... .......... .......... .......... 52% 45.4M 10s
231000K .......... .......... .......... .......... .......... 52% 57.8M 10s
231050K .......... .......... .......... .......... .......... 52% 64.3M 10s
231100K .......... .......... .......... .......... .......... 52% 71.4M 10s
231150K .......... .......... .......... .......... .......... 52% 52.9M 10s
231200K .......... .......... .......... .......... .......... 52% 42.4M 10s
231250K .......... .......... .......... .......... .......... 52%  109M 10s
231300K .......... .......... .......... .......... .......... 52% 33.6M 10s
231350K .......... .......... .......... .......... .......... 52% 44.4M 10s
231400K .......... .......... .......... .......... .......... 52% 85.5M 10s
231450K .......... .......... .......... .......... .......... 53% 39.0M 10s
231500K .......... .......... .......... .......... .......... 53% 28.0M 10s
231550K .......... .......... .......... .......... .......... 53% 19.6M 10s
231600K .......... .......... .......... .......... .......... 53% 13.9M 10s
231650K .......... .......... .......... .......... .......... 53% 21.1M 10s
231700K .......... .......... .......... .......... .......... 53% 12.5M 10s
231750K .......... .......... .......... .......... .......... 53% 31.2M 10s
231800K .......... .......... .......... .......... .......... 53% 10.1M 10s
231850K .......... .......... .......... .......... .......... 53% 7.91M 10s
231900K .......... .......... .......... .......... .......... 53% 21.8M 10s
231950K .......... .......... .......... .......... .......... 53% 15.1M 10s
232000K .......... .......... .......... .......... .......... 53% 15.8M 10s
232050K .......... .......... .......... .......... .......... 53% 14.0M 10s
232100K .......... .......... .......... .......... .......... 53% 15.1M 10s
232150K .......... .......... .......... .......... .......... 53% 19.2M 10s
232200K .......... .......... .......... .......... .......... 53% 7.74M 10s
232250K .......... .......... .......... .......... .......... 53% 25.1M 10s
232300K .......... .......... .......... .......... .......... 53% 84.8M 10s
232350K .......... .......... .......... .......... .......... 53% 83.5M 10s
232400K .......... .......... .......... .......... .......... 53% 17.4M 10s
232450K .......... .......... .......... .......... .......... 53% 42.7M 10s
232500K .......... .......... .......... .......... .......... 53% 84.4M 10s
232550K .......... .......... .......... .......... .......... 53% 43.1M 10s
232600K .......... .......... .......... .......... .......... 53% 62.9M 10s
232650K .......... .......... .......... .......... .......... 53% 30.5M 10s
232700K .......... .......... .......... .......... .......... 53% 51.8M 10s
232750K .......... .......... .......... .......... .......... 53% 57.6M 10s
232800K .......... .......... .......... .......... .......... 53% 36.1M 10s
232850K .......... .......... .......... .......... .......... 53% 32.6M 10s
232900K .......... .......... .......... .......... .......... 53% 82.0M 10s
232950K .......... .......... .......... .......... .......... 53%  112M 10s
233000K .......... .......... .......... .......... .......... 53% 57.3M 10s
233050K .......... .......... .......... .......... .......... 53% 42.5M 10s
233100K .......... .......... .......... .......... .......... 53% 86.3M 10s
233150K .......... .......... .......... .......... .......... 53% 31.2M 10s
233200K .......... .......... .......... .......... .......... 53% 38.5M 10s
233250K .......... .......... .......... .......... .......... 53%  103M 10s
233300K .......... .......... .......... .......... .......... 53% 34.5M 10s
233350K .......... .......... .......... .......... .......... 53% 60.6M 10s
233400K .......... .......... .......... .......... .......... 53% 22.0M 10s
233450K .......... .......... .......... .......... .......... 53% 23.7M 10s
233500K .......... .......... .......... .......... .......... 53% 26.5M 10s
233550K .......... .......... .......... .......... .......... 53% 20.7M 10s
233600K .......... .......... .......... .......... .......... 53% 8.26M 10s
233650K .......... .......... .......... .......... .......... 53% 70.8M 10s
233700K .......... .......... .......... .......... .......... 53% 10.3M 10s
233750K .......... .......... .......... .......... .......... 53% 6.56M 10s
233800K .......... .......... .......... .......... .......... 53% 27.7M 10s
233850K .......... .......... .......... .......... .......... 53% 22.8M 10s
233900K .......... .......... .......... .......... .......... 53% 19.9M 10s
233950K .......... .......... .......... .......... .......... 53% 16.3M 10s
234000K .......... .......... .......... .......... .......... 53% 17.9M 10s
234050K .......... .......... .......... .......... .......... 53% 16.3M 10s
234100K .......... .......... .......... .......... .......... 53% 13.6M 10s
234150K .......... .......... .......... .......... .......... 53% 18.4M 10s
234200K .......... .......... .......... .......... .......... 53% 81.2M 10s
234250K .......... .......... .......... .......... .......... 53%  105M 10s
234300K .......... .......... .......... .......... .......... 53% 25.6M 10s
234350K .......... .......... .......... .......... .......... 53% 50.3M 10s
234400K .......... .......... .......... .......... .......... 53% 42.6M 10s
234450K .......... .......... .......... .......... .......... 53% 44.2M 10s
234500K .......... .......... .......... .......... .......... 53% 47.0M 10s
234550K .......... .......... .......... .......... .......... 53% 83.6M 10s
234600K .......... .......... .......... .......... .......... 53% 42.5M 10s
234650K .......... .......... .......... .......... .......... 53% 82.2M 10s
234700K .......... .......... .......... .......... .......... 53% 44.2M 10s
234750K .......... .......... .......... .......... .......... 53% 45.9M 10s
234800K .......... .......... .......... .......... .......... 53% 37.2M 10s
234850K .......... .......... .......... .......... .......... 53% 82.2M 10s
234900K .......... .......... .......... .......... .......... 53% 85.6M 10s
234950K .......... .......... .......... .......... .......... 53% 39.1M 10s
235000K .......... .......... .......... .......... .......... 53%  105M 10s
235050K .......... .......... .......... .......... .......... 53% 25.9M 10s
235100K .......... .......... .......... .......... .......... 53% 62.2M 10s
235150K .......... .......... .......... .......... .......... 53% 63.8M 10s
235200K .......... .......... .......... .......... .......... 53% 36.3M 10s
235250K .......... .......... .......... .......... .......... 53% 40.5M 10s
235300K .......... .......... .......... .......... .......... 53% 16.6M 10s
235350K .......... .......... .......... .......... .......... 53% 36.7M 10s
235400K .......... .......... .......... .......... .......... 53% 16.7M 10s
235450K .......... .......... .......... .......... .......... 53% 21.6M 10s
235500K .......... .......... .......... .......... .......... 53% 12.7M 10s
235550K .......... .......... .......... .......... .......... 53% 14.3M 10s
235600K .......... .......... .......... .......... .......... 53% 12.4M 10s
235650K .......... .......... .......... .......... .......... 53% 6.47M 10s
235700K .......... .......... .......... .......... .......... 53% 14.5M 10s
235750K .......... .......... .......... .......... .......... 53% 41.6M 10s
235800K .......... .......... .......... .......... .......... 53% 17.8M 10s
235850K .......... .......... .......... .......... .......... 54% 22.1M 10s
235900K .......... .......... .......... .......... .......... 54% 17.9M 10s
235950K .......... .......... .......... .......... .......... 54% 16.9M 10s
236000K .......... .......... .......... .......... .......... 54% 9.06M 10s
236050K .......... .......... .......... .......... .......... 54% 31.0M 10s
236100K .......... .......... .......... .......... .......... 54%  102M 10s
236150K .......... .......... .......... .......... .......... 54% 49.3M 10s
236200K .......... .......... .......... .......... .......... 54% 31.7M 10s
236250K .......... .......... .......... .......... .......... 54% 49.6M 10s
236300K .......... .......... .......... .......... .......... 54% 43.6M 10s
236350K .......... .......... .......... .......... .......... 54% 50.8M 10s
236400K .......... .......... .......... .......... .......... 54% 38.7M 10s
236450K .......... .......... .......... .......... .......... 54% 77.5M 10s
236500K .......... .......... .......... .......... .......... 54% 37.3M 10s
236550K .......... .......... .......... .......... .......... 54% 50.3M 10s
236600K .......... .......... .......... .......... .......... 54% 44.0M 10s
236650K .......... .......... .......... .......... .......... 54% 44.9M 10s
236700K .......... .......... .......... .......... .......... 54% 64.4M 10s
236750K .......... .......... .......... .......... .......... 54% 63.0M 10s
236800K .......... .......... .......... .......... .......... 54% 62.0M 10s
236850K .......... .......... .......... .......... .......... 54% 52.8M 10s
236900K .......... .......... .......... .......... .......... 54% 31.4M 10s
236950K .......... .......... .......... .......... .......... 54% 42.3M 10s
237000K .......... .......... .......... .......... .......... 54%  103M 10s
237050K .......... .......... .......... .......... .......... 54% 36.7M 10s
237100K .......... .......... .......... .......... .......... 54% 51.8M 10s
237150K .......... .......... .......... .......... .......... 54% 82.5M 10s
237200K .......... .......... .......... .......... .......... 54% 11.1M 10s
237250K .......... .......... .......... .......... .......... 54% 65.1M 10s
237300K .......... .......... .......... .......... .......... 54% 12.8M 10s
237350K .......... .......... .......... .......... .......... 54% 15.9M 10s
237400K .......... .......... .......... .......... .......... 54% 12.2M 10s
237450K .......... .......... .......... .......... .......... 54% 17.8M 10s
237500K .......... .......... .......... .......... .......... 54% 15.1M 10s
237550K .......... .......... .......... .......... .......... 54% 8.81M 10s
237600K .......... .......... .......... .......... .......... 54% 6.85M 10s
237650K .......... .......... .......... .......... .......... 54% 21.2M 10s
237700K .......... .......... .......... .......... .......... 54% 38.9M 10s
237750K .......... .......... .......... .......... .......... 54% 22.9M 10s
237800K .......... .......... .......... .......... .......... 54% 11.0M 10s
237850K .......... .......... .......... .......... .......... 54% 13.0M 10s
237900K .......... .......... .......... .......... .......... 54% 15.1M 10s
237950K .......... .......... .......... .......... .......... 54% 43.4M 10s
238000K .......... .......... .......... .......... .......... 54% 36.1M 10s
238050K .......... .......... .......... .......... .......... 54% 31.0M 10s
238100K .......... .......... .......... .......... .......... 54% 81.0M 10s
238150K .......... .......... .......... .......... .......... 54% 34.2M 10s
238200K .......... .......... .......... .......... .......... 54% 65.1M 10s
238250K .......... .......... .......... .......... .......... 54% 42.1M 10s
238300K .......... .......... .......... .......... .......... 54% 64.3M 9s
238350K .......... .......... .......... .......... .......... 54% 87.8M 9s
238400K .......... .......... .......... .......... .......... 54% 30.2M 9s
238450K .......... .......... .......... .......... .......... 54% 34.9M 9s
238500K .......... .......... .......... .......... .......... 54% 83.9M 9s
238550K .......... .......... .......... .......... .......... 54% 43.1M 9s
238600K .......... .......... .......... .......... .......... 54% 77.4M 9s
238650K .......... .......... .......... .......... .......... 54% 66.7M 9s
238700K .......... .......... .......... .......... .......... 54% 49.4M 9s
238750K .......... .......... .......... .......... .......... 54% 66.1M 9s
238800K .......... .......... .......... .......... .......... 54% 20.0M 9s
238850K .......... .......... .......... .......... .......... 54% 85.3M 9s
238900K .......... .......... .......... .......... .......... 54% 93.8M 9s
238950K .......... .......... .......... .......... .......... 54% 44.2M 9s
239000K .......... .......... .......... .......... .......... 54% 36.5M 9s
239050K .......... .......... .......... .......... .......... 54%  110M 9s
239100K .......... .......... .......... .......... .......... 54% 11.3M 9s
239150K .......... .......... .......... .......... .......... 54% 52.0M 9s
239200K .......... .......... .......... .......... .......... 54% 12.8M 9s
239250K .......... .......... .......... .......... .......... 54% 19.9M 9s
239300K .......... .......... .......... .......... .......... 54% 11.2M 9s
239350K .......... .......... .......... .......... .......... 54% 20.4M 9s
239400K .......... .......... .......... .......... .......... 54% 13.6M 9s
239450K .......... .......... .......... .......... .......... 54% 9.90M 9s
239500K .......... .......... .......... .......... .......... 54% 10.5M 9s
239550K .......... .......... .......... .......... .......... 54% 28.9M 9s
239600K .......... .......... .......... .......... .......... 54% 20.3M 9s
239650K .......... .......... .......... .......... .......... 54% 13.0M 9s
239700K .......... .......... .......... .......... .......... 54% 15.1M 9s
239750K .......... .......... .......... .......... .......... 54% 24.2M 9s
239800K .......... .......... .......... .......... .......... 54% 13.3M 9s
239850K .......... .......... .......... .......... .......... 54% 35.9M 9s
239900K .......... .......... .......... .......... .......... 54% 42.7M 9s
239950K .......... .......... .......... .......... .......... 54% 39.6M 9s
240000K .......... .......... .......... .......... .......... 54% 39.1M 9s
240050K .......... .......... .......... .......... .......... 54% 25.9M 9s
240100K .......... .......... .......... .......... .......... 54% 91.0M 9s
240150K .......... .......... .......... .......... .......... 54% 47.1M 9s
240200K .......... .......... .......... .......... .......... 55% 83.9M 9s
240250K .......... .......... .......... .......... .......... 55% 51.7M 9s
240300K .......... .......... .......... .......... .......... 55% 38.2M 9s
240350K .......... .......... .......... .......... .......... 55% 51.8M 9s
240400K .......... .......... .......... .......... .......... 55% 32.0M 9s
240450K .......... .......... .......... .......... .......... 55% 63.9M 9s
240500K .......... .......... .......... .......... .......... 55% 84.6M 9s
240550K .......... .......... .......... .......... .......... 55% 45.4M 9s
240600K .......... .......... .......... .......... .......... 55% 74.5M 9s
240650K .......... .......... .......... .......... .......... 55% 21.6M 9s
240700K .......... .......... .......... .......... .......... 55% 42.4M 9s
240750K .......... .......... .......... .......... .......... 55% 71.5M 9s
240800K .......... .......... .......... .......... .......... 55% 74.8M 9s
240850K .......... .......... .......... .......... .......... 55% 27.1M 9s
240900K .......... .......... .......... .......... .......... 55% 47.3M 9s
240950K .......... .......... .......... .......... .......... 55%  113M 9s
241000K .......... .......... .......... .......... .......... 55% 15.5M 9s
241050K .......... .......... .......... .......... .......... 55% 61.0M 9s
241100K .......... .......... .......... .......... .......... 55% 14.0M 9s
241150K .......... .......... .......... .......... .......... 55% 23.7M 9s
241200K .......... .......... .......... .......... .......... 55% 7.21M 9s
241250K .......... .......... .......... .......... .......... 55% 28.8M 9s
241300K .......... .......... .......... .......... .......... 55% 19.8M 9s
241350K .......... .......... .......... .......... .......... 55% 9.77M 9s
241400K .......... .......... .......... .......... .......... 55% 9.79M 9s
241450K .......... .......... .......... .......... .......... 55% 31.8M 9s
241500K .......... .......... .......... .......... .......... 55% 20.6M 9s
241550K .......... .......... .......... .......... .......... 55% 19.4M 9s
241600K .......... .......... .......... .......... .......... 55% 10.5M 9s
241650K .......... .......... .......... .......... .......... 55% 18.3M 9s
241700K .......... .......... .......... .......... .......... 55% 16.9M 9s
241750K .......... .......... .......... .......... .......... 55% 54.0M 9s
241800K .......... .......... .......... .......... .......... 55% 43.9M 9s
241850K .......... .......... .......... .......... .......... 55% 33.1M 9s
241900K .......... .......... .......... .......... .......... 55% 28.0M 9s
241950K .......... .......... .......... .......... .......... 55% 85.9M 9s
242000K .......... .......... .......... .......... .......... 55% 49.6M 9s
242050K .......... .......... .......... .......... .......... 55% 84.9M 9s
242100K .......... .......... .......... .......... .......... 55% 57.4M 9s
242150K .......... .......... .......... .......... .......... 55% 32.7M 9s
242200K .......... .......... .......... .......... .......... 55% 63.9M 9s
242250K .......... .......... .......... .......... .......... 55% 54.6M 9s
242300K .......... .......... .......... .......... .......... 55% 55.6M 9s
242350K .......... .......... .......... .......... .......... 55% 42.6M 9s
242400K .......... .......... .......... .......... .......... 55% 42.5M 9s
242450K .......... .......... .......... .......... .......... 55% 57.6M 9s
242500K .......... .......... .......... .......... .......... 55% 90.2M 9s
242550K .......... .......... .......... .......... .......... 55% 18.5M 9s
242600K .......... .......... .......... .......... .......... 55% 62.6M 9s
242650K .......... .......... .......... .......... .......... 55% 72.2M 9s
242700K .......... .......... .......... .......... .......... 55% 97.8M 9s
242750K .......... .......... .......... .......... .......... 55% 36.1M 9s
242800K .......... .......... .......... .......... .......... 55% 29.7M 9s
242850K .......... .......... .......... .......... .......... 55% 70.2M 9s
242900K .......... .......... .......... .......... .......... 55% 14.3M 9s
242950K .......... .......... .......... .......... .......... 55% 20.3M 9s
243000K .......... .......... .......... .......... .......... 55% 15.3M 9s
243050K .......... .......... .......... .......... .......... 55% 20.4M 9s
243100K .......... .......... .......... .......... .......... 55% 11.6M 9s
243150K .......... .......... .......... .......... .......... 55% 15.5M 9s
243200K .......... .......... .......... .......... .......... 55% 6.95M 9s
243250K .......... .......... .......... .......... .......... 55% 13.1M 9s
243300K .......... .......... .......... .......... .......... 55% 12.7M 9s
243350K .......... .......... .......... .......... .......... 55% 26.9M 9s
243400K .......... .......... .......... .......... .......... 55% 24.3M 9s
243450K .......... .......... .......... .......... .......... 55% 15.8M 9s
243500K .......... .......... .......... .......... .......... 55% 12.3M 9s
243550K .......... .......... .......... .......... .......... 55% 21.0M 9s
243600K .......... .......... .......... .......... .......... 55% 15.0M 9s
243650K .......... .......... .......... .......... .......... 55% 86.7M 9s
243700K .......... .......... .......... .......... .......... 55% 31.3M 9s
243750K .......... .......... .......... .......... .......... 55% 21.7M 9s
243800K .......... .......... .......... .......... .......... 55% 35.6M 9s
243850K .......... .......... .......... .......... .......... 55% 81.9M 9s
243900K .......... .......... .......... .......... .......... 55% 64.6M 9s
243950K .......... .......... .......... .......... .......... 55% 81.4M 9s
244000K .......... .......... .......... .......... .......... 55% 37.8M 9s
244050K .......... .......... .......... .......... .......... 55% 46.2M 9s
244100K .......... .......... .......... .......... .......... 55% 49.8M 9s
244150K .......... .......... .......... .......... .......... 55% 44.2M 9s
244200K .......... .......... .......... .......... .......... 55% 34.9M 9s
244250K .......... .......... .......... .......... .......... 55%  108M 9s
244300K .......... .......... .......... .......... .......... 55% 55.5M 9s
244350K .......... .......... .......... .......... .......... 55% 56.5M 9s
244400K .......... .......... .......... .......... .......... 55% 59.4M 9s
244450K .......... .......... .......... .......... .......... 55% 19.6M 9s
244500K .......... .......... .......... .......... .......... 55% 67.8M 9s
244550K .......... .......... .......... .......... .......... 56% 82.8M 9s
244600K .......... .......... .......... .......... .......... 56% 48.4M 9s
244650K .......... .......... .......... .......... .......... 56% 63.7M 9s
244700K .......... .......... .......... .......... .......... 56% 29.8M 9s
244750K .......... .......... .......... .......... .......... 56% 27.3M 9s
244800K .......... .......... .......... .......... .......... 56% 20.5M 9s
244850K .......... .......... .......... .......... .......... 56% 21.7M 9s
244900K .......... .......... .......... .......... .......... 56% 18.4M 9s
244950K .......... .......... .......... .......... .......... 56% 23.2M 9s
245000K .......... .......... .......... .......... .......... 56% 12.9M 9s
245050K .......... .......... .......... .......... .......... 56% 14.7M 9s
245100K .......... .......... .......... .......... .......... 56% 9.11M 9s
245150K .......... .......... .......... .......... .......... 56% 12.3M 9s
245200K .......... .......... .......... .......... .......... 56% 9.86M 9s
245250K .......... .......... .......... .......... .......... 56% 48.2M 9s
245300K .......... .......... .......... .......... .......... 56% 20.4M 9s
245350K .......... .......... .......... .......... .......... 56% 15.9M 9s
245400K .......... .......... .......... .......... .......... 56% 12.1M 9s
245450K .......... .......... .......... .......... .......... 56% 14.4M 9s
245500K .......... .......... .......... .......... .......... 56% 26.7M 9s
245550K .......... .......... .......... .......... .......... 56% 81.9M 9s
245600K .......... .......... .......... .......... .......... 56% 23.7M 9s
245650K .......... .......... .......... .......... .......... 56% 51.7M 9s
245700K .......... .......... .......... .......... .......... 56% 35.9M 9s
245750K .......... .......... .......... .......... .......... 56% 84.8M 9s
245800K .......... .......... .......... .......... .......... 56% 93.1M 9s
245850K .......... .......... .......... .......... .......... 56% 59.0M 9s
245900K .......... .......... .......... .......... .......... 56% 42.0M 9s
245950K .......... .......... .......... .......... .......... 56% 30.5M 9s
246000K .......... .......... .......... .......... .......... 56% 61.7M 9s
246050K .......... .......... .......... .......... .......... 56% 36.5M 9s
246100K .......... .......... .......... .......... .......... 56% 41.9M 9s
246150K .......... .......... .......... .......... .......... 56% 67.6M 9s
246200K .......... .......... .......... .......... .......... 56% 79.8M 9s
246250K .......... .......... .......... .......... .......... 56% 50.5M 9s
246300K .......... .......... .......... .......... .......... 56% 46.4M 9s
246350K .......... .......... .......... .......... .......... 56% 30.5M 9s
246400K .......... .......... .......... .......... .......... 56% 55.2M 9s
246450K .......... .......... .......... .......... .......... 56% 46.4M 9s
246500K .......... .......... .......... .......... .......... 56% 63.4M 9s
246550K .......... .......... .......... .......... .......... 56%  110M 9s
246600K .......... .......... .......... .......... .......... 56% 34.1M 9s
246650K .......... .......... .......... .......... .......... 56% 19.3M 9s
246700K .......... .......... .......... .......... .......... 56% 43.0M 9s
246750K .......... .......... .......... .......... .......... 56% 11.8M 9s
246800K .......... .......... .......... .......... .......... 56% 32.2M 9s
246850K .......... .......... .......... .......... .......... 56% 16.3M 9s
246900K .......... .......... .......... .......... .......... 56% 15.7M 9s
246950K .......... .......... .......... .......... .......... 56% 9.96M 9s
247000K .......... .......... .......... .......... .......... 56% 10.9M 9s
247050K .......... .......... .......... .......... .......... 56% 13.5M 9s
247100K .......... .......... .......... .......... .......... 56% 10.7M 9s
247150K .......... .......... .......... .......... .......... 56% 20.0M 9s
247200K .......... .......... .......... .......... .......... 56% 41.8M 9s
247250K .......... .......... .......... .......... .......... 56% 17.4M 9s
247300K .......... .......... .......... .......... .......... 56% 8.73M 9s
247350K .......... .......... .......... .......... .......... 56% 20.7M 9s
247400K .......... .......... .......... .......... .......... 56% 19.8M 9s
247450K .......... .......... .......... .......... .......... 56% 37.0M 9s
247500K .......... .......... .......... .......... .......... 56% 30.1M 9s
247550K .......... .......... .......... .......... .......... 56% 88.2M 9s
247600K .......... .......... .......... .......... .......... 56% 27.3M 9s
247650K .......... .......... .......... .......... .......... 56% 63.3M 9s
247700K .......... .......... .......... .......... .......... 56% 68.7M 9s
247750K .......... .......... .......... .......... .......... 56% 77.3M 9s
247800K .......... .......... .......... .......... .......... 56% 49.3M 9s
247850K .......... .......... .......... .......... .......... 56% 37.5M 9s
247900K .......... .......... .......... .......... .......... 56% 28.0M 9s
247950K .......... .......... .......... .......... .......... 56% 59.5M 9s
248000K .......... .......... .......... .......... .......... 56% 32.2M 9s
248050K .......... .......... .......... .......... .......... 56% 70.1M 9s
248100K .......... .......... .......... .......... .......... 56% 75.0M 9s
248150K .......... .......... .......... .......... .......... 56% 50.8M 9s
248200K .......... .......... .......... .......... .......... 56% 26.4M 9s
248250K .......... .......... .......... .......... .......... 56% 31.7M 9s
248300K .......... .......... .......... .......... .......... 56% 89.4M 9s
248350K .......... .......... .......... .......... .......... 56% 46.9M 9s
248400K .......... .......... .......... .......... .......... 56% 38.6M 9s
248450K .......... .......... .......... .......... .......... 56% 31.2M 9s
248500K .......... .......... .......... .......... .......... 56%  121M 9s
248550K .......... .......... .......... .......... .......... 56% 16.2M 9s
248600K .......... .......... .......... .......... .......... 56% 22.2M 9s
248650K .......... .......... .......... .......... .......... 56% 22.9M 9s
248700K .......... .......... .......... .......... .......... 56% 69.2M 9s
248750K .......... .......... .......... .......... .......... 56% 12.8M 9s
248800K .......... .......... .......... .......... .......... 56% 6.97M 9s
248850K .......... .......... .......... .......... .......... 56% 24.4M 9s
248900K .......... .......... .......... .......... .......... 56% 7.94M 9s
248950K .......... .......... .......... .......... .......... 57% 23.5M 9s
249000K .......... .......... .......... .......... .......... 57% 11.0M 9s
249050K .......... .......... .......... .......... .......... 57% 19.9M 9s
249100K .......... .......... .......... .......... .......... 57% 46.0M 9s
249150K .......... .......... .......... .......... .......... 57% 16.2M 9s
249200K .......... .......... .......... .......... .......... 57% 12.1M 9s
249250K .......... .......... .......... .......... .......... 57% 13.2M 9s
249300K .......... .......... .......... .......... .......... 57% 78.4M 9s
249350K .......... .......... .......... .......... .......... 57% 40.1M 9s
249400K .......... .......... .......... .......... .......... 57% 34.2M 9s
249450K .......... .......... .......... .......... .......... 57% 93.6M 9s
249500K .......... .......... .......... .......... .......... 57% 31.5M 9s
249550K .......... .......... .......... .......... .......... 57% 71.7M 9s
249600K .......... .......... .......... .......... .......... 57% 46.1M 9s
249650K .......... .......... .......... .......... .......... 57%  110M 9s
249700K .......... .......... .......... .......... .......... 57% 33.0M 9s
249750K .......... .......... .......... .......... .......... 57% 33.0M 9s
249800K .......... .......... .......... .......... .......... 57% 52.1M 9s
249850K .......... .......... .......... .......... .......... 57% 83.1M 9s
249900K .......... .......... .......... .......... .......... 57% 64.0M 9s
249950K .......... .......... .......... .......... .......... 57% 50.9M 9s
250000K .......... .......... .......... .......... .......... 57% 63.8M 9s
250050K .......... .......... .......... .......... .......... 57% 35.5M 9s
250100K .......... .......... .......... .......... .......... 57% 28.4M 9s
250150K .......... .......... .......... .......... .......... 57% 27.3M 9s
250200K .......... .......... .......... .......... .......... 57% 99.4M 9s
250250K .......... .......... .......... .......... .......... 57% 52.1M 9s
250300K .......... .......... .......... .......... .......... 57% 69.1M 9s
250350K .......... .......... .......... .......... .......... 57% 31.8M 9s
250400K .......... .......... .......... .......... .......... 57% 33.7M 9s
250450K .......... .......... .......... .......... .......... 57% 27.8M 9s
250500K .......... .......... .......... .......... .......... 57% 16.6M 9s
250550K .......... .......... .......... .......... .......... 57% 23.1M 9s
250600K .......... .......... .......... .......... .......... 57% 69.4M 9s
250650K .......... .......... .......... .......... .......... 57% 12.2M 9s
250700K .......... .......... .......... .......... .......... 57% 20.2M 9s
250750K .......... .......... .......... .......... .......... 57% 9.50M 9s
250800K .......... .......... .......... .......... .......... 57% 8.73M 9s
250850K .......... .......... .......... .......... .......... 57% 9.62M 9s
250900K .......... .......... .......... .......... .......... 57% 13.3M 9s
250950K .......... .......... .......... .......... .......... 57% 25.0M 9s
251000K .......... .......... .......... .......... .......... 57% 43.5M 9s
251050K .......... .......... .......... .......... .......... 57% 16.6M 9s
251100K .......... .......... .......... .......... .......... 57% 13.2M 9s
251150K .......... .......... .......... .......... .......... 57% 13.9M 9s
251200K .......... .......... .......... .......... .......... 57% 29.2M 9s
251250K .......... .......... .......... .......... .......... 57% 97.7M 9s
251300K .......... .......... .......... .......... .......... 57% 36.8M 9s
251350K .......... .......... .......... .......... .......... 57% 33.2M 9s
251400K .......... .......... .......... .......... .......... 57% 67.0M 9s
251450K .......... .......... .......... .......... .......... 57% 48.1M 9s
251500K .......... .......... .......... .......... .......... 57%  112M 9s
251550K .......... .......... .......... .......... .......... 57% 42.8M 9s
251600K .......... .......... .......... .......... .......... 57% 41.3M 9s
251650K .......... .......... .......... .......... .......... 57% 26.6M 9s
251700K .......... .......... .......... .......... .......... 57% 66.9M 9s
251750K .......... .......... .......... .......... .......... 57%  110M 9s
251800K .......... .......... .......... .......... .......... 57% 45.3M 9s
251850K .......... .......... .......... .......... .......... 57% 61.1M 9s
251900K .......... .......... .......... .......... .......... 57% 89.9M 9s
251950K .......... .......... .......... .......... .......... 57% 33.6M 9s
252000K .......... .......... .......... .......... .......... 57% 24.7M 9s
252050K .......... .......... .......... .......... .......... 57% 65.3M 9s
252100K .......... .......... .......... .......... .......... 57% 36.0M 9s
252150K .......... .......... .......... .......... .......... 57% 86.3M 9s
252200K .......... .......... .......... .......... .......... 57% 64.4M 9s
252250K .......... .......... .......... .......... .......... 57% 51.0M 9s
252300K .......... .......... .......... .......... .......... 57% 33.0M 9s
252350K .......... .......... .......... .......... .......... 57% 23.5M 9s
252400K .......... .......... .......... .......... .......... 57% 14.2M 9s
252450K .......... .......... .......... .......... .......... 57% 21.0M 9s
252500K .......... .......... .......... .......... .......... 57% 18.0M 9s
252550K .......... .......... .......... .......... .......... 57% 16.1M 9s
252600K .......... .......... .......... .......... .......... 57% 40.8M 9s
252650K .......... .......... .......... .......... .......... 57% 7.67M 9s
252700K .......... .......... .......... .......... .......... 57% 15.6M 9s
252750K .......... .......... .......... .......... .......... 57% 10.9M 9s
252800K .......... .......... .......... .......... .......... 57% 6.52M 9s
252850K .......... .......... .......... .......... .......... 57% 44.4M 9s
252900K .......... .......... .......... .......... .......... 57% 85.0M 9s
252950K .......... .......... .......... .......... .......... 57% 15.9M 9s
253000K .......... .......... .......... .......... .......... 57% 33.6M 9s
253050K .......... .......... .......... .......... .......... 57% 42.1M 9s
253100K .......... .......... .......... .......... .......... 57% 32.4M 9s
253150K .......... .......... .......... .......... .......... 57% 43.0M 9s
253200K .......... .......... .......... .......... .......... 57% 15.0M 9s
253250K .......... .......... .......... .......... .......... 57% 10.5M 9s
253300K .......... .......... .......... .......... .......... 58% 45.3M 9s
253350K .......... .......... .......... .......... .......... 58% 42.0M 9s
253400K .......... .......... .......... .......... .......... 58% 63.7M 9s
253450K .......... .......... .......... .......... .......... 58% 85.7M 9s
253500K .......... .......... .......... .......... .......... 58% 45.6M 9s
253550K .......... .......... .......... .......... .......... 58% 22.0M 9s
253600K .......... .......... .......... .......... .......... 58% 75.5M 9s
253650K .......... .......... .......... .......... .......... 58% 57.3M 9s
253700K .......... .......... .......... .......... .......... 58% 49.1M 9s
253750K .......... .......... .......... .......... .......... 58% 84.6M 9s
253800K .......... .......... .......... .......... .......... 58% 43.3M 9s
253850K .......... .......... .......... .......... .......... 58% 82.7M 9s
253900K .......... .......... .......... .......... .......... 58% 29.5M 9s
253950K .......... .......... .......... .......... .......... 58% 51.0M 9s
254000K .......... .......... .......... .......... .......... 58% 25.2M 9s
254050K .......... .......... .......... .......... .......... 58% 56.6M 9s
254100K .......... .......... .......... .......... .......... 58% 31.1M 9s
254150K .......... .......... .......... .......... .......... 58% 33.3M 9s
254200K .......... .......... .......... .......... .......... 58% 35.9M 9s
254250K .......... .......... .......... .......... .......... 58% 18.5M 9s
254300K .......... .......... .......... .......... .......... 58% 24.6M 9s
254350K .......... .......... .......... .......... .......... 58% 22.2M 9s
254400K .......... .......... .......... .......... .......... 58% 15.0M 9s
254450K .......... .......... .......... .......... .......... 58% 11.6M 9s
254500K .......... .......... .......... .......... .......... 58% 15.7M 9s
254550K .......... .......... .......... .......... .......... 58% 12.4M 9s
254600K .......... .......... .......... .......... .......... 58% 15.1M 9s
254650K .......... .......... .......... .......... .......... 58% 15.6M 9s
254700K .......... .......... .......... .......... .......... 58% 11.5M 9s
254750K .......... .......... .......... .......... .......... 58% 14.0M 9s
254800K .......... .......... .......... .......... .......... 58% 32.0M 9s
254850K .......... .......... .......... .......... .......... 58% 21.8M 9s
254900K .......... .......... .......... .......... .......... 58% 55.3M 9s
254950K .......... .......... .......... .......... .......... 58% 53.4M 9s
255000K .......... .......... .......... .......... .......... 58% 44.3M 9s
255050K .......... .......... .......... .......... .......... 58% 46.2M 9s
255100K .......... .......... .......... .......... .......... 58% 11.4M 9s
255150K .......... .......... .......... .......... .......... 58% 11.1M 9s
255200K .......... .......... .......... .......... .......... 58% 65.1M 9s
255250K .......... .......... .......... .......... .......... 58% 62.0M 9s
255300K .......... .......... .......... .......... .......... 58% 86.4M 9s
255350K .......... .......... .......... .......... .......... 58% 82.9M 9s
255400K .......... .......... .......... .......... .......... 58% 44.3M 9s
255450K .......... .......... .......... .......... .......... 58% 24.8M 9s
255500K .......... .......... .......... .......... .......... 58% 62.7M 9s
255550K .......... .......... .......... .......... .......... 58% 64.7M 9s
255600K .......... .......... .......... .......... .......... 58% 41.7M 9s
255650K .......... .......... .......... .......... .......... 58% 40.1M 9s
255700K .......... .......... .......... .......... .......... 58%  108M 9s
255750K .......... .......... .......... .......... .......... 58% 34.9M 9s
255800K .......... .......... .......... .......... .......... 58% 55.4M 9s
255850K .......... .......... .......... .......... .......... 58% 26.0M 9s
255900K .......... .......... .......... .......... .......... 58% 82.1M 9s
255950K .......... .......... .......... .......... .......... 58% 45.8M 9s
256000K .......... .......... .......... .......... .......... 58% 52.1M 9s
256050K .......... .......... .......... .......... .......... 58% 35.5M 9s
256100K .......... .......... .......... .......... .......... 58% 45.0M 9s
256150K .......... .......... .......... .......... .......... 58% 34.0M 9s
256200K .......... .......... .......... .......... .......... 58% 14.3M 9s
256250K .......... .......... .......... .......... .......... 58% 16.7M 9s
256300K .......... .......... .......... .......... .......... 58% 69.8M 9s
256350K .......... .......... .......... .......... .......... 58% 9.78M 9s
256400K .......... .......... .......... .......... .......... 58% 7.37M 9s
256450K .......... .......... .......... .......... .......... 58% 82.0M 9s
256500K .......... .......... .......... .......... .......... 58% 14.7M 8s
256550K .......... .......... .......... .......... .......... 58% 12.6M 8s
256600K .......... .......... .......... .......... .......... 58% 10.9M 8s
256650K .......... .......... .......... .......... .......... 58% 20.5M 8s
256700K .......... .......... .......... .......... .......... 58% 28.4M 8s
256750K .......... .......... .......... .......... .......... 58% 27.4M 8s
256800K .......... .......... .......... .......... .......... 58% 27.0M 8s
256850K .......... .......... .......... .......... .......... 58% 65.8M 8s
256900K .......... .......... .......... .......... .......... 58% 51.9M 8s
256950K .......... .......... .......... .......... .......... 58% 43.5M 8s
257000K .......... .......... .......... .......... .......... 58% 9.74M 8s
257050K .......... .......... .......... .......... .......... 58% 18.8M 8s
257100K .......... .......... .......... .......... .......... 58% 32.5M 8s
257150K .......... .......... .......... .......... .......... 58% 51.0M 8s
257200K .......... .......... .......... .......... .......... 58% 64.1M 8s
257250K .......... .......... .......... .......... .......... 58% 63.7M 8s
257300K .......... .......... .......... .......... .......... 58% 20.8M 8s
257350K .......... .......... .......... .......... .......... 58% 62.5M 8s
257400K .......... .......... .......... .......... .......... 58% 61.0M 8s
257450K .......... .......... .......... .......... .......... 58% 63.7M 8s
257500K .......... .......... .......... .......... .......... 58% 70.4M 8s
257550K .......... .......... .......... .......... .......... 58% 77.0M 8s
257600K .......... .......... .......... .......... .......... 58% 30.8M 8s
257650K .......... .......... .......... .......... .......... 59% 32.6M 8s
257700K .......... .......... .......... .......... .......... 59% 83.0M 8s
257750K .......... .......... .......... .......... .......... 59% 25.3M 8s
257800K .......... .......... .......... .......... .......... 59%  110M 8s
257850K .......... .......... .......... .......... .......... 59% 67.1M 8s
257900K .......... .......... .......... .......... .......... 59% 41.3M 8s
257950K .......... .......... .......... .......... .......... 59% 91.2M 8s
258000K .......... .......... .......... .......... .......... 59% 22.2M 8s
258050K .......... .......... .......... .......... .......... 59% 20.5M 8s
258100K .......... .......... .......... .......... .......... 59% 21.0M 8s
258150K .......... .......... .......... .......... .......... 59% 27.1M 8s
258200K .......... .......... .......... .......... .......... 59% 28.3M 8s
258250K .......... .......... .......... .......... .......... 59% 12.5M 8s
258300K .......... .......... .......... .......... .......... 59% 10.9M 8s
258350K .......... .......... .......... .......... .......... 59% 13.4M 8s
258400K .......... .......... .......... .......... .......... 59% 7.16M 8s
258450K .......... .......... .......... .......... .......... 59% 12.5M 8s
258500K .......... .......... .......... .......... .......... 59% 12.0M 8s
258550K .......... .......... .......... .......... .......... 59% 22.3M 8s
258600K .......... .......... .......... .......... .......... 59% 28.4M 8s
258650K .......... .......... .......... .......... .......... 59% 45.6M 8s
258700K .......... .......... .......... .......... .......... 59% 41.5M 8s
258750K .......... .......... .......... .......... .......... 59% 28.5M 8s
258800K .......... .......... .......... .......... .......... 59% 41.8M 8s
258850K .......... .......... .......... .......... .......... 59% 23.4M 8s
258900K .......... .......... .......... .......... .......... 59% 11.4M 8s
258950K .......... .......... .......... .......... .......... 59% 17.2M 8s
259000K .......... .......... .......... .......... .......... 59% 41.8M 8s
259050K .......... .......... .......... .......... .......... 59%  108M 8s
259100K .......... .......... .......... .......... .......... 59% 71.2M 8s
259150K .......... .......... .......... .......... .......... 59% 62.8M 8s
259200K .......... .......... .......... .......... .......... 59% 14.2M 8s
259250K .......... .......... .......... .......... .......... 59% 60.9M 8s
259300K .......... .......... .......... .......... .......... 59% 38.8M 8s
259350K .......... .......... .......... .......... .......... 59% 82.0M 8s
259400K .......... .......... .......... .......... .......... 59% 46.5M 8s
259450K .......... .......... .......... .......... .......... 59% 88.6M 8s
259500K .......... .......... .......... .......... .......... 59% 33.3M 8s
259550K .......... .......... .......... .......... .......... 59% 27.9M 8s
259600K .......... .......... .......... .......... .......... 59% 22.5M 8s
259650K .......... .......... .......... .......... .......... 59%  101M 8s
259700K .......... .......... .......... .......... .......... 59% 83.2M 8s
259750K .......... .......... .......... .......... .......... 59% 42.3M 8s
259800K .......... .......... .......... .......... .......... 59% 46.3M 8s
259850K .......... .......... .......... .......... .......... 59% 45.5M 8s
259900K .......... .......... .......... .......... .......... 59% 39.9M 8s
259950K .......... .......... .......... .......... .......... 59% 19.4M 8s
260000K .......... .......... .......... .......... .......... 59% 15.2M 8s
260050K .......... .......... .......... .......... .......... 59% 32.7M 8s
260100K .......... .......... .......... .......... .......... 59% 20.0M 8s
260150K .......... .......... .......... .......... .......... 59% 12.2M 8s
260200K .......... .......... .......... .......... .......... 59% 15.2M 8s
260250K .......... .......... .......... .......... .......... 59% 14.6M 8s
260300K .......... .......... .......... .......... .......... 59% 13.5M 8s
260350K .......... .......... .......... .......... .......... 59% 8.46M 8s
260400K .......... .......... .......... .......... .......... 59% 14.1M 8s
260450K .......... .......... .......... .......... .......... 59% 25.8M 8s
260500K .......... .......... .......... .......... .......... 59% 22.8M 8s
260550K .......... .......... .......... .......... .......... 59% 40.4M 8s
260600K .......... .......... .......... .......... .......... 59% 83.8M 8s
260650K .......... .......... .......... .......... .......... 59% 36.3M 8s
260700K .......... .......... .......... .......... .......... 59% 50.4M 8s
260750K .......... .......... .......... .......... .......... 59% 18.8M 8s
260800K .......... .......... .......... .......... .......... 59% 9.43M 8s
260850K .......... .......... .......... .......... .......... 59% 22.6M 8s
260900K .......... .......... .......... .......... .......... 59% 99.9M 8s
260950K .......... .......... .......... .......... .......... 59% 80.2M 8s
261000K .......... .......... .......... .......... .......... 59% 78.6M 8s
261050K .......... .......... .......... .......... .......... 59% 63.7M 8s
261100K .......... .......... .......... .......... .......... 59% 18.1M 8s
261150K .......... .......... .......... .......... .......... 59% 85.0M 8s
261200K .......... .......... .......... .......... .......... 59% 37.2M 8s
261250K .......... .......... .......... .......... .......... 59%  110M 8s
261300K .......... .......... .......... .......... .......... 59% 52.5M 8s
261350K .......... .......... .......... .......... .......... 59% 46.2M 8s
261400K .......... .......... .......... .......... .......... 59% 25.3M 8s
261450K .......... .......... .......... .......... .......... 59%  108M 8s
261500K .......... .......... .......... .......... .......... 59% 26.5M 8s
261550K .......... .......... .......... .......... .......... 59% 65.1M 8s
261600K .......... .......... .......... .......... .......... 59% 78.4M 8s
261650K .......... .......... .......... .......... .......... 59% 43.0M 8s
261700K .......... .......... .......... .......... .......... 59% 49.4M 8s
261750K .......... .......... .......... .......... .......... 59% 36.4M 8s
261800K .......... .......... .......... .......... .......... 59% 39.7M 8s
261850K .......... .......... .......... .......... .......... 59% 19.4M 8s
261900K .......... .......... .......... .......... .......... 59% 15.1M 8s
261950K .......... .......... .......... .......... .......... 59% 32.3M 8s
262000K .......... .......... .......... .......... .......... 59% 19.3M 8s
262050K .......... .......... .......... .......... .......... 60% 13.7M 8s
262100K .......... .......... .......... .......... .......... 60% 8.76M 8s
262150K .......... .......... .......... .......... .......... 60% 15.2M 8s
262200K .......... .......... .......... .......... .......... 60% 26.9M 8s
262250K .......... .......... .......... .......... .......... 60% 11.5M 8s
262300K .......... .......... .......... .......... .......... 60% 8.62M 8s
262350K .......... .......... .......... .......... .......... 60% 21.7M 8s
262400K .......... .......... .......... .......... .......... 60% 21.2M 8s
262450K .......... .......... .......... .......... .......... 60% 36.2M 8s
262500K .......... .......... .......... .......... .......... 60% 51.1M 8s
262550K .......... .......... .......... .......... .......... 60% 64.0M 8s
262600K .......... .......... .......... .......... .......... 60% 57.7M 8s
262650K .......... .......... .......... .......... .......... 60% 17.1M 8s
262700K .......... .......... .......... .......... .......... 60% 22.9M 8s
262750K .......... .......... .......... .......... .......... 60% 12.6M 8s
262800K .......... .......... .......... .......... .......... 60% 50.6M 8s
262850K .......... .......... .......... .......... .......... 60% 89.6M 8s
262900K .......... .......... .......... .......... .......... 60% 61.6M 8s
262950K .......... .......... .......... .......... .......... 60% 70.5M 8s
263000K .......... .......... .......... .......... .......... 60% 24.1M 8s
263050K .......... .......... .......... .......... .......... 60% 56.5M 8s
263100K .......... .......... .......... .......... .......... 60% 46.5M 8s
263150K .......... .......... .......... .......... .......... 60% 59.7M 8s
263200K .......... .......... .......... .......... .......... 60% 72.1M 8s
263250K .......... .......... .......... .......... .......... 60% 58.1M 8s
263300K .......... .......... .......... .......... .......... 60% 23.5M 8s
263350K .......... .......... .......... .......... .......... 60% 82.8M 8s
263400K .......... .......... .......... .......... .......... 60% 26.3M 8s
263450K .......... .......... .......... .......... .......... 60% 67.8M 8s
263500K .......... .......... .......... .......... .......... 60% 59.1M 8s
263550K .......... .......... .......... .......... .......... 60% 85.7M 8s
263600K .......... .......... .......... .......... .......... 60% 17.2M 8s
263650K .......... .......... .......... .......... .......... 60% 84.3M 8s
263700K .......... .......... .......... .......... .......... 60% 24.8M 8s
263750K .......... .......... .......... .......... .......... 60% 12.8M 8s
263800K .......... .......... .......... .......... .......... 60% 25.3M 8s
263850K .......... .......... .......... .......... .......... 60% 32.6M 8s
263900K .......... .......... .......... .......... .......... 60% 23.2M 8s
263950K .......... .......... .......... .......... .......... 60% 12.2M 8s
264000K .......... .......... .......... .......... .......... 60% 8.20M 8s
264050K .......... .......... .......... .......... .......... 60% 13.6M 8s
264100K .......... .......... .......... .......... .......... 60% 11.7M 8s
264150K .......... .......... .......... .......... .......... 60% 11.2M 8s
264200K .......... .......... .......... .......... .......... 60% 13.0M 8s
264250K .......... .......... .......... .......... .......... 60% 14.4M 8s
264300K .......... .......... .......... .......... .......... 60% 80.3M 8s
264350K .......... .......... .......... .......... .......... 60% 48.3M 8s
264400K .......... .......... .......... .......... .......... 60% 37.0M 8s
264450K .......... .......... .......... .......... .......... 60% 39.9M 8s
264500K .......... .......... .......... .......... .......... 60% 63.4M 8s
264550K .......... .......... .......... .......... .......... 60% 11.0M 8s
264600K .......... .......... .......... .......... .......... 60% 16.7M 8s
264650K .......... .......... .......... .......... .......... 60% 23.2M 8s
264700K .......... .......... .......... .......... .......... 60% 50.0M 8s
264750K .......... .......... .......... .......... .......... 60% 64.7M 8s
264800K .......... .......... .......... .......... .......... 60% 62.7M 8s
264850K .......... .......... .......... .......... .......... 60% 36.0M 8s
264900K .......... .......... .......... .......... .......... 60% 34.7M 8s
264950K .......... .......... .......... .......... .......... 60% 34.8M 8s
265000K .......... .......... .......... .......... .......... 60% 95.5M 8s
265050K .......... .......... .......... .......... .......... 60% 48.1M 8s
265100K .......... .......... .......... .......... .......... 60% 85.1M 8s
265150K .......... .......... .......... .......... .......... 60% 64.5M 8s
265200K .......... .......... .......... .......... .......... 60% 26.6M 8s
265250K .......... .......... .......... .......... .......... 60% 79.2M 8s
265300K .......... .......... .......... .......... .......... 60% 26.4M 8s
265350K .......... .......... .......... .......... .......... 60% 62.5M 8s
265400K .......... .......... .......... .......... .......... 60% 42.1M 8s
265450K .......... .......... .......... .......... .......... 60%  110M 8s
265500K .......... .......... .......... .......... .......... 60% 30.3M 8s
265550K .......... .......... .......... .......... .......... 60% 31.7M 8s
265600K .......... .......... .......... .......... .......... 60% 25.3M 8s
265650K .......... .......... .......... .......... .......... 60% 15.0M 8s
265700K .......... .......... .......... .......... .......... 60% 29.9M 8s
265750K .......... .......... .......... .......... .......... 60% 48.2M 8s
265800K .......... .......... .......... .......... .......... 60% 13.2M 8s
265850K .......... .......... .......... .......... .......... 60% 17.0M 8s
265900K .......... .......... .......... .......... .......... 60% 13.2M 8s
265950K .......... .......... .......... .......... .......... 60% 15.5M 8s
266000K .......... .......... .......... .......... .......... 60% 7.70M 8s
266050K .......... .......... .......... .......... .......... 60% 13.0M 8s
266100K .......... .......... .......... .......... .......... 60% 15.3M 8s
266150K .......... .......... .......... .......... .......... 60% 20.8M 8s
266200K .......... .......... .......... .......... .......... 60% 56.4M 8s
266250K .......... .......... .......... .......... .......... 60% 51.1M 8s
266300K .......... .......... .......... .......... .......... 60% 50.7M 8s
266350K .......... .......... .......... .......... .......... 60% 44.8M 8s
266400K .......... .......... .......... .......... .......... 61% 28.7M 8s
266450K .......... .......... .......... .......... .......... 61% 14.4M 8s
266500K .......... .......... .......... .......... .......... 61% 19.6M 8s
266550K .......... .......... .......... .......... .......... 61% 21.5M 8s
266600K .......... .......... .......... .......... .......... 61% 40.7M 8s
266650K .......... .......... .......... .......... .......... 61% 78.6M 8s
266700K .......... .......... .......... .......... .......... 61% 64.2M 8s
266750K .......... .......... .......... .......... .......... 61% 83.9M 8s
266800K .......... .......... .......... .......... .......... 61% 16.8M 8s
266850K .......... .......... .......... .......... .......... 61%  109M 8s
266900K .......... .......... .......... .......... .......... 61% 42.3M 8s
266950K .......... .......... .......... .......... .......... 61% 82.5M 8s
267000K .......... .......... .......... .......... .......... 61% 66.0M 8s
267050K .......... .......... .......... .......... .......... 61% 78.0M 8s
267100K .......... .......... .......... .......... .......... 61% 33.9M 8s
267150K .......... .......... .......... .......... .......... 61% 86.7M 8s
267200K .......... .......... .......... .......... .......... 61% 18.3M 8s
267250K .......... .......... .......... .......... .......... 61%  108M 8s
267300K .......... .......... .......... .......... .......... 61% 44.6M 8s
267350K .......... .......... .......... .......... .......... 61% 60.9M 8s
267400K .......... .......... .......... .......... .......... 61% 35.2M 8s
267450K .......... .......... .......... .......... .......... 61% 33.6M 8s
267500K .......... .......... .......... .......... .......... 61% 30.4M 8s
267550K .......... .......... .......... .......... .......... 61% 25.9M 8s
267600K .......... .......... .......... .......... .......... 61% 14.4M 8s
267650K .......... .......... .......... .......... .......... 61% 13.0M 8s
267700K .......... .......... .......... .......... .......... 61% 18.7M 8s
267750K .......... .......... .......... .......... .......... 61% 12.2M 8s
267800K .......... .......... .......... .......... .......... 61% 12.3M 8s
267850K .......... .......... .......... .......... .......... 61% 16.2M 8s
267900K .......... .......... .......... .......... .......... 61% 15.6M 8s
267950K .......... .......... .......... .......... .......... 61% 8.94M 8s
268000K .......... .......... .......... .......... .......... 61% 9.03M 8s
268050K .......... .......... .......... .......... .......... 61% 64.3M 8s
268100K .......... .......... .......... .......... .......... 61% 87.8M 8s
268150K .......... .......... .......... .......... .......... 61% 42.9M 8s
268200K .......... .......... .......... .......... .......... 61% 62.4M 8s
268250K .......... .......... .......... .......... .......... 61% 37.3M 8s
268300K .......... .......... .......... .......... .......... 61% 42.5M 8s
268350K .......... .......... .......... .......... .......... 61% 75.0M 8s
268400K .......... .......... .......... .......... .......... 61% 6.72M 8s
268450K .......... .......... .......... .......... .......... 61% 43.9M 8s
268500K .......... .......... .......... .......... .......... 61% 81.0M 8s
268550K .......... .......... .......... .......... .......... 61% 64.3M 8s
268600K .......... .......... .......... .......... .......... 61% 79.8M 8s
268650K .......... .......... .......... .......... .......... 61% 37.1M 8s
268700K .......... .......... .......... .......... .......... 61% 27.0M 8s
268750K .......... .......... .......... .......... .......... 61% 98.2M 8s
268800K .......... .......... .......... .......... .......... 61% 24.0M 8s
268850K .......... .......... .......... .......... .......... 61% 64.5M 8s
268900K .......... .......... .......... .......... .......... 61%  111M 8s
268950K .......... .......... .......... .......... .......... 61% 23.5M 8s
269000K .......... .......... .......... .......... .......... 61% 28.6M 8s
269050K .......... .......... .......... .......... .......... 61% 81.7M 8s
269100K .......... .......... .......... .......... .......... 61% 20.3M 8s
269150K .......... .......... .......... .......... .......... 61% 85.6M 8s
269200K .......... .......... .......... .......... .......... 61% 24.3M 8s
269250K .......... .......... .......... .......... .......... 61% 40.0M 8s
269300K .......... .......... .......... .......... .......... 61% 85.7M 8s
269350K .......... .......... .......... .......... .......... 61% 32.5M 8s
269400K .......... .......... .......... .......... .......... 61% 26.6M 8s
269450K .......... .......... .......... .......... .......... 61% 14.4M 8s
269500K .......... .......... .......... .......... .......... 61% 29.3M 8s
269550K .......... .......... .......... .......... .......... 61% 17.3M 8s
269600K .......... .......... .......... .......... .......... 61% 9.20M 8s
269650K .......... .......... .......... .......... .......... 61% 30.7M 8s
269700K .......... .......... .......... .......... .......... 61% 11.1M 8s
269750K .......... .......... .......... .......... .......... 61% 12.4M 8s
269800K .......... .......... .......... .......... .......... 61% 10.9M 8s
269850K .......... .......... .......... .......... .......... 61% 11.9M 8s
269900K .......... .......... .......... .......... .......... 61% 14.8M 8s
269950K .......... .......... .......... .......... .......... 61% 20.2M 8s
270000K .......... .......... .......... .......... .......... 61% 47.4M 8s
270050K .......... .......... .......... .......... .......... 61% 86.4M 8s
270100K .......... .......... .......... .......... .......... 61% 26.8M 8s
270150K .......... .......... .......... .......... .......... 61% 37.1M 8s
270200K .......... .......... .......... .......... .......... 61% 53.0M 8s
270250K .......... .......... .......... .......... .......... 61% 9.78M 8s
270300K .......... .......... .......... .......... .......... 61% 23.6M 8s
270350K .......... .......... .......... .......... .......... 61% 22.5M 8s
270400K .......... .......... .......... .......... .......... 61% 84.2M 8s
270450K .......... .......... .......... .......... .......... 61% 75.8M 8s
270500K .......... .......... .......... .......... .......... 61%  114M 8s
270550K .......... .......... .......... .......... .......... 61% 23.4M 8s
270600K .......... .......... .......... .......... .......... 61% 28.0M 8s
270650K .......... .......... .......... .......... .......... 61% 91.5M 8s
270700K .......... .......... .......... .......... .......... 61%  117M 8s
270750K .......... .......... .......... .......... .......... 62% 62.4M 8s
270800K .......... .......... .......... .......... .......... 62% 80.6M 8s
270850K .......... .......... .......... .......... .......... 62% 23.2M 8s
270900K .......... .......... .......... .......... .......... 62% 72.1M 8s
270950K .......... .......... .......... .......... .......... 62% 87.5M 8s
271000K .......... .......... .......... .......... .......... 62% 22.5M 8s
271050K .......... .......... .......... .......... .......... 62% 35.0M 8s
271100K .......... .......... .......... .......... .......... 62% 58.8M 8s
271150K .......... .......... .......... .......... .......... 62% 37.1M 8s
271200K .......... .......... .......... .......... .......... 62% 74.4M 8s
271250K .......... .......... .......... .......... .......... 62% 17.9M 8s
271300K .......... .......... .......... .......... .......... 62% 31.0M 8s
271350K .......... .......... .......... .......... .......... 62% 60.0M 8s
271400K .......... .......... .......... .......... .......... 62% 16.7M 8s
271450K .......... .......... .......... .......... .......... 62% 20.1M 8s
271500K .......... .......... .......... .......... .......... 62% 26.7M 8s
271550K .......... .......... .......... .......... .......... 62% 11.8M 8s
271600K .......... .......... .......... .......... .......... 62% 7.99M 8s
271650K .......... .......... .......... .......... .......... 62% 18.6M 8s
271700K .......... .......... .......... .......... .......... 62% 10.2M 8s
271750K .......... .......... .......... .......... .......... 62% 25.1M 8s
271800K .......... .......... .......... .......... .......... 62% 8.56M 8s
271850K .......... .......... .......... .......... .......... 62% 36.2M 8s
271900K .......... .......... .......... .......... .......... 62% 96.3M 8s
271950K .......... .......... .......... .......... .......... 62% 45.1M 8s
272000K .......... .......... .......... .......... .......... 62% 32.6M 8s
272050K .......... .......... .......... .......... .......... 62% 31.6M 8s
272100K .......... .......... .......... .......... .......... 62% 17.8M 8s
272150K .......... .......... .......... .......... .......... 62% 18.4M 8s
272200K .......... .......... .......... .......... .......... 62% 23.8M 8s
272250K .......... .......... .......... .......... .......... 62% 21.7M 8s
272300K .......... .......... .......... .......... .......... 62%  105M 8s
272350K .......... .......... .......... .......... .......... 62% 56.5M 8s
272400K .......... .......... .......... .......... .......... 62% 51.3M 8s
272450K .......... .......... .......... .......... .......... 62% 25.2M 8s
272500K .......... .......... .......... .......... .......... 62% 33.0M 8s
272550K .......... .......... .......... .......... .......... 62%  105M 8s
272600K .......... .......... .......... .......... .......... 62% 56.7M 8s
272650K .......... .......... .......... .......... .......... 62% 83.5M 8s
272700K .......... .......... .......... .......... .......... 62% 93.9M 8s
272750K .......... .......... .......... .......... .......... 62% 28.0M 8s
272800K .......... .......... .......... .......... .......... 62% 59.8M 8s
272850K .......... .......... .......... .......... .......... 62% 28.1M 8s
272900K .......... .......... .......... .......... .......... 62% 43.8M 8s
272950K .......... .......... .......... .......... .......... 62% 36.2M 8s
273000K .......... .......... .......... .......... .......... 62% 46.1M 8s
273050K .......... .......... .......... .......... .......... 62% 40.0M 8s
273100K .......... .......... .......... .......... .......... 62% 32.5M 8s
273150K .......... .......... .......... .......... .......... 62% 35.7M 8s
273200K .......... .......... .......... .......... .......... 62% 21.9M 8s
273250K .......... .......... .......... .......... .......... 62% 16.6M 8s
273300K .......... .......... .......... .......... .......... 62% 86.4M 8s
273350K .......... .......... .......... .......... .......... 62% 19.4M 8s
273400K .......... .......... .......... .......... .......... 62% 16.9M 8s
273450K .......... .......... .......... .......... .......... 62% 8.75M 8s
273500K .......... .......... .......... .......... .......... 62% 24.0M 8s
273550K .......... .......... .......... .......... .......... 62% 11.1M 8s
273600K .......... .......... .......... .......... .......... 62% 9.21M 8s
273650K .......... .......... .......... .......... .......... 62% 15.8M 8s
273700K .......... .......... .......... .......... .......... 62% 12.1M 8s
273750K .......... .......... .......... .......... .......... 62% 50.9M 8s
273800K .......... .......... .......... .......... .......... 62% 60.6M 8s
273850K .......... .......... .......... .......... .......... 62% 42.7M 8s
273900K .......... .......... .......... .......... .......... 62% 23.3M 8s
273950K .......... .......... .......... .......... .......... 62%  103M 8s
274000K .......... .......... .......... .......... .......... 62% 10.6M 8s
274050K .......... .......... .......... .......... .......... 62% 51.6M 8s
274100K .......... .......... .......... .......... .......... 62% 19.2M 8s
274150K .......... .......... .......... .......... .......... 62% 24.1M 8s
274200K .......... .......... .......... .......... .......... 62% 61.9M 8s
274250K .......... .......... .......... .......... .......... 62% 71.9M 8s
274300K .......... .......... .......... .......... .......... 62% 74.7M 8s
274350K .......... .......... .......... .......... .......... 62% 20.4M 8s
274400K .......... .......... .......... .......... .......... 62% 30.3M 8s
274450K .......... .......... .......... .......... .......... 62% 55.9M 8s
274500K .......... .......... .......... .......... .......... 62% 85.7M 8s
274550K .......... .......... .......... .......... .......... 62% 98.5M 8s
274600K .......... .......... .......... .......... .......... 62% 17.9M 8s
274650K .......... .......... .......... .......... .......... 62% 46.8M 8s
274700K .......... .......... .......... .......... .......... 62% 99.7M 8s
274750K .......... .......... .......... .......... .......... 62% 31.5M 8s
274800K .......... .......... .......... .......... .......... 62% 23.5M 8s
274850K .......... .......... .......... .......... .......... 62% 53.6M 8s
274900K .......... .......... .......... .......... .......... 62%  112M 8s
274950K .......... .......... .......... .......... .......... 62% 31.1M 8s
275000K .......... .......... .......... .......... .......... 62% 27.7M 8s
275050K .......... .......... .......... .......... .......... 62% 18.4M 8s
275100K .......... .......... .......... .......... .......... 62% 72.7M 8s
275150K .......... .......... .......... .......... .......... 63% 16.0M 8s
275200K .......... .......... .......... .......... .......... 63% 32.1M 8s
275250K .......... .......... .......... .......... .......... 63% 16.9M 8s
275300K .......... .......... .......... .......... .......... 63% 18.1M 8s
275350K .......... .......... .......... .......... .......... 63% 10.7M 8s
275400K .......... .......... .......... .......... .......... 63% 10.9M 8s
275450K .......... .......... .......... .......... .......... 63% 15.6M 8s
275500K .......... .......... .......... .......... .......... 63% 38.9M 8s
275550K .......... .......... .......... .......... .......... 63% 8.35M 8s
275600K .......... .......... .......... .......... .......... 63% 10.9M 8s
275650K .......... .......... .......... .......... .......... 63% 63.7M 7s
275700K .......... .......... .......... .......... .......... 63% 63.8M 7s
275750K .......... .......... .......... .......... .......... 63% 15.5M 7s
275800K .......... .......... .......... .......... .......... 63% 37.0M 7s
275850K .......... .......... .......... .......... .......... 63% 98.5M 7s
275900K .......... .......... .......... .......... .......... 63% 16.5M 7s
275950K .......... .......... .......... .......... .......... 63% 18.3M 7s
276000K .......... .......... .......... .......... .......... 63% 18.7M 7s
276050K .......... .......... .......... .......... .......... 63% 35.8M 7s
276100K .......... .......... .......... .......... .......... 63% 46.1M 7s
276150K .......... .......... .......... .......... .......... 63% 99.9M 7s
276200K .......... .......... .......... .......... .......... 63%  109M 7s
276250K .......... .......... .......... .......... .......... 63% 16.0M 7s
276300K .......... .......... .......... .......... .......... 63%  135M 7s
276350K .......... .......... .......... .......... .......... 63% 51.3M 7s
276400K .......... .......... .......... .......... .......... 63% 81.1M 7s
276450K .......... .......... .......... .......... .......... 63% 57.6M 7s
276500K .......... .......... .......... .......... .......... 63% 37.3M 7s
276550K .......... .......... .......... .......... .......... 63% 70.1M 7s
276600K .......... .......... .......... .......... .......... 63% 65.6M 7s
276650K .......... .......... .......... .......... .......... 63% 25.9M 7s
276700K .......... .......... .......... .......... .......... 63% 33.5M 7s
276750K .......... .......... .......... .......... .......... 63% 49.1M 7s
276800K .......... .......... .......... .......... .......... 63% 20.7M 7s
276850K .......... .......... .......... .......... .......... 63% 35.2M 7s
276900K .......... .......... .......... .......... .......... 63% 24.7M 7s
276950K .......... .......... .......... .......... .......... 63% 32.4M 7s
277000K .......... .......... .......... .......... .......... 63% 67.0M 7s
277050K .......... .......... .......... .......... .......... 63% 16.0M 7s
277100K .......... .......... .......... .......... .......... 63% 19.0M 7s
277150K .......... .......... .......... .......... .......... 63% 30.5M 7s
277200K .......... .......... .......... .......... .......... 63% 12.3M 7s
277250K .......... .......... .......... .......... .......... 63% 7.02M 7s
277300K .......... .......... .......... .......... .......... 63% 27.0M 7s
277350K .......... .......... .......... .......... .......... 63% 34.9M 7s
277400K .......... .......... .......... .......... .......... 63% 11.5M 7s
277450K .......... .......... .......... .......... .......... 63% 8.93M 7s
277500K .......... .......... .......... .......... .......... 63% 18.0M 7s
277550K .......... .......... .......... .......... .......... 63% 63.6M 7s
277600K .......... .......... .......... .......... .......... 63% 31.0M 7s
277650K .......... .......... .......... .......... .......... 63% 42.3M 7s
277700K .......... .......... .......... .......... .......... 63% 42.7M 7s
277750K .......... .......... .......... .......... .......... 63% 25.9M 7s
277800K .......... .......... .......... .......... .......... 63% 29.8M 7s
277850K .......... .......... .......... .......... .......... 63% 15.3M 7s
277900K .......... .......... .......... .......... .......... 63% 22.1M 7s
277950K .......... .......... .......... .......... .......... 63% 26.8M 7s
278000K .......... .......... .......... .......... .......... 63% 56.9M 7s
278050K .......... .......... .......... .......... .......... 63% 80.9M 7s
278100K .......... .......... .......... .......... .......... 63% 50.5M 7s
278150K .......... .......... .......... .......... .......... 63% 24.3M 7s
278200K .......... .......... .......... .......... .......... 63% 48.8M 7s
278250K .......... .......... .......... .......... .......... 63% 51.4M 7s
278300K .......... .......... .......... .......... .......... 63%  110M 7s
278350K .......... .......... .......... .......... .......... 63% 69.5M 7s
278400K .......... .......... .......... .......... .......... 63% 28.5M 7s
278450K .......... .......... .......... .......... .......... 63%  112M 7s
278500K .......... .......... .......... .......... .......... 63% 57.8M 7s
278550K .......... .......... .......... .......... .......... 63% 20.9M 7s
278600K .......... .......... .......... .......... .......... 63% 45.3M 7s
278650K .......... .......... .......... .......... .......... 63% 65.2M 7s
278700K .......... .......... .......... .......... .......... 63% 29.1M 7s
278750K .......... .......... .......... .......... .......... 63% 84.6M 7s
278800K .......... .......... .......... .......... .......... 63% 14.0M 7s
278850K .......... .......... .......... .......... .......... 63% 94.6M 7s
278900K .......... .......... .......... .......... .......... 63% 14.8M 7s
278950K .......... .......... .......... .......... .......... 63% 26.5M 7s
279000K .......... .......... .......... .......... .......... 63% 21.0M 7s
279050K .......... .......... .......... .......... .......... 63% 25.0M 7s
279100K .......... .......... .......... .......... .......... 63% 9.81M 7s
279150K .......... .......... .......... .......... .......... 63% 40.0M 7s
279200K .......... .......... .......... .......... .......... 63% 7.08M 7s
279250K .......... .......... .......... .......... .......... 63% 36.0M 7s
279300K .......... .......... .......... .......... .......... 63% 12.2M 7s
279350K .......... .......... .......... .......... .......... 63% 21.1M 7s
279400K .......... .......... .......... .......... .......... 63% 9.16M 7s
279450K .......... .......... .......... .......... .......... 63%  100M 7s
279500K .......... .......... .......... .......... .......... 64% 29.1M 7s
279550K .......... .......... .......... .......... .......... 64% 71.7M 7s
279600K .......... .......... .......... .......... .......... 64% 27.7M 7s
279650K .......... .......... .......... .......... .......... 64% 15.0M 7s
279700K .......... .......... .......... .......... .......... 64% 87.5M 7s
279750K .......... .......... .......... .......... .......... 64% 16.8M 7s
279800K .......... .......... .......... .......... .......... 64% 20.4M 7s
279850K .......... .......... .......... .......... .......... 64% 19.0M 7s
279900K .......... .......... .......... .......... .......... 64% 87.5M 7s
279950K .......... .......... .......... .......... .......... 64% 61.9M 7s
280000K .......... .......... .......... .......... .......... 64% 19.8M 7s
280050K .......... .......... .......... .......... .......... 64% 35.7M 7s
280100K .......... .......... .......... .......... .......... 64% 72.8M 7s
280150K .......... .......... .......... .......... .......... 64% 55.8M 7s
280200K .......... .......... .......... .......... .......... 64% 62.3M 7s
280250K .......... .......... .......... .......... .......... 64% 53.8M 7s
280300K .......... .......... .......... .......... .......... 64% 97.7M 7s
280350K .......... .......... .......... .......... .......... 64% 41.3M 7s
280400K .......... .......... .......... .......... .......... 64% 24.8M 7s
280450K .......... .......... .......... .......... .......... 64% 41.2M 7s
280500K .......... .......... .......... .......... .......... 64% 37.6M 7s
280550K .......... .......... .......... .......... .......... 64% 54.3M 7s
280600K .......... .......... .......... .......... .......... 64% 36.7M 7s
280650K .......... .......... .......... .......... .......... 64% 62.2M 7s
280700K .......... .......... .......... .......... .......... 64% 15.1M 7s
280750K .......... .......... .......... .......... .......... 64%  106M 7s
280800K .......... .......... .......... .......... .......... 64% 20.1M 7s
280850K .......... .......... .......... .......... .......... 64% 26.2M 7s
280900K .......... .......... .......... .......... .......... 64% 16.2M 7s
280950K .......... .......... .......... .......... .......... 64% 22.7M 7s
281000K .......... .......... .......... .......... .......... 64% 9.10M 7s
281050K .......... .......... .......... .......... .......... 64% 17.5M 7s
281100K .......... .......... .......... .......... .......... 64% 10.6M 7s
281150K .......... .......... .......... .......... .......... 64% 27.3M 7s
281200K .......... .......... .......... .......... .......... 64% 11.5M 7s
281250K .......... .......... .......... .......... .......... 64% 9.38M 7s
281300K .......... .......... .......... .......... .......... 64% 33.4M 7s
281350K .......... .......... .......... .......... .......... 64% 73.7M 7s
281400K .......... .......... .......... .......... .......... 64% 35.5M 7s
281450K .......... .......... .......... .......... .......... 64% 42.5M 7s
281500K .......... .......... .......... .......... .......... 64%  112M 7s
281550K .......... .......... .......... .......... .......... 64% 14.1M 7s
281600K .......... .......... .......... .......... .......... 64% 54.2M 7s
281650K .......... .......... .......... .......... .......... 64% 14.3M 7s
281700K .......... .......... .......... .......... .......... 64% 14.5M 7s
281750K .......... .......... .......... .......... .......... 64% 42.7M 7s
281800K .......... .......... .......... .......... .......... 64%  111M 7s
281850K .......... .......... .......... .......... .......... 64% 45.5M 7s
281900K .......... .......... .......... .......... .......... 64% 43.2M 7s
281950K .......... .......... .......... .......... .......... 64% 25.7M 7s
282000K .......... .......... .......... .......... .......... 64% 62.9M 7s
282050K .......... .......... .......... .......... .......... 64% 51.7M 7s
282100K .......... .......... .......... .......... .......... 64% 52.8M 7s
282150K .......... .......... .......... .......... .......... 64% 57.4M 7s
282200K .......... .......... .......... .......... .......... 64% 40.0M 7s
282250K .......... .......... .......... .......... .......... 64%  111M 7s
282300K .......... .......... .......... .......... .......... 64% 25.7M 7s
282350K .......... .......... .......... .......... .......... 64% 48.2M 7s
282400K .......... .......... .......... .......... .......... 64% 24.5M 7s
282450K .......... .......... .......... .......... .......... 64% 51.4M 7s
282500K .......... .......... .......... .......... .......... 64% 33.1M 7s
282550K .......... .......... .......... .......... .......... 64%  105M 7s
282600K .......... .......... .......... .......... .......... 64% 13.1M 7s
282650K .......... .......... .......... .......... .......... 64% 38.2M 7s
282700K .......... .......... .......... .......... .......... 64% 19.5M 7s
282750K .......... .......... .......... .......... .......... 64% 33.6M 7s
282800K .......... .......... .......... .......... .......... 64% 28.2M 7s
282850K .......... .......... .......... .......... .......... 64% 16.1M 7s
282900K .......... .......... .......... .......... .......... 64% 14.4M 7s
282950K .......... .......... .......... .......... .......... 64% 9.76M 7s
283000K .......... .......... .......... .......... .......... 64% 13.1M 7s
283050K .......... .......... .......... .......... .......... 64% 72.0M 7s
283100K .......... .......... .......... .......... .......... 64% 12.3M 7s
283150K .......... .......... .......... .......... .......... 64% 13.2M 7s
283200K .......... .......... .......... .......... .......... 64% 14.6M 7s
283250K .......... .......... .......... .......... .......... 64% 26.1M 7s
283300K .......... .......... .......... .......... .......... 64%  110M 7s
283350K .......... .......... .......... .......... .......... 64% 38.2M 7s
283400K .......... .......... .......... .......... .......... 64% 16.5M 7s
283450K .......... .......... .......... .......... .......... 64% 40.1M 7s
283500K .......... .......... .......... .......... .......... 64% 27.6M 7s
283550K .......... .......... .......... .......... .......... 64% 17.9M 7s
283600K .......... .......... .......... .......... .......... 64% 20.9M 7s
283650K .......... .......... .......... .......... .......... 64% 93.1M 7s
283700K .......... .......... .......... .......... .......... 64% 35.0M 7s
283750K .......... .......... .......... .......... .......... 64% 85.6M 7s
283800K .......... .......... .......... .......... .......... 64% 21.9M 7s
283850K .......... .......... .......... .......... .......... 64% 48.9M 7s
283900K .......... .......... .......... .......... .......... 65% 51.1M 7s
283950K .......... .......... .......... .......... .......... 65% 50.9M 7s
284000K .......... .......... .......... .......... .......... 65% 51.1M 7s
284050K .......... .......... .......... .......... .......... 65% 51.3M 7s
284100K .......... .......... .......... .......... .......... 65% 55.5M 7s
284150K .......... .......... .......... .......... .......... 65% 25.5M 7s
284200K .......... .......... .......... .......... .......... 65% 75.4M 7s
284250K .......... .......... .......... .......... .......... 65% 43.3M 7s
284300K .......... .......... .......... .......... .......... 65% 36.1M 7s
284350K .......... .......... .......... .......... .......... 65% 62.8M 7s
284400K .......... .......... .......... .......... .......... 65% 31.6M 7s
284450K .......... .......... .......... .......... .......... 65% 18.6M 7s
284500K .......... .......... .......... .......... .......... 65% 31.7M 7s
284550K .......... .......... .......... .......... .......... 65% 22.5M 7s
284600K .......... .......... .......... .......... .......... 65% 25.6M 7s
284650K .......... .......... .......... .......... .......... 65% 35.6M 7s
284700K .......... .......... .......... .......... .......... 65% 36.2M 7s
284750K .......... .......... .......... .......... .......... 65% 16.0M 7s
284800K .......... .......... .......... .......... .......... 65% 10.1M 7s
284850K .......... .......... .......... .......... .......... 65% 9.10M 7s
284900K .......... .......... .......... .......... .......... 65% 19.4M 7s
284950K .......... .......... .......... .......... .......... 65% 73.0M 7s
285000K .......... .......... .......... .......... .......... 65% 10.2M 7s
285050K .......... .......... .......... .......... .......... 65% 6.99M 7s
285100K .......... .......... .......... .......... .......... 65% 33.8M 7s
285150K .......... .......... .......... .......... .......... 65% 35.2M 7s
285200K .......... .......... .......... .......... .......... 65% 18.7M 7s
285250K .......... .......... .......... .......... .......... 65% 24.2M 7s
285300K .......... .......... .......... .......... .......... 65% 32.2M 7s
285350K .......... .......... .......... .......... .......... 65% 49.8M 7s
285400K .......... .......... .......... .......... .......... 65% 18.5M 7s
285450K .......... .......... .......... .......... .......... 65% 17.9M 7s
285500K .......... .......... .......... .......... .......... 65% 27.0M 7s
285550K .......... .......... .......... .......... .......... 65%  106M 7s
285600K .......... .......... .......... .......... .......... 65% 37.0M 7s
285650K .......... .......... .......... .......... .......... 65% 87.0M 7s
285700K .......... .......... .......... .......... .......... 65% 23.2M 7s
285750K .......... .......... .......... .......... .......... 65% 47.1M 7s
285800K .......... .......... .......... .......... .......... 65% 50.1M 7s
285850K .......... .......... .......... .......... .......... 65% 51.7M 7s
285900K .......... .......... .......... .......... .......... 65% 85.0M 7s
285950K .......... .......... .......... .......... .......... 65% 38.9M 7s
286000K .......... .......... .......... .......... .......... 65% 18.0M 7s
286050K .......... .......... .......... .......... .......... 65% 94.2M 7s
286100K .......... .......... .......... .......... .......... 65% 52.7M 7s
286150K .......... .......... .......... .......... .......... 65% 59.0M 7s
286200K .......... .......... .......... .......... .......... 65% 29.2M 7s
286250K .......... .......... .......... .......... .......... 65% 41.8M 7s
286300K .......... .......... .......... .......... .......... 65% 23.4M 7s
286350K .......... .......... .......... .......... .......... 65% 21.2M 7s
286400K .......... .......... .......... .......... .......... 65% 16.8M 7s
286450K .......... .......... .......... .......... .......... 65% 20.4M 7s
286500K .......... .......... .......... .......... .......... 65%  103M 7s
286550K .......... .......... .......... .......... .......... 65% 21.3M 7s
286600K .......... .......... .......... .......... .......... 65% 24.0M 7s
286650K .......... .......... .......... .......... .......... 65% 27.9M 7s
286700K .......... .......... .......... .......... .......... 65% 11.5M 7s
286750K .......... .......... .......... .......... .......... 65% 14.3M 7s
286800K .......... .......... .......... .......... .......... 65% 11.0M 7s
286850K .......... .......... .......... .......... .......... 65% 29.1M 7s
286900K .......... .......... .......... .......... .......... 65% 9.79M 7s
286950K .......... .......... .......... .......... .......... 65% 15.2M 7s
287000K .......... .......... .......... .......... .......... 65% 13.2M 7s
287050K .......... .......... .......... .......... .......... 65% 71.2M 7s
287100K .......... .......... .......... .......... .......... 65% 41.7M 7s
287150K .......... .......... .......... .......... .......... 65% 20.7M 7s
287200K .......... .......... .......... .......... .......... 65% 27.8M 7s
287250K .......... .......... .......... .......... .......... 65% 24.7M 7s
287300K .......... .......... .......... .......... .......... 65% 20.0M 7s
287350K .......... .......... .......... .......... .......... 65% 23.0M 7s
287400K .......... .......... .......... .......... .......... 65%  104M 7s
287450K .......... .......... .......... .......... .......... 65% 35.8M 7s
287500K .......... .......... .......... .......... .......... 65%  113M 7s
287550K .......... .......... .......... .......... .......... 65% 69.2M 7s
287600K .......... .......... .......... .......... .......... 65% 20.9M 7s
287650K .......... .......... .......... .......... .......... 65% 55.2M 7s
287700K .......... .......... .......... .......... .......... 65% 42.4M 7s
287750K .......... .......... .......... .......... .......... 65% 50.9M 7s
287800K .......... .......... .......... .......... .......... 65%  111M 7s
287850K .......... .......... .......... .......... .......... 65% 42.3M 7s
287900K .......... .......... .......... .......... .......... 65% 21.3M 7s
287950K .......... .......... .......... .......... .......... 65% 63.7M 7s
288000K .......... .......... .......... .......... .......... 65% 50.8M 7s
288050K .......... .......... .......... .......... .......... 65% 52.0M 7s
288100K .......... .......... .......... .......... .......... 65% 25.0M 7s
288150K .......... .......... .......... .......... .......... 65% 85.8M 7s
288200K .......... .......... .......... .......... .......... 65% 32.3M 7s
288250K .......... .......... .......... .......... .......... 66% 20.6M 7s
288300K .......... .......... .......... .......... .......... 66% 13.4M 7s
288350K .......... .......... .......... .......... .......... 66% 65.1M 7s
288400K .......... .......... .......... .......... .......... 66% 25.8M 7s
288450K .......... .......... .......... .......... .......... 66% 38.1M 7s
288500K .......... .......... .......... .......... .......... 66% 15.6M 7s
288550K .......... .......... .......... .......... .......... 66% 29.8M 7s
288600K .......... .......... .......... .......... .......... 66% 12.0M 7s
288650K .......... .......... .......... .......... .......... 66% 19.1M 7s
288700K .......... .......... .......... .......... .......... 66% 10.7M 7s
288750K .......... .......... .......... .......... .......... 66% 40.4M 7s
288800K .......... .......... .......... .......... .......... 66% 7.98M 7s
288850K .......... .......... .......... .......... .......... 66% 17.3M 7s
288900K .......... .......... .......... .......... .......... 66% 21.6M 7s
288950K .......... .......... .......... .......... .......... 66% 95.8M 7s
289000K .......... .......... .......... .......... .......... 66% 37.2M 7s
289050K .......... .......... .......... .......... .......... 66% 16.1M 7s
289100K .......... .......... .......... .......... .......... 66% 64.7M 7s
289150K .......... .......... .......... .......... .......... 66% 22.6M 7s
289200K .......... .......... .......... .......... .......... 66% 18.4M 7s
289250K .......... .......... .......... .......... .......... 66% 25.5M 7s
289300K .......... .......... .......... .......... .......... 66% 35.2M 7s
289350K .......... .......... .......... .......... .......... 66% 86.1M 7s
289400K .......... .......... .......... .......... .......... 66% 87.1M 7s
289450K .......... .......... .......... .......... .......... 66% 47.6M 7s
289500K .......... .......... .......... .......... .......... 66% 23.4M 7s
289550K .......... .......... .......... .......... .......... 66% 35.3M 7s
289600K .......... .......... .......... .......... .......... 66% 62.6M 7s
289650K .......... .......... .......... .......... .......... 66% 73.9M 7s
289700K .......... .......... .......... .......... .......... 66% 45.7M 7s
289750K .......... .......... .......... .......... .......... 66% 51.0M 7s
289800K .......... .......... .......... .......... .......... 66% 21.9M 7s
289850K .......... .......... .......... .......... .......... 66% 73.7M 7s
289900K .......... .......... .......... .......... .......... 66% 99.6M 7s
289950K .......... .......... .......... .......... .......... 66% 34.7M 7s
290000K .......... .......... .......... .......... .......... 66% 25.7M 7s
290050K .......... .......... .......... .......... .......... 66% 68.2M 7s
290100K .......... .......... .......... .......... .......... 66% 16.2M 7s
290150K .......... .......... .......... .......... .......... 66% 40.1M 7s
290200K .......... .......... .......... .......... .......... 66% 9.97M 7s
290250K .......... .......... .......... .......... .......... 66% 50.4M 7s
290300K .......... .......... .......... .......... .......... 66% 34.1M 7s
290350K .......... .......... .......... .......... .......... 66% 36.5M 7s
290400K .......... .......... .......... .......... .......... 66% 10.1M 7s
290450K .......... .......... .......... .......... .......... 66% 23.6M 7s
290500K .......... .......... .......... .......... .......... 66% 20.9M 7s
290550K .......... .......... .......... .......... .......... 66% 11.0M 7s
290600K .......... .......... .......... .......... .......... 66% 17.9M 7s
290650K .......... .......... .......... .......... .......... 66% 9.33M 7s
290700K .......... .......... .......... .......... .......... 66% 20.5M 7s
290750K .......... .......... .......... .......... .......... 66% 10.7M 7s
290800K .......... .......... .......... .......... .......... 66% 19.8M 7s
290850K .......... .......... .......... .......... .......... 66% 69.5M 7s
290900K .......... .......... .......... .......... .......... 66% 20.8M 7s
290950K .......... .......... .......... .......... .......... 66% 25.1M 7s
291000K .......... .......... .......... .......... .......... 66% 69.8M 7s
291050K .......... .......... .......... .......... .......... 66% 19.5M 7s
291100K .......... .......... .......... .......... .......... 66% 24.1M 7s
291150K .......... .......... .......... .......... .......... 66% 22.3M 7s
291200K .......... .......... .......... .......... .......... 66% 25.0M 7s
291250K .......... .......... .......... .......... .......... 66% 63.8M 7s
291300K .......... .......... .......... .......... .......... 66% 82.4M 7s
291350K .......... .......... .......... .......... .......... 66% 68.6M 7s
291400K .......... .......... .......... .......... .......... 66% 21.6M 7s
291450K .......... .......... .......... .......... .......... 66% 55.0M 7s
291500K .......... .......... .......... .......... .......... 66% 51.7M 7s
291550K .......... .......... .......... .......... .......... 66% 63.2M 7s
291600K .......... .......... .......... .......... .......... 66% 42.5M 7s
291650K .......... .......... .......... .......... .......... 66% 41.1M 7s
291700K .......... .......... .......... .......... .......... 66% 26.6M 7s
291750K .......... .......... .......... .......... .......... 66% 47.7M 7s
291800K .......... .......... .......... .......... .......... 66% 73.7M 7s
291850K .......... .......... .......... .......... .......... 66% 35.2M 7s
291900K .......... .......... .......... .......... .......... 66% 36.7M 7s
291950K .......... .......... .......... .......... .......... 66% 68.5M 7s
292000K .......... .......... .......... .......... .......... 66% 17.4M 7s
292050K .......... .......... .......... .......... .......... 66% 20.4M 7s
292100K .......... .......... .......... .......... .......... 66% 16.6M 7s
292150K .......... .......... .......... .......... .......... 66% 64.9M 7s
292200K .......... .......... .......... .......... .......... 66% 30.5M 7s
292250K .......... .......... .......... .......... .......... 66% 21.7M 7s
292300K .......... .......... .......... .......... .......... 66% 37.2M 7s
292350K .......... .......... .......... .......... .......... 66% 12.2M 7s
292400K .......... .......... .......... .......... .......... 66% 10.4M 7s
292450K .......... .......... .......... .......... .......... 66% 11.8M 7s
292500K .......... .......... .......... .......... .......... 66% 33.1M 7s
292550K .......... .......... .......... .......... .......... 66% 11.9M 7s
292600K .......... .......... .......... .......... .......... 67% 38.0M 7s
292650K .......... .......... .......... .......... .......... 67% 11.4M 7s
292700K .......... .......... .......... .......... .......... 67% 20.2M 7s
292750K .......... .......... .......... .......... .......... 67% 98.9M 7s
292800K .......... .......... .......... .......... .......... 67% 20.2M 7s
292850K .......... .......... .......... .......... .......... 67% 22.2M 7s
292900K .......... .......... .......... .......... .......... 67% 23.4M 7s
292950K .......... .......... .......... .......... .......... 67% 29.3M 7s
293000K .......... .......... .......... .......... .......... 67% 21.4M 7s
293050K .......... .......... .......... .......... .......... 67% 34.6M 7s
293100K .......... .......... .......... .......... .......... 67% 53.0M 7s
293150K .......... .......... .......... .......... .......... 67%  113M 7s
293200K .......... .......... .......... .......... .......... 67% 50.9M 7s
293250K .......... .......... .......... .......... .......... 67% 65.9M 7s
293300K .......... .......... .......... .......... .......... 67% 23.5M 7s
293350K .......... .......... .......... .......... .......... 67% 44.0M 7s
293400K .......... .......... .......... .......... .......... 67% 42.2M 7s
293450K .......... .......... .......... .......... .......... 67% 51.6M 7s
293500K .......... .......... .......... .......... .......... 67% 66.6M 7s
293550K .......... .......... .......... .......... .......... 67% 39.9M 7s
293600K .......... .......... .......... .......... .......... 67% 20.7M 7s
293650K .......... .......... .......... .......... .......... 67% 93.3M 7s
293700K .......... .......... .......... .......... .......... 67% 70.5M 7s
293750K .......... .......... .......... .......... .......... 67% 30.7M 7s
293800K .......... .......... .......... .......... .......... 67% 33.9M 7s
293850K .......... .......... .......... .......... .......... 67% 20.1M 7s
293900K .......... .......... .......... .......... .......... 67% 56.3M 7s
293950K .......... .......... .......... .......... .......... 67% 38.0M 7s
294000K .......... .......... .......... .......... .......... 67% 9.05M 7s
294050K .......... .......... .......... .......... .......... 67% 66.6M 7s
294100K .......... .......... .......... .......... .......... 67% 22.2M 7s
294150K .......... .......... .......... .......... .......... 67% 24.7M 7s
294200K .......... .......... .......... .......... .......... 67% 24.3M 7s
294250K .......... .......... .......... .......... .......... 67% 15.8M 7s
294300K .......... .......... .......... .......... .......... 67% 19.1M 7s
294350K .......... .......... .......... .......... .......... 67% 8.81M 7s
294400K .......... .......... .......... .......... .......... 67% 15.9M 7s
294450K .......... .......... .......... .......... .......... 67% 12.4M 7s
294500K .......... .......... .......... .......... .......... 67% 17.0M 7s
294550K .......... .......... .......... .......... .......... 67% 13.8M 7s
294600K .......... .......... .......... .......... .......... 67% 23.3M 7s
294650K .......... .......... .......... .......... .......... 67% 64.2M 7s
294700K .......... .......... .......... .......... .......... 67% 91.9M 7s
294750K .......... .......... .......... .......... .......... 67% 12.4M 7s
294800K .......... .......... .......... .......... .......... 67% 19.9M 7s
294850K .......... .......... .......... .......... .......... 67% 29.7M 7s
294900K .......... .......... .......... .......... .......... 67% 24.8M 7s
294950K .......... .......... .......... .......... .......... 67% 29.0M 7s
295000K .......... .......... .......... .......... .......... 67% 92.5M 7s
295050K .......... .......... .......... .......... .......... 67% 35.5M 7s
295100K .......... .......... .......... .......... .......... 67% 79.5M 7s
295150K .......... .......... .......... .......... .......... 67% 62.3M 7s
295200K .......... .......... .......... .......... .......... 67% 17.8M 7s
295250K .......... .......... .......... .......... .......... 67% 43.2M 7s
295300K .......... .......... .......... .......... .......... 67% 50.5M 7s
295350K .......... .......... .......... .......... .......... 67% 83.4M 6s
295400K .......... .......... .......... .......... .......... 67% 53.2M 6s
295450K .......... .......... .......... .......... .......... 67% 35.6M 6s
295500K .......... .......... .......... .......... .......... 67% 20.7M 6s
295550K .......... .......... .......... .......... .......... 67% 50.7M 6s
295600K .......... .......... .......... .......... .......... 67% 47.9M 6s
295650K .......... .......... .......... .......... .......... 67% 51.2M 6s
295700K .......... .......... .......... .......... .......... 67% 13.6M 6s
295750K .......... .......... .......... .......... .......... 67% 53.9M 6s
295800K .......... .......... .......... .......... .......... 67% 27.1M 6s
295850K .......... .......... .......... .......... .......... 67% 63.4M 6s
295900K .......... .......... .......... .......... .......... 67% 14.1M 6s
295950K .......... .......... .......... .......... .......... 67% 33.8M 6s
296000K .......... .......... .......... .......... .......... 67% 28.3M 6s
296050K .......... .......... .......... .......... .......... 67% 22.8M 6s
296100K .......... .......... .......... .......... .......... 67% 11.2M 6s
296150K .......... .......... .......... .......... .......... 67% 37.8M 6s
296200K .......... .......... .......... .......... .......... 67% 14.6M 6s
296250K .......... .......... .......... .......... .......... 67% 12.8M 6s
296300K .......... .......... .......... .......... .......... 67% 13.7M 6s
296350K .......... .......... .......... .......... .......... 67% 15.1M 6s
296400K .......... .......... .......... .......... .......... 67% 13.1M 6s
296450K .......... .......... .......... .......... .......... 67% 15.1M 6s
296500K .......... .......... .......... .......... .......... 67% 22.9M 6s
296550K .......... .......... .......... .......... .......... 67% 52.2M 6s
296600K .......... .......... .......... .......... .......... 67% 44.3M 6s
296650K .......... .......... .......... .......... .......... 67% 11.9M 6s
296700K .......... .......... .......... .......... .......... 67% 34.8M 6s
296750K .......... .......... .......... .......... .......... 67%  104M 6s
296800K .......... .......... .......... .......... .......... 67% 13.4M 6s
296850K .......... .......... .......... .......... .......... 67% 60.0M 6s
296900K .......... .......... .......... .......... .......... 67%  112M 6s
296950K .......... .......... .......... .......... .......... 67% 45.9M 6s
297000K .......... .......... .......... .......... .......... 68% 86.2M 6s
297050K .......... .......... .......... .......... .......... 68% 63.2M 6s
297100K .......... .......... .......... .......... .......... 68% 20.9M 6s
297150K .......... .......... .......... .......... .......... 68% 45.8M 6s
297200K .......... .......... .......... .......... .......... 68% 42.5M 6s
297250K .......... .......... .......... .......... .......... 68% 42.1M 6s
297300K .......... .......... .......... .......... .......... 68% 85.4M 6s
297350K .......... .......... .......... .......... .......... 68% 20.3M 6s
297400K .......... .......... .......... .......... .......... 68% 70.8M 6s
297450K .......... .......... .......... .......... .......... 68% 50.9M 6s
297500K .......... .......... .......... .......... .......... 68% 52.4M 6s
297550K .......... .......... .......... .......... .......... 68% 85.0M 6s
297600K .......... .......... .......... .......... .......... 68% 14.6M 6s
297650K .......... .......... .......... .......... .......... 68% 23.5M 6s
297700K .......... .......... .......... .......... .......... 68% 63.2M 6s
297750K .......... .......... .......... .......... .......... 68% 64.1M 6s
297800K .......... .......... .......... .......... .......... 68% 15.6M 6s
297850K .......... .......... .......... .......... .......... 68% 22.2M 6s
297900K .......... .......... .......... .......... .......... 68% 50.8M 6s
297950K .......... .......... .......... .......... .......... 68% 34.4M 6s
298000K .......... .......... .......... .......... .......... 68% 10.4M 6s
298050K .......... .......... .......... .......... .......... 68% 20.6M 6s
298100K .......... .......... .......... .......... .......... 68% 26.0M 6s
298150K .......... .......... .......... .......... .......... 68% 14.4M 6s
298200K .......... .......... .......... .......... .......... 68% 10.4M 6s
298250K .......... .......... .......... .......... .......... 68% 14.8M 6s
298300K .......... .......... .......... .......... .......... 68% 20.4M 6s
298350K .......... .......... .......... .......... .......... 68% 35.1M 6s
298400K .......... .......... .......... .......... .......... 68% 20.0M 6s
298450K .......... .......... .......... .......... .......... 68% 64.9M 6s
298500K .......... .......... .......... .......... .......... 68% 9.23M 6s
298550K .......... .......... .......... .......... .......... 68% 15.7M 6s
298600K .......... .......... .......... .......... .......... 68% 38.9M 6s
298650K .......... .......... .......... .......... .......... 68% 24.7M 6s
298700K .......... .......... .......... .......... .......... 68% 25.9M 6s
298750K .......... .......... .......... .......... .......... 68% 59.6M 6s
298800K .......... .......... .......... .......... .......... 68% 41.9M 6s
298850K .......... .......... .......... .......... .......... 68%  111M 6s
298900K .......... .......... .......... .......... .......... 68% 56.4M 6s
298950K .......... .......... .......... .......... .......... 68%  114M 6s
299000K .......... .......... .......... .......... .......... 68% 14.3M 6s
299050K .......... .......... .......... .......... .......... 68% 62.1M 6s
299100K .......... .......... .......... .......... .......... 68% 56.3M 6s
299150K .......... .......... .......... .......... .......... 68% 53.9M 6s
299200K .......... .......... .......... .......... .......... 68% 51.2M 6s
299250K .......... .......... .......... .......... .......... 68% 22.5M 6s
299300K .......... .......... .......... .......... .......... 68% 35.5M 6s
299350K .......... .......... .......... .......... .......... 68%  110M 6s
299400K .......... .......... .......... .......... .......... 68% 43.0M 6s
299450K .......... .......... .......... .......... .......... 68% 26.5M 6s
299500K .......... .......... .......... .......... .......... 68% 28.9M 6s
299550K .......... .......... .......... .......... .......... 68% 22.7M 6s
299600K .......... .......... .......... .......... .......... 68% 31.6M 6s
299650K .......... .......... .......... .......... .......... 68% 86.7M 6s
299700K .......... .......... .......... .......... .......... 68% 12.1M 6s
299750K .......... .......... .......... .......... .......... 68% 35.9M 6s
299800K .......... .......... .......... .......... .......... 68% 27.6M 6s
299850K .......... .......... .......... .......... .......... 68% 29.6M 6s
299900K .......... .......... .......... .......... .......... 68% 13.7M 6s
299950K .......... .......... .......... .......... .......... 68% 26.6M 6s
300000K .......... .......... .......... .......... .......... 68% 10.9M 6s
300050K .......... .......... .......... .......... .......... 68% 11.8M 6s
300100K .......... .......... .......... .......... .......... 68% 11.8M 6s
300150K .......... .......... .......... .......... .......... 68% 18.0M 6s
300200K .......... .......... .......... .......... .......... 68% 50.8M 6s
300250K .......... .......... .......... .......... .......... 68% 96.9M 6s
300300K .......... .......... .......... .......... .......... 68% 16.8M 6s
300350K .......... .......... .......... .......... .......... 68% 28.2M 6s
300400K .......... .......... .......... .......... .......... 68% 10.5M 6s
300450K .......... .......... .......... .......... .......... 68% 11.3M 6s
300500K .......... .......... .......... .......... .......... 68% 28.3M 6s
300550K .......... .......... .......... .......... .......... 68% 72.0M 6s
300600K .......... .......... .......... .......... .......... 68% 22.0M 6s
300650K .......... .......... .......... .......... .......... 68%  111M 6s
300700K .......... .......... .......... .......... .......... 68% 52.0M 6s
300750K .......... .......... .......... .......... .......... 68% 82.9M 6s
300800K .......... .......... .......... .......... .......... 68% 42.9M 6s
300850K .......... .......... .......... .......... .......... 68% 27.8M 6s
300900K .......... .......... .......... .......... .......... 68% 31.5M 6s
300950K .......... .......... .......... .......... .......... 68% 51.2M 6s
301000K .......... .......... .......... .......... .......... 68% 84.8M 6s
301050K .......... .......... .......... .......... .......... 68% 50.7M 6s
301100K .......... .......... .......... .......... .......... 68% 69.1M 6s
301150K .......... .......... .......... .......... .......... 68% 32.1M 6s
301200K .......... .......... .......... .......... .......... 68% 22.1M 6s
301250K .......... .......... .......... .......... .......... 68% 62.4M 6s
301300K .......... .......... .......... .......... .......... 68% 64.4M 6s
301350K .......... .......... .......... .......... .......... 69% 24.1M 6s
301400K .......... .......... .......... .......... .......... 69% 26.4M 6s
301450K .......... .......... .......... .......... .......... 69% 24.4M 6s
301500K .......... .......... .......... .......... .......... 69% 29.3M 6s
301550K .......... .......... .......... .......... .......... 69%  103M 6s
301600K .......... .......... .......... .......... .......... 69% 11.3M 6s
301650K .......... .......... .......... .......... .......... 69% 35.6M 6s
301700K .......... .......... .......... .......... .......... 69% 21.1M 6s
301750K .......... .......... .......... .......... .......... 69% 18.8M 6s
301800K .......... .......... .......... .......... .......... 69% 13.9M 6s
301850K .......... .......... .......... .......... .......... 69% 98.4M 6s
301900K .......... .......... .......... .......... .......... 69% 11.1M 6s
301950K .......... .......... .......... .......... .......... 69% 11.5M 6s
302000K .......... .......... .......... .......... .......... 69% 12.2M 6s
302050K .......... .......... .......... .......... .......... 69% 17.8M 6s
302100K .......... .......... .......... .......... .......... 69% 45.6M 6s
302150K .......... .......... .......... .......... .......... 69% 22.0M 6s
302200K .......... .......... .......... .......... .......... 69% 28.4M 6s
302250K .......... .......... .......... .......... .......... 69% 90.9M 6s
302300K .......... .......... .......... .......... .......... 69% 10.4M 6s
302350K .......... .......... .......... .......... .......... 69% 10.0M 6s
302400K .......... .......... .......... .......... .......... 69% 21.3M 6s
302450K .......... .......... .......... .......... .......... 69% 47.2M 6s
302500K .......... .......... .......... .......... .......... 69% 26.7M 6s
302550K .......... .......... .......... .......... .......... 69% 51.0M 6s
302600K .......... .......... .......... .......... .......... 69% 97.8M 6s
302650K .......... .......... .......... .......... .......... 69%  107M 6s
302700K .......... .......... .......... .......... .......... 69% 53.9M 6s
302750K .......... .......... .......... .......... .......... 69% 24.7M 6s
302800K .......... .......... .......... .......... .......... 69% 26.1M 6s
302850K .......... .......... .......... .......... .......... 69% 58.3M 6s
302900K .......... .......... .......... .......... .......... 69% 73.0M 6s
302950K .......... .......... .......... .......... .......... 69% 54.8M 6s
303000K .......... .......... .......... .......... .......... 69% 54.3M 6s
303050K .......... .......... .......... .......... .......... 69% 36.1M 6s
303100K .......... .......... .......... .......... .......... 69% 24.4M 6s
303150K .......... .......... .......... .......... .......... 69% 86.3M 6s
303200K .......... .......... .......... .......... .......... 69% 46.9M 6s
303250K .......... .......... .......... .......... .......... 69% 21.8M 6s
303300K .......... .......... .......... .......... .......... 69% 28.2M 6s
303350K .......... .......... .......... .......... .......... 69% 52.6M 6s
303400K .......... .......... .......... .......... .......... 69% 29.0M 6s
303450K .......... .......... .......... .......... .......... 69% 27.0M 6s
303500K .......... .......... .......... .......... .......... 69% 15.0M 6s
303550K .......... .......... .......... .......... .......... 69% 20.6M 6s
303600K .......... .......... .......... .......... .......... 69% 50.6M 6s
303650K .......... .......... .......... .......... .......... 69% 10.8M 6s
303700K .......... .......... .......... .......... .......... 69% 30.1M 6s
303750K .......... .......... .......... .......... .......... 69% 27.0M 6s
303800K .......... .......... .......... .......... .......... 69% 17.1M 6s
303850K .......... .......... .......... .......... .......... 69% 18.2M 6s
303900K .......... .......... .......... .......... .......... 69% 7.63M 6s
303950K .......... .......... .......... .......... .......... 69% 26.7M 6s
304000K .......... .......... .......... .......... .......... 69% 55.8M 6s
304050K .......... .......... .......... .......... .......... 69% 19.6M 6s
304100K .......... .......... .......... .......... .......... 69% 26.5M 6s
304150K .......... .......... .......... .......... .......... 69% 30.7M 6s
304200K .......... .......... .......... .......... .......... 69% 25.4M 6s
304250K .......... .......... .......... .......... .......... 69% 10.1M 6s
304300K .......... .......... .......... .......... .......... 69% 34.2M 6s
304350K .......... .......... .......... .......... .......... 69% 52.5M 6s
304400K .......... .......... .......... .......... .......... 69% 19.5M 6s
304450K .......... .......... .......... .......... .......... 69% 84.4M 6s
304500K .......... .......... .......... .......... .......... 69%  106M 6s
304550K .......... .......... .......... .......... .......... 69% 72.3M 6s
304600K .......... .......... .......... .......... .......... 69% 49.4M 6s
304650K .......... .......... .......... .......... .......... 69% 20.0M 6s
304700K .......... .......... .......... .......... .......... 69% 85.4M 6s
304750K .......... .......... .......... .......... .......... 69% 46.7M 6s
304800K .......... .......... .......... .......... .......... 69% 33.3M 6s
304850K .......... .......... .......... .......... .......... 69% 84.4M 6s
304900K .......... .......... .......... .......... .......... 69% 63.3M 6s
304950K .......... .......... .......... .......... .......... 69% 20.9M 6s
305000K .......... .......... .......... .......... .......... 69% 42.6M 6s
305050K .......... .......... .......... .......... .......... 69%  112M 6s
305100K .......... .......... .......... .......... .......... 69% 51.0M 6s
305150K .......... .......... .......... .......... .......... 69% 34.6M 6s
305200K .......... .......... .......... .......... .......... 69% 8.59M 6s
305250K .......... .......... .......... .......... .......... 69% 41.3M 6s
305300K .......... .......... .......... .......... .......... 69% 53.4M 6s
305350K .......... .......... .......... .......... .......... 69% 16.1M 6s
305400K .......... .......... .......... .......... .......... 69% 12.7M 6s
305450K .......... .......... .......... .......... .......... 69% 41.2M 6s
305500K .......... .......... .......... .......... .......... 69% 85.8M 6s
305550K .......... .......... .......... .......... .......... 69% 21.3M 6s
305600K .......... .......... .......... .......... .......... 69% 13.6M 6s
305650K .......... .......... .......... .......... .......... 69% 9.99M 6s
305700K .......... .......... .......... .......... .......... 70% 55.3M 6s
305750K .......... .......... .......... .......... .......... 70% 18.6M 6s
305800K .......... .......... .......... .......... .......... 70% 7.33M 6s
305850K .......... .......... .......... .......... .......... 70% 27.1M 6s
305900K .......... .......... .......... .......... .......... 70% 52.1M 6s
305950K .......... .......... .......... .......... .......... 70% 19.2M 6s
306000K .......... .......... .......... .......... .......... 70% 30.7M 6s
306050K .......... .......... .......... .......... .......... 70% 15.7M 6s
306100K .......... .......... .......... .......... .......... 70% 11.9M 6s
306150K .......... .......... .......... .......... .......... 70% 31.9M 6s
306200K .......... .......... .......... .......... .......... 70% 39.7M 6s
306250K .......... .......... .......... .......... .......... 70% 44.2M 6s
306300K .......... .......... .......... .......... .......... 70% 21.5M 6s
306350K .......... .......... .......... .......... .......... 70% 49.8M 6s
306400K .......... .......... .......... .......... .......... 70% 75.0M 6s
306450K .......... .......... .......... .......... .......... 70%  107M 6s
306500K .......... .......... .......... .......... .......... 70% 17.8M 6s
306550K .......... .......... .......... .......... .......... 70% 38.8M 6s
306600K .......... .......... .......... .......... .......... 70% 57.9M 6s
306650K .......... .......... .......... .......... .......... 70% 30.3M 6s
306700K .......... .......... .......... .......... .......... 70% 76.0M 6s
306750K .......... .......... .......... .......... .......... 70% 72.5M 6s
306800K .......... .......... .......... .......... .......... 70% 18.8M 6s
306850K .......... .......... .......... .......... .......... 70% 42.1M 6s
306900K .......... .......... .......... .......... .......... 70% 45.6M 6s
306950K .......... .......... .......... .......... .......... 70% 53.1M 6s
307000K .......... .......... .......... .......... .......... 70%  116M 6s
307050K .......... .......... .......... .......... .......... 70% 23.7M 6s
307100K .......... .......... .......... .......... .......... 70% 18.2M 6s
307150K .......... .......... .......... .......... .......... 70% 40.7M 6s
307200K .......... .......... .......... .......... .......... 70% 18.2M 6s
307250K .......... .......... .......... .......... .......... 70% 16.2M 6s
307300K .......... .......... .......... .......... .......... 70% 20.7M 6s
307350K .......... .......... .......... .......... .......... 70% 40.8M 6s
307400K .......... .......... .......... .......... .......... 70% 35.2M 6s
307450K .......... .......... .......... .......... .......... 70% 12.2M 6s
307500K .......... .......... .......... .......... .......... 70% 23.3M 6s
307550K .......... .......... .......... .......... .......... 70% 12.7M 6s
307600K .......... .......... .......... .......... .......... 70% 12.8M 6s
307650K .......... .......... .......... .......... .......... 70% 12.5M 6s
307700K .......... .......... .......... .......... .......... 70% 14.7M 6s
307750K .......... .......... .......... .......... .......... 70% 22.8M 6s
307800K .......... .......... .......... .......... .......... 70% 73.3M 6s
307850K .......... .......... .......... .......... .......... 70% 18.8M 6s
307900K .......... .......... .......... .......... .......... 70% 31.9M 6s
307950K .......... .......... .......... .......... .......... 70% 15.5M 6s
308000K .......... .......... .......... .......... .......... 70% 9.71M 6s
308050K .......... .......... .......... .......... .......... 70% 34.9M 6s
308100K .......... .......... .......... .......... .......... 70%  106M 6s
308150K .......... .......... .......... .......... .......... 70% 45.9M 6s
308200K .......... .......... .......... .......... .......... 70% 15.5M 6s
308250K .......... .......... .......... .......... .......... 70%  105M 6s
308300K .......... .......... .......... .......... .......... 70%  107M 6s
308350K .......... .......... .......... .......... .......... 70% 80.4M 6s
308400K .......... .......... .......... .......... .......... 70% 42.0M 6s
308450K .......... .......... .......... .......... .......... 70% 20.8M 6s
308500K .......... .......... .......... .......... .......... 70% 47.3M 6s
308550K .......... .......... .......... .......... .......... 70% 54.5M 6s
308600K .......... .......... .......... .......... .......... 70% 72.1M 6s
308650K .......... .......... .......... .......... .......... 70% 73.3M 6s
308700K .......... .......... .......... .......... .......... 70% 22.5M 6s
308750K .......... .......... .......... .......... .......... 70% 43.9M 6s
308800K .......... .......... .......... .......... .......... 70% 33.6M 6s
308850K .......... .......... .......... .......... .......... 70% 48.9M 6s
308900K .......... .......... .......... .......... .......... 70%  104M 6s
308950K .......... .......... .......... .......... .......... 70% 19.9M 6s
309000K .......... .......... .......... .......... .......... 70% 30.4M 6s
309050K .......... .......... .......... .......... .......... 70% 26.8M 6s
309100K .......... .......... .......... .......... .......... 70% 28.3M 6s
309150K .......... .......... .......... .......... .......... 70% 29.8M 6s
309200K .......... .......... .......... .......... .......... 70% 10.4M 6s
309250K .......... .......... .......... .......... .......... 70% 69.0M 6s
309300K .......... .......... .......... .......... .......... 70% 34.0M 6s
309350K .......... .......... .......... .......... .......... 70% 20.6M 6s
309400K .......... .......... .......... .......... .......... 70% 21.9M 6s
309450K .......... .......... .......... .......... .......... 70% 13.5M 6s
309500K .......... .......... .......... .......... .......... 70% 18.8M 6s
309550K .......... .......... .......... .......... .......... 70% 23.7M 6s
309600K .......... .......... .......... .......... .......... 70% 6.70M 6s
309650K .......... .......... .......... .......... .......... 70% 70.2M 6s
309700K .......... .......... .......... .......... .......... 70% 73.7M 6s
309750K .......... .......... .......... .......... .......... 70% 22.1M 6s
309800K .......... .......... .......... .......... .......... 70% 30.4M 6s
309850K .......... .......... .......... .......... .......... 70% 15.8M 6s
309900K .......... .......... .......... .......... .......... 70% 10.2M 6s
309950K .......... .......... .......... .......... .......... 70% 30.0M 6s
310000K .......... .......... .......... .......... .......... 70% 34.7M 6s
310050K .......... .......... .......... .......... .......... 70% 23.6M 6s
310100K .......... .......... .......... .......... .......... 71% 37.8M 6s
310150K .......... .......... .......... .......... .......... 71% 99.5M 6s
310200K .......... .......... .......... .......... .......... 71%  116M 6s
310250K .......... .......... .......... .......... .......... 71% 48.8M 6s
310300K .......... .......... .......... .......... .......... 71% 63.9M 6s
310350K .......... .......... .......... .......... .......... 71% 17.9M 6s
310400K .......... .......... .......... .......... .......... 71% 33.0M 6s
310450K .......... .......... .......... .......... .......... 71%  106M 6s
310500K .......... .......... .......... .......... .......... 71% 54.9M 6s
310550K .......... .......... .......... .......... .......... 71%  113M 6s
310600K .......... .......... .......... .......... .......... 71% 16.2M 6s
310650K .......... .......... .......... .......... .......... 71% 39.8M 6s
310700K .......... .......... .......... .......... .......... 71% 45.1M 6s
310750K .......... .......... .......... .......... .......... 71% 85.6M 6s
310800K .......... .......... .......... .......... .......... 71% 35.7M 6s
310850K .......... .......... .......... .......... .......... 71% 26.2M 6s
310900K .......... .......... .......... .......... .......... 71% 21.0M 6s
310950K .......... .......... .......... .......... .......... 71% 38.0M 6s
311000K .......... .......... .......... .......... .......... 71% 15.2M 6s
311050K .......... .......... .......... .......... .......... 71% 13.1M 6s
311100K .......... .......... .......... .......... .......... 71% 24.6M 6s
311150K .......... .......... .......... .......... .......... 71% 72.0M 6s
311200K .......... .......... .......... .......... .......... 71% 20.0M 6s
311250K .......... .......... .......... .......... .......... 71% 12.6M 6s
311300K .......... .......... .......... .......... .......... 71% 18.9M 6s
311350K .......... .......... .......... .......... .......... 71% 11.8M 6s
311400K .......... .......... .......... .......... .......... 71% 13.7M 6s
311450K .......... .......... .......... .......... .......... 71% 32.6M 6s
311500K .......... .......... .......... .......... .......... 71% 13.4M 6s
311550K .......... .......... .......... .......... .......... 71% 12.3M 6s
311600K .......... .......... .......... .......... .......... 71% 12.6M 6s
311650K .......... .......... .......... .......... .......... 71% 9.88M 6s
311700K .......... .......... .......... .......... .......... 71% 17.2M 6s
311750K .......... .......... .......... .......... .......... 71% 18.0M 6s
311800K .......... .......... .......... .......... .......... 71% 15.3M 6s
311850K .......... .......... .......... .......... .......... 71% 32.2M 6s
311900K .......... .......... .......... .......... .......... 71% 25.2M 6s
311950K .......... .......... .......... .......... .......... 71% 12.7M 6s
312000K .......... .......... .......... .......... .......... 71% 13.7M 6s
312050K .......... .......... .......... .......... .......... 71% 36.1M 6s
312100K .......... .......... .......... .......... .......... 71% 36.7M 6s
312150K .......... .......... .......... .......... .......... 71% 31.5M 6s
312200K .......... .......... .......... .......... .......... 71%  104M 6s
312250K .......... .......... .......... .......... .......... 71%  109M 6s
312300K .......... .......... .......... .......... .......... 71%  104M 6s
312350K .......... .......... .......... .......... .......... 71%  117M 6s
312400K .......... .......... .......... .......... .......... 71% 84.4M 6s
312450K .......... .......... .......... .......... .......... 71%  112M 6s
312500K .......... .......... .......... .......... .......... 71% 95.3M 6s
312550K .......... .......... .......... .......... .......... 71%  696K 6s
312600K .......... .......... .......... .......... .......... 71% 82.1M 6s
312650K .......... .......... .......... .......... .......... 71% 35.7M 6s
312700K .......... .......... .......... .......... .......... 71%  116M 6s
312750K .......... .......... .......... .......... .......... 71%  127M 6s
312800K .......... .......... .......... .......... .......... 71%  102M 6s
312850K .......... .......... .......... .......... .......... 71%  137M 6s
312900K .......... .......... .......... .......... .......... 71%  132M 6s
312950K .......... .......... .......... .......... .......... 71%  135M 6s
313000K .......... .......... .......... .......... .......... 71%  135M 6s
313050K .......... .......... .......... .......... .......... 71%  132M 6s
313100K .......... .......... .......... .......... .......... 71%  125M 6s
313150K .......... .......... .......... .......... .......... 71%  129M 6s
313200K .......... .......... .......... .......... .......... 71%  101M 6s
313250K .......... .......... .......... .......... .......... 71%  139M 6s
313300K .......... .......... .......... .......... .......... 71%  132M 6s
313350K .......... .......... .......... .......... .......... 71%  133M 6s
313400K .......... .......... .......... .......... .......... 71%  136M 6s
313450K .......... .......... .......... .......... .......... 71%  138M 6s
313500K .......... .......... .......... .......... .......... 71%  142M 6s
313550K .......... .......... .......... .......... .......... 71%  135M 6s
313600K .......... .......... .......... .......... .......... 71%  106M 6s
313650K .......... .......... .......... .......... .......... 71%  141M 6s
313700K .......... .......... .......... .......... .......... 71%  136M 6s
313750K .......... .......... .......... .......... .......... 71%  138M 6s
313800K .......... .......... .......... .......... .......... 71%  136M 6s
313850K .......... .......... .......... .......... .......... 71%  138M 6s
313900K .......... .......... .......... .......... .......... 71%  139M 6s
313950K .......... .......... .......... .......... .......... 71%  136M 6s
314000K .......... .......... .......... .......... .......... 71%  101M 6s
314050K .......... .......... .......... .......... .......... 71%  138M 6s
314100K .......... .......... .......... .......... .......... 71%  133M 6s
314150K .......... .......... .......... .......... .......... 71%  136M 6s
314200K .......... .......... .......... .......... .......... 71%  138M 6s
314250K .......... .......... .......... .......... .......... 71%  138M 6s
314300K .......... .......... .......... .......... .......... 71%  138M 6s
314350K .......... .......... .......... .......... .......... 71%  135M 6s
314400K .......... .......... .......... .......... .......... 71%  908K 6s
314450K .......... .......... .......... .......... .......... 72% 95.0M 6s
314500K .......... .......... .......... .......... .......... 72%  104M 6s
314550K .......... .......... .......... .......... .......... 72%  116M 6s
314600K .......... .......... .......... .......... .......... 72%  116M 6s
314650K .......... .......... .......... .......... .......... 72%  110M 6s
314700K .......... .......... .......... .......... .......... 72%  119M 6s
314750K .......... .......... .......... .......... .......... 72%  114M 6s
314800K .......... .......... .......... .......... .......... 72% 7.58M 6s
314850K .......... .......... .......... .......... .......... 72%  105M 6s
314900K .......... .......... .......... .......... .......... 72%  108M 6s
314950K .......... .......... .......... .......... .......... 72%  110M 6s
315000K .......... .......... .......... .......... .......... 72%  118M 6s
315050K .......... .......... .......... .......... .......... 72%  119M 6s
315100K .......... .......... .......... .......... .......... 72%  109M 6s
315150K .......... .......... .......... .......... .......... 72%  121M 6s
315200K .......... .......... .......... .......... .......... 72% 3.89M 6s
315250K .......... .......... .......... .......... .......... 72%  109M 6s
315300K .......... .......... .......... .......... .......... 72%  111M 6s
315350K .......... .......... .......... .......... .......... 72%  120M 6s
315400K .......... .......... .......... .......... .......... 72%  113M 6s
315450K .......... .......... .......... .......... .......... 72%  105M 6s
315500K .......... .......... .......... .......... .......... 72%  118M 6s
315550K .......... .......... .......... .......... .......... 72%  113M 6s
315600K .......... .......... .......... .......... .......... 72% 89.4M 6s
315650K .......... .......... .......... .......... .......... 72%  112M 6s
315700K .......... .......... .......... .......... .......... 72%  119M 6s
315750K .......... .......... .......... .......... .......... 72%  112M 6s
315800K .......... .......... .......... .......... .......... 72% 1.33M 6s
315850K .......... .......... .......... .......... .......... 72%  102M 6s
315900K .......... .......... .......... .......... .......... 72%  108M 6s
315950K .......... .......... .......... .......... .......... 72%  109M 6s
316000K .......... .......... .......... .......... .......... 72% 87.1M 6s
316050K .......... .......... .......... .......... .......... 72%  107M 6s
316100K .......... .......... .......... .......... .......... 72%  112M 6s
316150K .......... .......... .......... .......... .......... 72% 7.83M 6s
316200K .......... .......... .......... .......... .......... 72% 95.8M 6s
316250K .......... .......... .......... .......... .......... 72%  112M 6s
316300K .......... .......... .......... .......... .......... 72%  107M 6s
316350K .......... .......... .......... .......... .......... 72% 44.5M 6s
316400K .......... .......... .......... .......... .......... 72% 78.6M 5s
316450K .......... .......... .......... .......... .......... 72%  116M 5s
316500K .......... .......... .......... .......... .......... 72%  108M 5s
316550K .......... .......... .......... .......... .......... 72% 3.98M 5s
316600K .......... .......... .......... .......... .......... 72%  105M 5s
316650K .......... .......... .......... .......... .......... 72% 36.1M 5s
316700K .......... .......... .......... .......... .......... 72% 98.3M 5s
316750K .......... .......... .......... .......... .......... 72%  117M 5s
316800K .......... .......... .......... .......... .......... 72% 81.7M 5s
316850K .......... .......... .......... .......... .......... 72%  121M 5s
316900K .......... .......... .......... .......... .......... 72%  103M 5s
316950K .......... .......... .......... .......... .......... 72%  116M 5s
317000K .......... .......... .......... .......... .......... 72%  109M 5s
317050K .......... .......... .......... .......... .......... 72%  118M 5s
317100K .......... .......... .......... .......... .......... 72%  108M 5s
317150K .......... .......... .......... .......... .......... 72% 49.7M 5s
317200K .......... .......... .......... .......... .......... 72% 1.42M 5s
317250K .......... .......... .......... .......... .......... 72%  112M 5s
317300K .......... .......... .......... .......... .......... 72%  100M 5s
317350K .......... .......... .......... .......... .......... 72%  109M 5s
317400K .......... .......... .......... .......... .......... 72%  111M 5s
317450K .......... .......... .......... .......... .......... 72%  114M 5s
317500K .......... .......... .......... .......... .......... 72%  110M 5s
317550K .......... .......... .......... .......... .......... 72% 7.48M 5s
317600K .......... .......... .......... .......... .......... 72% 75.0M 5s
317650K .......... .......... .......... .......... .......... 72%  115M 5s
317700K .......... .......... .......... .......... .......... 72%  106M 5s
317750K .......... .......... .......... .......... .......... 72%  112M 5s
317800K .......... .......... .......... .......... .......... 72% 90.7M 5s
317850K .......... .......... .......... .......... .......... 72%  108M 5s
317900K .......... .......... .......... .......... .......... 72%  113M 5s
317950K .......... .......... .......... .......... .......... 72% 3.88M 5s
318000K .......... .......... .......... .......... .......... 72% 71.9M 5s
318050K .......... .......... .......... .......... .......... 72% 50.5M 5s
318100K .......... .......... .......... .......... .......... 72% 86.6M 5s
318150K .......... .......... .......... .......... .......... 72%  105M 5s
318200K .......... .......... .......... .......... .......... 72%  116M 5s
318250K .......... .......... .......... .......... .......... 72%  102M 5s
318300K .......... .......... .......... .......... .......... 72%  119M 5s
318350K .......... .......... .......... .......... .......... 72%  112M 5s
318400K .......... .......... .......... .......... .......... 72% 84.8M 5s
318450K .......... .......... .......... .......... .......... 72%  103M 5s
318500K .......... .......... .......... .......... .......... 72%  114M 5s
318550K .......... .......... .......... .......... .......... 72% 20.9M 5s
318600K .......... .......... .......... .......... .......... 72% 1.49M 5s
318650K .......... .......... .......... .......... .......... 72%  113M 5s
318700K .......... .......... .......... .......... .......... 72%  106M 5s
318750K .......... .......... .......... .......... .......... 72%  109M 5s
318800K .......... .......... .......... .......... .......... 73% 84.0M 5s
318850K .......... .......... .......... .......... .......... 73%  118M 5s
318900K .......... .......... .......... .......... .......... 73% 82.7M 5s
318950K .......... .......... .......... .......... .......... 73% 7.52M 5s
319000K .......... .......... .......... .......... .......... 73% 97.4M 5s
319050K .......... .......... .......... .......... .......... 73% 88.2M 5s
319100K .......... .......... .......... .......... .......... 73%  110M 5s
319150K .......... .......... .......... .......... .......... 73%  114M 5s
319200K .......... .......... .......... .......... .......... 73% 85.6M 5s
319250K .......... .......... .......... .......... .......... 73%  119M 5s
319300K .......... .......... .......... .......... .......... 73% 52.4M 5s
319350K .......... .......... .......... .......... .......... 73% 3.78M 5s
319400K .......... .......... .......... .......... .......... 73% 82.5M 5s
319450K .......... .......... .......... .......... .......... 73%  110M 5s
319500K .......... .......... .......... .......... .......... 73%  105M 5s
319550K .......... .......... .......... .......... .......... 73%  113M 5s
319600K .......... .......... .......... .......... .......... 73% 85.0M 5s
319650K .......... .......... .......... .......... .......... 73%  113M 5s
319700K .......... .......... .......... .......... .......... 73%  111M 5s
319750K .......... .......... .......... .......... .......... 73%  107M 5s
319800K .......... .......... .......... .......... .......... 73%  118M 5s
319850K .......... .......... .......... .......... .......... 73%  112M 5s
319900K .......... .......... .......... .......... .......... 73%  121M 5s
319950K .......... .......... .......... .......... .......... 73% 22.5M 5s
320000K .......... .......... .......... .......... .......... 73% 1.48M 5s
320050K .......... .......... .......... .......... .......... 73%  102M 5s
320100K .......... .......... .......... .......... .......... 73%  112M 5s
320150K .......... .......... .......... .......... .......... 73% 98.3M 5s
320200K .......... .......... .......... .......... .......... 73%  115M 5s
320250K .......... .......... .......... .......... .......... 73%  105M 5s
320300K .......... .......... .......... .......... .......... 73%  122M 5s
320350K .......... .......... .......... .......... .......... 73% 7.34M 5s
320400K .......... .......... .......... .......... .......... 73% 76.0M 5s
320450K .......... .......... .......... .......... .......... 73%  107M 5s
320500K .......... .......... .......... .......... .......... 73%  113M 5s
320550K .......... .......... .......... .......... .......... 73%  114M 5s
320600K .......... .......... .......... .......... .......... 73%  118M 5s
320650K .......... .......... .......... .......... .......... 73%  104M 5s
320700K .......... .......... .......... .......... .......... 73% 80.0M 5s
320750K .......... .......... .......... .......... .......... 73% 3.61M 5s
320800K .......... .......... .......... .......... .......... 73% 71.6M 5s
320850K .......... .......... .......... .......... .......... 73%  106M 5s
320900K .......... .......... .......... .......... .......... 73%  115M 5s
320950K .......... .......... .......... .......... .......... 73%  109M 5s
321000K .......... .......... .......... .......... .......... 73% 99.3M 5s
321050K .......... .......... .......... .......... .......... 73%  112M 5s
321100K .......... .......... .......... .......... .......... 73%  113M 5s
321150K .......... .......... .......... .......... .......... 73% 88.0M 5s
321200K .......... .......... .......... .......... .......... 73% 86.8M 5s
321250K .......... .......... .......... .......... .......... 73%  104M 5s
321300K .......... .......... .......... .......... .......... 73% 62.4M 5s
321350K .......... .......... .......... .......... .......... 73% 28.7M 5s
321400K .......... .......... .......... .......... .......... 73% 1.53M 5s
321450K .......... .......... .......... .......... .......... 73% 61.3M 5s
321500K .......... .......... .......... .......... .......... 73%  104M 5s
321550K .......... .......... .......... .......... .......... 73%  107M 5s
321600K .......... .......... .......... .......... .......... 73% 83.2M 5s
321650K .......... .......... .......... .......... .......... 73%  114M 5s
321700K .......... .......... .......... .......... .......... 73%  121M 5s
321750K .......... .......... .......... .......... .......... 73% 9.23M 5s
321800K .......... .......... .......... .......... .......... 73% 25.8M 5s
321850K .......... .......... .......... .......... .......... 73%  110M 5s
321900K .......... .......... .......... .......... .......... 73%  107M 5s
321950K .......... .......... .......... .......... .......... 73%  110M 5s
322000K .......... .......... .......... .......... .......... 73% 84.4M 5s
322050K .......... .......... .......... .......... .......... 73%  114M 5s
322100K .......... .......... .......... .......... .......... 73%  117M 5s
322150K .......... .......... .......... .......... .......... 73% 59.8M 5s
322200K .......... .......... .......... .......... .......... 73% 3.63M 5s
322250K .......... .......... .......... .......... .......... 73%  112M 5s
322300K .......... .......... .......... .......... .......... 73%  115M 5s
322350K .......... .......... .......... .......... .......... 73%  112M 5s
322400K .......... .......... .......... .......... .......... 73% 77.4M 5s
322450K .......... .......... .......... .......... .......... 73%  114M 5s
322500K .......... .......... .......... .......... .......... 73%  119M 5s
322550K .......... .......... .......... .......... .......... 73%  106M 5s
322600K .......... .......... .......... .......... .......... 73%  116M 5s
322650K .......... .......... .......... .......... .......... 73%  107M 5s
322700K .......... .......... .......... .......... .......... 73%  116M 5s
322750K .......... .......... .......... .......... .......... 73% 54.7M 5s
322800K .......... .......... .......... .......... .......... 73% 8.74M 5s
322850K .......... .......... .......... .......... .......... 73% 1.72M 5s
322900K .......... .......... .......... .......... .......... 73% 86.5M 5s
322950K .......... .......... .......... .......... .......... 73%  112M 5s
323000K .......... .......... .......... .......... .......... 73%  116M 5s
323050K .......... .......... .......... .......... .......... 73%  102M 5s
323100K .......... .......... .......... .......... .......... 73%  118M 5s
323150K .......... .......... .......... .......... .......... 73% 81.7M 5s
323200K .......... .......... .......... .......... .......... 74% 7.31M 5s
323250K .......... .......... .......... .......... .......... 74%  113M 5s
323300K .......... .......... .......... .......... .......... 74%  111M 5s
323350K .......... .......... .......... .......... .......... 74%  102M 5s
323400K .......... .......... .......... .......... .......... 74%  118M 5s
323450K .......... .......... .......... .......... .......... 74%  111M 5s
323500K .......... .......... .......... .......... .......... 74%  112M 5s
323550K .......... .......... .......... .......... .......... 74%  118M 5s
323600K .......... .......... .......... .......... .......... 74% 3.36M 5s
323650K .......... .......... .......... .......... .......... 74% 99.3M 5s
323700K .......... .......... .......... .......... .......... 74%  110M 5s
323750K .......... .......... .......... .......... .......... 74%  111M 5s
323800K .......... .......... .......... .......... .......... 74%  110M 5s
323850K .......... .......... .......... .......... .......... 74%  116M 5s
323900K .......... .......... .......... .......... .......... 74%  110M 5s
323950K .......... .......... .......... .......... .......... 74%  117M 5s
324000K .......... .......... .......... .......... .......... 74% 84.6M 5s
324050K .......... .......... .......... .......... .......... 74% 97.5M 5s
324100K .......... .......... .......... .......... .......... 74% 86.1M 5s
324150K .......... .......... .......... .......... .......... 74%  113M 5s
324200K .......... .......... .......... .......... .......... 74% 68.4M 5s
324250K .......... .......... .......... .......... .......... 74% 6.14M 5s
324300K .......... .......... .......... .......... .......... 74% 1.94M 5s
324350K .......... .......... .......... .......... .......... 74%  104M 5s
324400K .......... .......... .......... .......... .......... 74% 85.2M 5s
324450K .......... .......... .......... .......... .......... 74%  103M 5s
324500K .......... .......... .......... .......... .......... 74%  113M 5s
324550K .......... .......... .......... .......... .......... 74%  114M 5s
324600K .......... .......... .......... .......... .......... 74% 70.5M 5s
324650K .......... .......... .......... .......... .......... 74% 7.49M 5s
324700K .......... .......... .......... .......... .......... 74% 81.7M 5s
324750K .......... .......... .......... .......... .......... 74%  104M 5s
324800K .......... .......... .......... .......... .......... 74% 86.1M 5s
324850K .......... .......... .......... .......... .......... 74%  104M 5s
324900K .......... .......... .......... .......... .......... 74%  119M 5s
324950K .......... .......... .......... .......... .......... 74% 85.1M 5s
325000K .......... .......... .......... .......... .......... 74% 89.5M 5s
325050K .......... .......... .......... .......... .......... 74% 3.43M 5s
325100K .......... .......... .......... .......... .......... 74%  101M 5s
325150K .......... .......... .......... .......... .......... 74% 99.7M 5s
325200K .......... .......... .......... .......... .......... 74% 87.2M 5s
325250K .......... .......... .......... .......... .......... 74% 86.1M 5s
325300K .......... .......... .......... .......... .......... 74%  115M 5s
325350K .......... .......... .......... .......... .......... 74%  109M 5s
325400K .......... .......... .......... .......... .......... 74%  110M 5s
325450K .......... .......... .......... .......... .......... 74%  113M 5s
325500K .......... .......... .......... .......... .......... 74%  115M 5s
325550K .......... .......... .......... .......... .......... 74%  117M 5s
325600K .......... .......... .......... .......... .......... 74% 60.4M 5s
325650K .......... .......... .......... .......... .......... 74% 22.3M 5s
325700K .......... .......... .......... .......... .......... 74% 6.78M 5s
325750K .......... .......... .......... .......... .......... 74% 2.05M 5s
325800K .......... .......... .......... .......... .......... 74%  101M 5s
325850K .......... .......... .......... .......... .......... 74%  115M 5s
325900K .......... .......... .......... .......... .......... 74% 39.1M 5s
325950K .......... .......... .......... .......... .......... 74%  111M 5s
326000K .......... .......... .......... .......... .......... 74% 81.5M 5s
326050K .......... .......... .......... .......... .......... 74% 50.4M 5s
326100K .......... .......... .......... .......... .......... 74% 8.40M 5s
326150K .......... .......... .......... .......... .......... 74% 85.7M 5s
326200K .......... .......... .......... .......... .......... 74%  110M 5s
326250K .......... .......... .......... .......... .......... 74% 99.9M 5s
326300K .......... .......... .......... .......... .......... 74%  115M 5s
326350K .......... .......... .......... .......... .......... 74%  113M 5s
326400K .......... .......... .......... .......... .......... 74% 87.2M 5s
326450K .......... .......... .......... .......... .......... 74% 90.5M 5s
326500K .......... .......... .......... .......... .......... 74% 3.49M 5s
326550K .......... .......... .......... .......... .......... 74%  106M 5s
326600K .......... .......... .......... .......... .......... 74%  105M 5s
326650K .......... .......... .......... .......... .......... 74% 89.9M 5s
326700K .......... .......... .......... .......... .......... 74%  106M 5s
326750K .......... .......... .......... .......... .......... 74% 97.3M 5s
326800K .......... .......... .......... .......... .......... 74% 81.8M 5s
326850K .......... .......... .......... .......... .......... 74%  118M 5s
326900K .......... .......... .......... .......... .......... 74%  106M 5s
326950K .......... .......... .......... .......... .......... 74%  115M 5s
327000K .......... .......... .......... .......... .......... 74%  114M 5s
327050K .......... .......... .......... .......... .......... 74% 89.5M 5s
327100K .......... .......... .......... .......... .......... 74% 51.9M 5s
327150K .......... .......... .......... .......... .......... 74% 9.16M 5s
327200K .......... .......... .......... .......... .......... 74% 1.74M 5s
327250K .......... .......... .......... .......... .......... 74% 97.9M 5s
327300K .......... .......... .......... .......... .......... 74%  113M 5s
327350K .......... .......... .......... .......... .......... 74%  110M 5s
327400K .......... .......... .......... .......... .......... 74%  106M 5s
327450K .......... .......... .......... .......... .......... 74%  111M 5s
327500K .......... .......... .......... .......... .......... 74%  124M 5s
327550K .......... .......... .......... .......... .......... 75% 7.77M 5s
327600K .......... .......... .......... .......... .......... 75% 44.5M 5s
327650K .......... .......... .......... .......... .......... 75%  102M 5s
327700K .......... .......... .......... .......... .......... 75%  119M 5s
327750K .......... .......... .......... .......... .......... 75%  106M 5s
327800K .......... .......... .......... .......... .......... 75%  118M 5s
327850K .......... .......... .......... .......... .......... 75% 95.0M 5s
327900K .......... .......... .......... .......... .......... 75%  105M 5s
327950K .......... .......... .......... .......... .......... 75% 34.5M 5s
328000K .......... .......... .......... .......... .......... 75% 3.77M 5s
328050K .......... .......... .......... .......... .......... 75%  106M 5s
328100K .......... .......... .......... .......... .......... 75%  118M 5s
328150K .......... .......... .......... .......... .......... 75% 97.7M 5s
328200K .......... .......... .......... .......... .......... 75%  108M 5s
328250K .......... .......... .......... .......... .......... 75%  110M 5s
328300K .......... .......... .......... .......... .......... 75%  115M 5s
328350K .......... .......... .......... .......... .......... 75%  104M 5s
328400K .......... .......... .......... .......... .......... 75% 48.5M 5s
328450K .......... .......... .......... .......... .......... 75% 92.2M 5s
328500K .......... .......... .......... .......... .......... 75%  106M 5s
328550K .......... .......... .......... .......... .......... 75% 90.5M 5s
328600K .......... .......... .......... .......... .......... 75% 11.8M 5s
328650K .......... .......... .......... .......... .......... 75% 6.52M 5s
328700K .......... .......... .......... .......... .......... 75% 1.95M 5s
328750K .......... .......... .......... .......... .......... 75%  106M 5s
328800K .......... .......... .......... .......... .......... 75% 80.5M 5s
328850K .......... .......... .......... .......... .......... 75%  118M 5s
328900K .......... .......... .......... .......... .......... 75%  108M 5s
328950K .......... .......... .......... .......... .......... 75%  112M 5s
329000K .......... .......... .......... .......... .......... 75% 9.85M 5s
329050K .......... .......... .......... .......... .......... 75% 18.4M 5s
329100K .......... .......... .......... .......... .......... 75%  112M 5s
329150K .......... .......... .......... .......... .......... 75%  110M 5s
329200K .......... .......... .......... .......... .......... 75% 85.1M 5s
329250K .......... .......... .......... .......... .......... 75% 92.4M 5s
329300K .......... .......... .......... .......... .......... 75%  109M 5s
329350K .......... .......... .......... .......... .......... 75%  105M 5s
329400K .......... .......... .......... .......... .......... 75% 53.9M 5s
329450K .......... .......... .......... .......... .......... 75% 4.13M 5s
329500K .......... .......... .......... .......... .......... 75% 85.7M 5s
329550K .......... .......... .......... .......... .......... 75%  114M 5s
329600K .......... .......... .......... .......... .......... 75% 72.1M 5s
329650K .......... .......... .......... .......... .......... 75%  110M 5s
329700K .......... .......... .......... .......... .......... 75%  110M 5s
329750K .......... .......... .......... .......... .......... 75%  117M 5s
329800K .......... .......... .......... .......... .......... 75%  108M 5s
329850K .......... .......... .......... .......... .......... 75%  113M 5s
329900K .......... .......... .......... .......... .......... 75%  111M 5s
329950K .......... .......... .......... .......... .......... 75%  107M 5s
330000K .......... .......... .......... .......... .......... 75% 84.9M 5s
330050K .......... .......... .......... .......... .......... 75% 24.8M 5s
330100K .......... .......... .......... .......... .......... 75% 8.57M 5s
330150K .......... .......... .......... .......... .......... 75% 1.79M 5s
330200K .......... .......... .......... .......... .......... 75% 93.8M 5s
330250K .......... .......... .......... .......... .......... 75%  103M 5s
330300K .......... .......... .......... .......... .......... 75%  115M 5s
330350K .......... .......... .......... .......... .......... 75%  105M 5s
330400K .......... .......... .......... .......... .......... 75% 79.4M 5s
330450K .......... .......... .......... .......... .......... 75% 23.0M 5s
330500K .......... .......... .......... .......... .......... 75% 9.16M 5s
330550K .......... .......... .......... .......... .......... 75% 61.1M 5s
330600K .......... .......... .......... .......... .......... 75%  109M 5s
330650K .......... .......... .......... .......... .......... 75%  110M 5s
330700K .......... .......... .......... .......... .......... 75% 81.1M 5s
330750K .......... .......... .......... .......... .......... 75% 85.3M 5s
330800K .......... .......... .......... .......... .......... 75% 74.8M 5s
330850K .......... .......... .......... .......... .......... 75%  107M 5s
330900K .......... .......... .......... .......... .......... 75% 4.06M 5s
330950K .......... .......... .......... .......... .......... 75% 96.3M 5s
331000K .......... .......... .......... .......... .......... 75%  105M 5s
331050K .......... .......... .......... .......... .......... 75% 83.8M 5s
331100K .......... .......... .......... .......... .......... 75%  105M 5s
331150K .......... .......... .......... .......... .......... 75%  116M 5s
331200K .......... .......... .......... .......... .......... 75% 84.2M 5s
331250K .......... .......... .......... .......... .......... 75% 91.6M 5s
331300K .......... .......... .......... .......... .......... 75%  111M 5s
331350K .......... .......... .......... .......... .......... 75%  113M 5s
331400K .......... .......... .......... .......... .......... 75%  108M 5s
331450K .......... .......... .......... .......... .......... 75%  116M 5s
331500K .......... .......... .......... .......... .......... 75%  110M 5s
331550K .......... .......... .......... .......... .......... 75% 24.9M 5s
331600K .......... .......... .......... .......... .......... 75% 5.43M 5s
331650K .......... .......... .......... .......... .......... 75% 2.04M 5s
331700K .......... .......... .......... .......... .......... 75% 91.5M 5s
331750K .......... .......... .......... .......... .......... 75%  111M 5s
331800K .......... .......... .......... .......... .......... 75%  103M 5s
331850K .......... .......... .......... .......... .......... 75%  115M 5s
331900K .......... .......... .......... .......... .......... 76%  114M 5s
331950K .......... .......... .......... .......... .......... 76% 28.4M 5s
332000K .......... .......... .......... .......... .......... 76% 7.90M 5s
332050K .......... .......... .......... .......... .......... 76%  109M 5s
332100K .......... .......... .......... .......... .......... 76% 98.9M 5s
332150K .......... .......... .......... .......... .......... 76%  114M 5s
332200K .......... .......... .......... .......... .......... 76% 94.0M 5s
332250K .......... .......... .......... .......... .......... 76%  113M 5s
332300K .......... .......... .......... .......... .......... 76%  115M 5s
332350K .......... .......... .......... .......... .......... 76%  109M 5s
332400K .......... .......... .......... .......... .......... 76% 3.76M 5s
332450K .......... .......... .......... .......... .......... 76%  112M 5s
332500K .......... .......... .......... .......... .......... 76% 93.9M 5s
332550K .......... .......... .......... .......... .......... 76%  112M 5s
332600K .......... .......... .......... .......... .......... 76%  112M 5s
332650K .......... .......... .......... .......... .......... 76%  110M 5s
332700K .......... .......... .......... .......... .......... 76%  113M 5s
332750K .......... .......... .......... .......... .......... 76% 88.6M 5s
332800K .......... .......... .......... .......... .......... 76% 83.1M 5s
332850K .......... .......... .......... .......... .......... 76%  117M 5s
332900K .......... .......... .......... .......... .......... 76% 96.7M 5s
332950K .......... .......... .......... .......... .......... 76%  115M 5s
333000K .......... .......... .......... .......... .......... 76% 85.8M 5s
333050K .......... .......... .......... .......... .......... 76% 23.2M 5s
333100K .......... .......... .......... .......... .......... 76% 8.07M 5s
333150K .......... .......... .......... .......... .......... 76% 1.81M 5s
333200K .......... .......... .......... .......... .......... 76% 79.6M 5s
333250K .......... .......... .......... .......... .......... 76% 99.6M 5s
333300K .......... .......... .......... .......... .......... 76%  114M 5s
333350K .......... .......... .......... .......... .......... 76%  109M 5s
333400K .......... .......... .......... .......... .......... 76%  119M 5s
333450K .......... .......... .......... .......... .......... 76% 43.9M 5s
333500K .......... .......... .......... .......... .......... 76% 7.75M 5s
333550K .......... .......... .......... .......... .......... 76%  108M 5s
333600K .......... .......... .......... .......... .......... 76% 79.5M 5s
333650K .......... .......... .......... .......... .......... 76%  110M 5s
333700K .......... .......... .......... .......... .......... 76% 79.6M 5s
333750K .......... .......... .......... .......... .......... 76%  117M 5s
333800K .......... .......... .......... .......... .......... 76%  112M 5s
333850K .......... .......... .......... .......... .......... 76%  110M 5s
333900K .......... .......... .......... .......... .......... 76% 4.18M 5s
333950K .......... .......... .......... .......... .......... 76% 63.9M 5s
334000K .......... .......... .......... .......... .......... 76% 63.1M 5s
334050K .......... .......... .......... .......... .......... 76%  105M 5s
334100K .......... .......... .......... .......... .......... 76%  109M 5s
334150K .......... .......... .......... .......... .......... 76%  112M 5s
334200K .......... .......... .......... .......... .......... 76%  119M 5s
334250K .......... .......... .......... .......... .......... 76% 96.7M 5s
334300K .......... .......... .......... .......... .......... 76%  104M 5s
334350K .......... .......... .......... .......... .......... 76%  115M 5s
334400K .......... .......... .......... .......... .......... 76% 83.5M 5s
334450K .......... .......... .......... .......... .......... 76%  114M 5s
334500K .......... .......... .......... .......... .......... 76% 47.5M 5s
334550K .......... .......... .......... .......... .......... 76% 27.2M 5s
334600K .......... .......... .......... .......... .......... 76% 6.63M 5s
334650K .......... .......... .......... .......... .......... 76% 11.1M 5s
334700K .......... .......... .......... .......... .......... 76% 2.29M 5s
334750K .......... .......... .......... .......... .......... 76%  101M 5s
334800K .......... .......... .......... .......... .......... 76% 80.0M 5s
334850K .......... .......... .......... .......... .......... 76%  109M 5s
334900K .......... .......... .......... .......... .......... 76%  116M 5s
334950K .......... .......... .......... .......... .......... 76% 56.2M 5s
335000K .......... .......... .......... .......... .......... 76% 7.71M 5s
335050K .......... .......... .......... .......... .......... 76% 68.5M 5s
335100K .......... .......... .......... .......... .......... 76% 99.8M 5s
335150K .......... .......... .......... .......... .......... 76%  111M 5s
335200K .......... .......... .......... .......... .......... 76% 68.5M 5s
335250K .......... .......... .......... .......... .......... 76% 60.1M 5s
335300K .......... .......... .......... .......... .......... 76%  118M 5s
335350K .......... .......... .......... .......... .......... 76%  118M 5s
335400K .......... .......... .......... .......... .......... 76% 20.0M 5s
335450K .......... .......... .......... .......... .......... 76% 4.89M 5s
335500K .......... .......... .......... .......... .......... 76%  114M 5s
335550K .......... .......... .......... .......... .......... 76%  113M 5s
335600K .......... .......... .......... .......... .......... 76% 87.2M 5s
335650K .......... .......... .......... .......... .......... 76%  112M 5s
335700K .......... .......... .......... .......... .......... 76%  101M 5s
335750K .......... .......... .......... .......... .......... 76%  104M 5s
335800K .......... .......... .......... .......... .......... 76%  113M 5s
335850K .......... .......... .......... .......... .......... 76%  110M 5s
335900K .......... .......... .......... .......... .......... 76%  115M 5s
335950K .......... .......... .......... .......... .......... 76%  100M 5s
336000K .......... .......... .......... .......... .......... 76% 37.3M 5s
336050K .......... .......... .......... .......... .......... 76% 36.6M 5s
336100K .......... .......... .......... .......... .......... 76% 9.84M 5s
336150K .......... .......... .......... .......... .......... 76% 6.79M 5s
336200K .......... .......... .......... .......... .......... 76% 2.28M 5s
336250K .......... .......... .......... .......... .......... 76%  114M 5s
336300K .......... .......... .......... .......... .......... 77%  112M 5s
336350K .......... .......... .......... .......... .......... 77%  103M 5s
336400K .......... .......... .......... .......... .......... 77% 86.6M 5s
336450K .......... .......... .......... .......... .......... 77% 42.1M 5s
336500K .......... .......... .......... .......... .......... 77% 11.8M 5s
336550K .......... .......... .......... .......... .......... 77% 23.2M 5s
336600K .......... .......... .......... .......... .......... 77% 48.6M 5s
336650K .......... .......... .......... .......... .......... 77%  112M 5s
336700K .......... .......... .......... .......... .......... 77% 90.0M 5s
336750K .......... .......... .......... .......... .......... 77% 86.3M 5s
336800K .......... .......... .......... .......... .......... 77% 68.0M 5s
336850K .......... .......... .......... .......... .......... 77%  110M 5s
336900K .......... .......... .......... .......... .......... 77% 48.0M 5s
336950K .......... .......... .......... .......... .......... 77% 3.97M 5s
337000K .......... .......... .......... .......... .......... 77%  104M 5s
337050K .......... .......... .......... .......... .......... 77% 78.0M 5s
337100K .......... .......... .......... .......... .......... 77%  111M 5s
337150K .......... .......... .......... .......... .......... 77%  106M 5s
337200K .......... .......... .......... .......... .......... 77% 90.3M 5s
337250K .......... .......... .......... .......... .......... 77%  101M 5s
337300K .......... .......... .......... .......... .......... 77%  115M 5s
337350K .......... .......... .......... .......... .......... 77%  103M 5s
337400K .......... .......... .......... .......... .......... 77%  116M 5s
337450K .......... .......... .......... .......... .......... 77%  112M 5s
337500K .......... .......... .......... .......... .......... 77%  118M 5s
337550K .......... .......... .......... .......... .......... 77% 32.0M 5s
337600K .......... .......... .......... .......... .......... 77% 17.1M 5s
337650K .......... .......... .......... .......... .......... 77% 8.21M 5s
337700K .......... .......... .......... .......... .......... 77% 9.59M 5s
337750K .......... .......... .......... .......... .......... 77% 2.51M 5s
337800K .......... .......... .......... .......... .......... 77%  107M 5s
337850K .......... .......... .......... .......... .......... 77%  106M 5s
337900K .......... .......... .......... .......... .......... 77%  115M 5s
337950K .......... .......... .......... .......... .......... 77%  114M 5s
338000K .......... .......... .......... .......... .......... 77% 16.1M 5s
338050K .......... .......... .......... .......... .......... 77% 12.1M 5s
338100K .......... .......... .......... .......... .......... 77% 51.2M 5s
338150K .......... .......... .......... .......... .......... 77% 91.4M 5s
338200K .......... .......... .......... .......... .......... 77% 78.8M 5s
338250K .......... .......... .......... .......... .......... 77%  110M 5s
338300K .......... .......... .......... .......... .......... 77%  113M 4s
338350K .......... .......... .......... .......... .......... 77%  110M 4s
338400K .......... .......... .......... .......... .......... 77% 65.7M 4s
338450K .......... .......... .......... .......... .......... 77% 15.6M 4s
338500K .......... .......... .......... .......... .......... 77% 4.65M 4s
338550K .......... .......... .......... .......... .......... 77%  108M 4s
338600K .......... .......... .......... .......... .......... 77%  105M 4s
338650K .......... .......... .......... .......... .......... 77%  113M 4s
338700K .......... .......... .......... .......... .......... 77%  111M 4s
338750K .......... .......... .......... .......... .......... 77% 90.5M 4s
338800K .......... .......... .......... .......... .......... 77% 80.6M 4s
338850K .......... .......... .......... .......... .......... 77%  115M 4s
338900K .......... .......... .......... .......... .......... 77%  108M 4s
338950K .......... .......... .......... .......... .......... 77%  113M 4s
339000K .......... .......... .......... .......... .......... 77%  119M 4s
339050K .......... .......... .......... .......... .......... 77% 67.1M 4s
339100K .......... .......... .......... .......... .......... 77% 50.7M 4s
339150K .......... .......... .......... .......... .......... 77% 13.5M 4s
339200K .......... .......... .......... .......... .......... 77% 6.13M 4s
339250K .......... .......... .......... .......... .......... 77% 2.21M 4s
339300K .......... .......... .......... .......... .......... 77%  101M 4s
339350K .......... .......... .......... .......... .......... 77% 99.6M 4s
339400K .......... .......... .......... .......... .......... 77%  116M 4s
339450K .......... .......... .......... .......... .......... 77%  102M 4s
339500K .......... .......... .......... .......... .......... 77%  120M 4s
339550K .......... .......... .......... .......... .......... 77% 24.4M 4s
339600K .......... .......... .......... .......... .......... 77% 9.35M 4s
339650K .......... .......... .......... .......... .......... 77% 51.3M 4s
339700K .......... .......... .......... .......... .......... 77%  102M 4s
339750K .......... .......... .......... .......... .......... 77% 95.8M 4s
339800K .......... .......... .......... .......... .......... 77%  109M 4s
339850K .......... .......... .......... .......... .......... 77%  108M 4s
339900K .......... .......... .......... .......... .......... 77%  111M 4s
339950K .......... .......... .......... .......... .......... 77%  114M 4s
340000K .......... .......... .......... .......... .......... 77% 21.5M 4s
340050K .......... .......... .......... .......... .......... 77% 4.56M 4s
340100K .......... .......... .......... .......... .......... 77% 98.4M 4s
340150K .......... .......... .......... .......... .......... 77%  101M 4s
340200K .......... .......... .......... .......... .......... 77%  112M 4s
340250K .......... .......... .......... .......... .......... 77%  111M 4s
340300K .......... .......... .......... .......... .......... 77%  102M 4s
340350K .......... .......... .......... .......... .......... 77%  110M 4s
340400K .......... .......... .......... .......... .......... 77% 87.4M 4s
340450K .......... .......... .......... .......... .......... 77%  114M 4s
340500K .......... .......... .......... .......... .......... 77% 76.9M 4s
340550K .......... .......... .......... .......... .......... 77%  108M 4s
340600K .......... .......... .......... .......... .......... 77% 86.0M 4s
340650K .......... .......... .......... .......... .......... 78% 48.7M 4s
340700K .......... .......... .......... .......... .......... 78% 14.4M 4s
340750K .......... .......... .......... .......... .......... 78% 8.31M 4s
340800K .......... .......... .......... .......... .......... 78% 1.93M 4s
340850K .......... .......... .......... .......... .......... 78%  104M 4s
340900K .......... .......... .......... .......... .......... 78%  100M 4s
340950K .......... .......... .......... .......... .......... 78%  112M 4s
341000K .......... .......... .......... .......... .......... 78%  111M 4s
341050K .......... .......... .......... .......... .......... 78%  109M 4s
341100K .......... .......... .......... .......... .......... 78% 51.8M 4s
341150K .......... .......... .......... .......... .......... 78% 8.52M 4s
341200K .......... .......... .......... .......... .......... 78% 39.0M 4s
341250K .......... .......... .......... .......... .......... 78%  106M 4s
341300K .......... .......... .......... .......... .......... 78% 96.9M 4s
341350K .......... .......... .......... .......... .......... 78%  108M 4s
341400K .......... .......... .......... .......... .......... 78%  117M 4s
341450K .......... .......... .......... .......... .......... 78%  106M 4s
341500K .......... .......... .......... .......... .......... 78%  110M 4s
341550K .......... .......... .......... .......... .......... 78% 68.5M 4s
341600K .......... .......... .......... .......... .......... 78% 3.80M 4s
341650K .......... .......... .......... .......... .......... 78% 81.1M 4s
341700K .......... .......... .......... .......... .......... 78% 43.3M 4s
341750K .......... .......... .......... .......... .......... 78%  103M 4s
341800K .......... .......... .......... .......... .......... 78%  114M 4s
341850K .......... .......... .......... .......... .......... 78%  105M 4s
341900K .......... .......... .......... .......... .......... 78%  114M 4s
341950K .......... .......... .......... .......... .......... 78%  114M 4s
342000K .......... .......... .......... .......... .......... 78% 84.2M 4s
342050K .......... .......... .......... .......... .......... 78% 98.7M 4s
342100K .......... .......... .......... .......... .......... 78%  109M 4s
342150K .......... .......... .......... .......... .......... 78%  119M 4s
342200K .......... .......... .......... .......... .......... 78% 60.6M 4s
342250K .......... .......... .......... .......... .......... 78% 48.5M 4s
342300K .......... .......... .......... .......... .......... 78% 7.95M 4s
342350K .......... .......... .......... .......... .......... 78% 6.63M 4s
342400K .......... .......... .......... .......... .......... 78% 2.43M 4s
342450K .......... .......... .......... .......... .......... 78%  109M 4s
342500K .......... .......... .......... .......... .......... 78%  100M 4s
342550K .......... .......... .......... .......... .......... 78%  113M 4s
342600K .......... .......... .......... .......... .......... 78%  114M 4s
342650K .......... .......... .......... .......... .......... 78% 69.7M 4s
342700K .......... .......... .......... .......... .......... 78% 11.3M 4s
342750K .......... .......... .......... .......... .......... 78% 21.9M 4s
342800K .......... .......... .......... .......... .......... 78% 30.9M 4s
342850K .......... .......... .......... .......... .......... 78% 87.8M 4s
342900K .......... .......... .......... .......... .......... 78%  113M 4s
342950K .......... .......... .......... .......... .......... 78% 89.4M 4s
343000K .......... .......... .......... .......... .......... 78%  112M 4s
343050K .......... .......... .......... .......... .......... 78%  105M 4s
343100K .......... .......... .......... .......... .......... 78%  116M 4s
343150K .......... .......... .......... .......... .......... 78% 14.5M 4s
343200K .......... .......... .......... .......... .......... 78% 5.05M 4s
343250K .......... .......... .......... .......... .......... 78% 98.3M 4s
343300K .......... .......... .......... .......... .......... 78% 60.8M 4s
343350K .......... .......... .......... .......... .......... 78%  111M 4s
343400K .......... .......... .......... .......... .......... 78%  120M 4s
343450K .......... .......... .......... .......... .......... 78%  112M 4s
343500K .......... .......... .......... .......... .......... 78%  115M 4s
343550K .......... .......... .......... .......... .......... 78% 52.2M 4s
343600K .......... .......... .......... .......... .......... 78% 61.4M 4s
343650K .......... .......... .......... .......... .......... 78%  111M 4s
343700K .......... .......... .......... .......... .......... 78%  105M 4s
343750K .......... .......... .......... .......... .......... 78% 95.9M 4s
343800K .......... .......... .......... .......... .......... 78% 41.8M 4s
343850K .......... .......... .......... .......... .......... 78% 33.3M 4s
343900K .......... .......... .......... .......... .......... 78% 8.86M 4s
343950K .......... .......... .......... .......... .......... 78% 1.92M 4s
344000K .......... .......... .......... .......... .......... 78% 68.5M 4s
344050K .......... .......... .......... .......... .......... 78%  115M 4s
344100K .......... .......... .......... .......... .......... 78%  111M 4s
344150K .......... .......... .......... .......... .......... 78%  107M 4s
344200K .......... .......... .......... .......... .......... 78%  122M 4s
344250K .......... .......... .......... .......... .......... 78% 30.1M 4s
344300K .......... .......... .......... .......... .......... 78% 9.92M 4s
344350K .......... .......... .......... .......... .......... 78% 36.5M 4s
344400K .......... .......... .......... .......... .......... 78% 69.6M 4s
344450K .......... .......... .......... .......... .......... 78%  109M 4s
344500K .......... .......... .......... .......... .......... 78%  106M 4s
344550K .......... .......... .......... .......... .......... 78% 88.2M 4s
344600K .......... .......... .......... .......... .......... 78%  107M 4s
344650K .......... .......... .......... .......... .......... 78%  110M 4s
344700K .......... .......... .......... .......... .......... 78% 26.5M 4s
344750K .......... .......... .......... .......... .......... 78% 7.17M 4s
344800K .......... .......... .......... .......... .......... 78% 10.3M 4s
344850K .......... .......... .......... .......... .......... 78%  100M 4s
344900K .......... .......... .......... .......... .......... 78% 87.5M 4s
344950K .......... .......... .......... .......... .......... 78%  103M 4s
345000K .......... .......... .......... .......... .......... 79%  108M 4s
345050K .......... .......... .......... .......... .......... 79%  115M 4s
345100K .......... .......... .......... .......... .......... 79% 28.8M 4s
345150K .......... .......... .......... .......... .......... 79%  104M 4s
345200K .......... .......... .......... .......... .......... 79% 83.5M 4s
345250K .......... .......... .......... .......... .......... 79%  103M 4s
345300K .......... .......... .......... .......... .......... 79% 83.3M 4s
345350K .......... .......... .......... .......... .......... 79% 64.9M 4s
345400K .......... .......... .......... .......... .......... 79% 37.5M 4s
345450K .......... .......... .......... .......... .......... 79% 15.1M 4s
345500K .......... .......... .......... .......... .......... 79% 7.73M 4s
345550K .......... .......... .......... .......... .......... 79% 2.25M 4s
345600K .......... .......... .......... .......... .......... 79% 52.0M 4s
345650K .......... .......... .......... .......... .......... 79%  102M 4s
345700K .......... .......... .......... .......... .......... 79%  107M 4s
345750K .......... .......... .......... .......... .......... 79%  121M 4s
345800K .......... .......... .......... .......... .......... 79% 61.6M 4s
345850K .......... .......... .......... .......... .......... 79% 17.8M 4s
345900K .......... .......... .......... .......... .......... 79% 13.3M 4s
345950K .......... .......... .......... .......... .......... 79% 40.8M 4s
346000K .......... .......... .......... .......... .......... 79% 74.5M 4s
346050K .......... .......... .......... .......... .......... 79%  106M 4s
346100K .......... .......... .......... .......... .......... 79%  115M 4s
346150K .......... .......... .......... .......... .......... 79% 84.7M 4s
346200K .......... .......... .......... .......... .......... 79%  113M 4s
346250K .......... .......... .......... .......... .......... 79%  104M 4s
346300K .......... .......... .......... .......... .......... 79% 12.2M 4s
346350K .......... .......... .......... .......... .......... 79% 5.19M 4s
346400K .......... .......... .......... .......... .......... 79% 57.8M 4s
346450K .......... .......... .......... .......... .......... 79%  107M 4s
346500K .......... .......... .......... .......... .......... 79%  116M 4s
346550K .......... .......... .......... .......... .......... 79%  118M 4s
346600K .......... .......... .......... .......... .......... 79% 87.4M 4s
346650K .......... .......... .......... .......... .......... 79%  110M 4s
346700K .......... .......... .......... .......... .......... 79% 40.5M 4s
346750K .......... .......... .......... .......... .......... 79% 80.1M 4s
346800K .......... .......... .......... .......... .......... 79% 80.6M 4s
346850K .......... .......... .......... .......... .......... 79%  111M 4s
346900K .......... .......... .......... .......... .......... 79% 92.4M 4s
346950K .......... .......... .......... .......... .......... 79% 40.8M 4s
347000K .......... .......... .......... .......... .......... 79% 42.8M 4s
347050K .......... .......... .......... .......... .......... 79% 11.0M 4s
347100K .......... .......... .......... .......... .......... 79% 9.17M 4s
347150K .......... .......... .......... .......... .......... 79% 2.30M 4s
347200K .......... .......... .......... .......... .......... 79% 71.0M 4s
347250K .......... .......... .......... .......... .......... 79%  116M 4s
347300K .......... .......... .......... .......... .......... 79%  111M 4s
347350K .......... .......... .......... .......... .......... 79%  118M 4s
347400K .......... .......... .......... .......... .......... 79% 31.6M 4s
347450K .......... .......... .......... .......... .......... 79% 14.9M 4s
347500K .......... .......... .......... .......... .......... 79% 17.0M 4s
347550K .......... .......... .......... .......... .......... 79% 63.2M 4s
347600K .......... .......... .......... .......... .......... 79% 84.3M 4s
347650K .......... .......... .......... .......... .......... 79%  110M 4s
347700K .......... .......... .......... .......... .......... 79% 92.1M 4s
347750K .......... .......... .......... .......... .......... 79%  108M 4s
347800K .......... .......... .......... .......... .......... 79%  118M 4s
347850K .......... .......... .......... .......... .......... 79%  113M 4s
347900K .......... .......... .......... .......... .......... 79% 9.72M 4s
347950K .......... .......... .......... .......... .......... 79% 5.69M 4s
348000K .......... .......... .......... .......... .......... 79% 76.3M 4s
348050K .......... .......... .......... .......... .......... 79%  115M 4s
348100K .......... .......... .......... .......... .......... 79%  105M 4s
348150K .......... .......... .......... .......... .......... 79%  114M 4s
348200K .......... .......... .......... .......... .......... 79% 96.8M 4s
348250K .......... .......... .......... .......... .......... 79% 26.7M 4s
348300K .......... .......... .......... .......... .......... 79% 83.7M 4s
348350K .......... .......... .......... .......... .......... 79% 93.3M 4s
348400K .......... .......... .......... .......... .......... 79% 79.9M 4s
348450K .......... .......... .......... .......... .......... 79%  112M 4s
348500K .......... .......... .......... .......... .......... 79% 91.8M 4s
348550K .......... .......... .......... .......... .......... 79% 33.7M 4s
348600K .......... .......... .......... .......... .......... 79% 43.4M 4s
348650K .......... .......... .......... .......... .......... 79% 12.8M 4s
348700K .......... .......... .......... .......... .......... 79% 9.45M 4s
348750K .......... .......... .......... .......... .......... 79% 2.26M 4s
348800K .......... .......... .......... .......... .......... 79% 72.2M 4s
348850K .......... .......... .......... .......... .......... 79%  107M 4s
348900K .......... .......... .......... .......... .......... 79%  111M 4s
348950K .......... .......... .......... .......... .......... 79%  101M 4s
349000K .......... .......... .......... .......... .......... 79% 77.9M 4s
349050K .......... .......... .......... .......... .......... 79% 8.43M 4s
349100K .......... .......... .......... .......... .......... 79% 37.8M 4s
349150K .......... .......... .......... .......... .......... 79% 79.3M 4s
349200K .......... .......... .......... .......... .......... 79% 82.4M 4s
349250K .......... .......... .......... .......... .......... 79%  108M 4s
349300K .......... .......... .......... .......... .......... 79%  111M 4s
349350K .......... .......... .......... .......... .......... 79% 94.0M 4s
349400K .......... .......... .......... .......... .......... 80%  105M 4s
349450K .......... .......... .......... .......... .......... 80%  119M 4s
349500K .......... .......... .......... .......... .......... 80% 15.1M 4s
349550K .......... .......... .......... .......... .......... 80% 6.52M 4s
349600K .......... .......... .......... .......... .......... 80% 17.0M 4s
349650K .......... .......... .......... .......... .......... 80% 54.7M 4s
349700K .......... .......... .......... .......... .......... 80% 86.0M 4s
349750K .......... .......... .......... .......... .......... 80% 86.9M 4s
349800K .......... .......... .......... .......... .......... 80%  119M 4s
349850K .......... .......... .......... .......... .......... 80% 39.2M 4s
349900K .......... .......... .......... .......... .......... 80%  115M 4s
349950K .......... .......... .......... .......... .......... 80%  109M 4s
350000K .......... .......... .......... .......... .......... 80% 86.3M 4s
350050K .......... .......... .......... .......... .......... 80% 76.7M 4s
350100K .......... .......... .......... .......... .......... 80%  114M 4s
350150K .......... .......... .......... .......... .......... 80% 47.7M 4s
350200K .......... .......... .......... .......... .......... 80% 37.7M 4s
350250K .......... .......... .......... .......... .......... 80% 17.5M 4s
350300K .......... .......... .......... .......... .......... 80% 9.91M 4s
350350K .......... .......... .......... .......... .......... 80% 8.12M 4s
350400K .......... .......... .......... .......... .......... 80% 2.76M 4s
350450K .......... .......... .......... .......... .......... 80%  106M 4s
350500K .......... .......... .......... .......... .......... 80%  110M 4s
350550K .......... .......... .......... .......... .......... 80% 88.1M 4s
350600K .......... .......... .......... .......... .......... 80% 85.2M 4s
350650K .......... .......... .......... .......... .......... 80% 16.5M 4s
350700K .......... .......... .......... .......... .......... 80% 11.0M 4s
350750K .......... .......... .......... .......... .......... 80% 98.8M 4s
350800K .......... .......... .......... .......... .......... 80% 84.8M 4s
350850K .......... .......... .......... .......... .......... 80%  104M 4s
350900K .......... .......... .......... .......... .......... 80%  119M 4s
350950K .......... .......... .......... .......... .......... 80% 88.6M 4s
351000K .......... .......... .......... .......... .......... 80%  115M 4s
351050K .......... .......... .......... .......... .......... 80%  108M 4s
351100K .......... .......... .......... .......... .......... 80% 7.97M 4s
351150K .......... .......... .......... .......... .......... 80% 7.66M 4s
351200K .......... .......... .......... .......... .......... 80% 12.6M 4s
351250K .......... .......... .......... .......... .......... 80%  110M 4s
351300K .......... .......... .......... .......... .......... 80% 52.3M 4s
351350K .......... .......... .......... .......... .......... 80% 60.8M 4s
351400K .......... .......... .......... .......... .......... 80%  112M 4s
351450K .......... .......... .......... .......... .......... 80%  115M 4s
351500K .......... .......... .......... .......... .......... 80%  111M 4s
351550K .......... .......... .......... .......... .......... 80%  109M 4s
351600K .......... .......... .......... .......... .......... 80% 86.2M 4s
351650K .......... .......... .......... .......... .......... 80% 86.7M 4s
351700K .......... .......... .......... .......... .......... 80% 80.7M 4s
351750K .......... .......... .......... .......... .......... 80%  118M 4s
351800K .......... .......... .......... .......... .......... 80% 36.5M 4s
351850K .......... .......... .......... .......... .......... 80% 20.6M 4s
351900K .......... .......... .......... .......... .......... 80% 18.7M 4s
351950K .......... .......... .......... .......... .......... 80% 8.35M 4s
352000K .......... .......... .......... .......... .......... 80% 2.43M 4s
352050K .......... .......... .......... .......... .......... 80% 85.7M 4s
352100K .......... .......... .......... .......... .......... 80%  112M 4s
352150K .......... .......... .......... .......... .......... 80%  112M 4s
352200K .......... .......... .......... .......... .......... 80%  108M 4s
352250K .......... .......... .......... .......... .......... 80% 29.9M 4s
352300K .......... .......... .......... .......... .......... 80% 9.72M 4s
352350K .......... .......... .......... .......... .......... 80% 38.0M 4s
352400K .......... .......... .......... .......... .......... 80% 81.5M 4s
352450K .......... .......... .......... .......... .......... 80%  109M 4s
352500K .......... .......... .......... .......... .......... 80%  119M 4s
352550K .......... .......... .......... .......... .......... 80% 87.1M 4s
352600K .......... .......... .......... .......... .......... 80%  108M 4s
352650K .......... .......... .......... .......... .......... 80%  117M 4s
352700K .......... .......... .......... .......... .......... 80% 30.9M 4s
352750K .......... .......... .......... .......... .......... 80% 9.84M 4s
352800K .......... .......... .......... .......... .......... 80% 5.69M 4s
352850K .......... .......... .......... .......... .......... 80% 33.1M 4s
352900K .......... .......... .......... .......... .......... 80% 76.0M 4s
352950K .......... .......... .......... .......... .......... 80% 96.8M 4s
353000K .......... .......... .......... .......... .......... 80%  116M 4s
353050K .......... .......... .......... .......... .......... 80% 88.2M 4s
353100K .......... .......... .......... .......... .......... 80%  115M 4s
353150K .......... .......... .......... .......... .......... 80%  105M 4s
353200K .......... .......... .......... .......... .......... 80% 90.5M 4s
353250K .......... .......... .......... .......... .......... 80%  106M 4s
353300K .......... .......... .......... .......... .......... 80% 96.4M 4s
353350K .......... .......... .......... .......... .......... 80% 99.0M 4s
353400K .......... .......... .......... .......... .......... 80% 36.1M 4s
353450K .......... .......... .......... .......... .......... 80% 26.5M 4s
353500K .......... .......... .......... .......... .......... 80% 17.7M 4s
353550K .......... .......... .......... .......... .......... 80% 8.02M 4s
353600K .......... .......... .......... .......... .......... 80% 2.42M 4s
353650K .......... .......... .......... .......... .......... 80% 97.9M 4s
353700K .......... .......... .......... .......... .......... 80%  106M 4s
353750K .......... .......... .......... .......... .......... 81%  108M 4s
353800K .......... .......... .......... .......... .......... 81%  110M 4s
353850K .......... .......... .......... .......... .......... 81% 88.2M 4s
353900K .......... .......... .......... .......... .......... 81% 17.8M 4s
353950K .......... .......... .......... .......... .......... 81% 9.75M 4s
354000K .......... .......... .......... .......... .......... 81% 76.2M 4s
354050K .......... .......... .......... .......... .......... 81%  114M 4s
354100K .......... .......... .......... .......... .......... 81%  107M 4s
354150K .......... .......... .......... .......... .......... 81%  119M 4s
354200K .......... .......... .......... .......... .......... 81% 26.5M 4s
354250K .......... .......... .......... .......... .......... 81%  108M 4s
354300K .......... .......... .......... .......... .......... 81%  105M 4s
354350K .......... .......... .......... .......... .......... 81% 13.1M 4s
354400K .......... .......... .......... .......... .......... 81% 5.76M 4s
354450K .......... .......... .......... .......... .......... 81% 18.2M 4s
354500K .......... .......... .......... .......... .......... 81% 94.0M 4s
354550K .......... .......... .......... .......... .......... 81%  108M 4s
354600K .......... .......... .......... .......... .......... 81%  120M 4s
354650K .......... .......... .......... .......... .......... 81%  106M 4s
354700K .......... .......... .......... .......... .......... 81% 85.5M 4s
354750K .......... .......... .......... .......... .......... 81%  105M 4s
354800K .......... .......... .......... .......... .......... 81% 84.7M 4s
354850K .......... .......... .......... .......... .......... 81%  113M 4s
354900K .......... .......... .......... .......... .......... 81%  110M 4s
354950K .......... .......... .......... .......... .......... 81% 87.2M 4s
355000K .......... .......... .......... .......... .......... 81%  115M 4s
355050K .......... .......... .......... .......... .......... 81% 29.3M 4s
355100K .......... .......... .......... .......... .......... 81% 29.2M 4s
355150K .......... .......... .......... .......... .......... 81% 16.6M 4s
355200K .......... .......... .......... .......... .......... 81% 4.68M 4s
355250K .......... .......... .......... .......... .......... 81% 3.08M 4s
355300K .......... .......... .......... .......... .......... 81%  102M 4s
355350K .......... .......... .......... .......... .......... 81% 99.3M 4s
355400K .......... .......... .......... .......... .......... 81%  111M 4s
355450K .......... .......... .......... .......... .......... 81%  118M 4s
355500K .......... .......... .......... .......... .......... 81% 33.0M 4s
355550K .......... .......... .......... .......... .......... 81% 10.2M 4s
355600K .......... .......... .......... .......... .......... 81% 17.8M 4s
355650K .......... .......... .......... .......... .......... 81%  107M 4s
355700K .......... .......... .......... .......... .......... 81%  108M 4s
355750K .......... .......... .......... .......... .......... 81%  111M 4s
355800K .......... .......... .......... .......... .......... 81% 42.3M 4s
355850K .......... .......... .......... .......... .......... 81%  105M 4s
355900K .......... .......... .......... .......... .......... 81%  100M 4s
355950K .......... .......... .......... .......... .......... 81% 22.5M 4s
356000K .......... .......... .......... .......... .......... 81% 12.3M 4s
356050K .......... .......... .......... .......... .......... 81% 6.10M 4s
356100K .......... .......... .......... .......... .......... 81% 34.7M 4s
356150K .......... .......... .......... .......... .......... 81%  106M 4s
356200K .......... .......... .......... .......... .......... 81%  119M 4s
356250K .......... .......... .......... .......... .......... 81% 87.3M 4s
356300K .......... .......... .......... .......... .......... 81%  112M 4s
356350K .......... .......... .......... .......... .......... 81% 89.9M 4s
356400K .......... .......... .......... .......... .......... 81% 86.1M 4s
356450K .......... .......... .......... .......... .......... 81%  110M 4s
356500K .......... .......... .......... .......... .......... 81% 86.1M 4s
356550K .......... .......... .......... .......... .......... 81%  105M 4s
356600K .......... .......... .......... .......... .......... 81%  113M 4s
356650K .......... .......... .......... .......... .......... 81% 57.0M 4s
356700K .......... .......... .......... .......... .......... 81% 29.3M 4s
356750K .......... .......... .......... .......... .......... 81% 22.1M 4s
356800K .......... .......... .......... .......... .......... 81% 8.60M 4s
356850K .......... .......... .......... .......... .......... 81% 5.91M 4s
356900K .......... .......... .......... .......... .......... 81% 3.09M 4s
356950K .......... .......... .......... .......... .......... 81%  102M 4s
357000K .......... .......... .......... .......... .......... 81%  107M 4s
357050K .......... .......... .......... .......... .......... 81%  101M 4s
357100K .......... .......... .......... .......... .......... 81% 71.2M 4s
357150K .......... .......... .......... .......... .......... 81% 18.2M 4s
357200K .......... .......... .......... .......... .......... 81% 10.6M 4s
357250K .......... .......... .......... .......... .......... 81% 47.2M 4s
357300K .......... .......... .......... .......... .......... 81% 95.4M 4s
357350K .......... .......... .......... .......... .......... 81%  119M 4s
357400K .......... .......... .......... .......... .......... 81%  106M 4s
357450K .......... .......... .......... .......... .......... 81%  109M 4s
357500K .......... .......... .......... .......... .......... 81%  119M 4s
357550K .......... .......... .......... .......... .......... 81%  110M 4s
357600K .......... .......... .......... .......... .......... 81% 16.3M 4s
357650K .......... .......... .......... .......... .......... 81% 12.1M 4s
357700K .......... .......... .......... .......... .......... 81% 8.37M 4s
357750K .......... .......... .......... .......... .......... 81% 51.7M 4s
357800K .......... .......... .......... .......... .......... 81%  113M 4s
357850K .......... .......... .......... .......... .......... 81% 88.8M 4s
357900K .......... .......... .......... .......... .......... 81% 94.8M 4s
357950K .......... .......... .......... .......... .......... 81% 91.8M 4s
358000K .......... .......... .......... .......... .......... 81% 85.8M 4s
358050K .......... .......... .......... .......... .......... 81%  105M 4s
358100K .......... .......... .......... .......... .......... 81% 82.7M 4s
358150K .......... .......... .......... .......... .......... 82%  106M 4s
358200K .......... .......... .......... .......... .......... 82% 97.1M 4s
358250K .......... .......... .......... .......... .......... 82% 91.6M 4s
358300K .......... .......... .......... .......... .......... 82%  114M 4s
358350K .......... .......... .......... .......... .......... 82% 27.3M 4s
358400K .......... .......... .......... .......... .......... 82% 14.5M 4s
358450K .......... .......... .......... .......... .......... 82% 11.8M 4s
358500K .......... .......... .......... .......... .......... 82% 7.68M 4s
358550K .......... .......... .......... .......... .......... 82% 2.65M 4s
358600K .......... .......... .......... .......... .......... 82% 89.1M 4s
358650K .......... .......... .......... .......... .......... 82%  112M 4s
358700K .......... .......... .......... .......... .......... 82%  103M 4s
358750K .......... .......... .......... .......... .......... 82% 83.3M 4s
358800K .......... .......... .......... .......... .......... 82% 13.7M 4s
358850K .......... .......... .......... .......... .......... 82% 12.3M 4s
358900K .......... .......... .......... .......... .......... 82% 42.4M 4s
358950K .......... .......... .......... .......... .......... 82%  105M 4s
359000K .......... .......... .......... .......... .......... 82% 98.1M 4s
359050K .......... .......... .......... .......... .......... 82% 89.1M 4s
359100K .......... .......... .......... .......... .......... 82%  114M 4s
359150K .......... .......... .......... .......... .......... 82%  110M 4s
359200K .......... .......... .......... .......... .......... 82% 84.5M 4s
359250K .......... .......... .......... .......... .......... 82% 18.5M 4s
359300K .......... .......... .......... .......... .......... 82% 14.1M 4s
359350K .......... .......... .......... .......... .......... 82% 6.31M 4s
359400K .......... .......... .......... .......... .......... 82% 44.9M 4s
359450K .......... .......... .......... .......... .......... 82%  117M 4s
359500K .......... .......... .......... .......... .......... 82%  106M 4s
359550K .......... .......... .......... .......... .......... 82% 82.7M 4s
359600K .......... .......... .......... .......... .......... 82% 45.1M 4s
359650K .......... .......... .......... .......... .......... 82%  111M 4s
359700K .......... .......... .......... .......... .......... 82% 91.3M 4s
359750K .......... .......... .......... .......... .......... 82%  113M 3s
359800K .......... .......... .......... .......... .......... 82% 95.3M 3s
359850K .......... .......... .......... .......... .......... 82% 85.6M 3s
359900K .......... .......... .......... .......... .......... 82%  114M 3s
359950K .......... .......... .......... .......... .......... 82%  108M 3s
360000K .......... .......... .......... .......... .......... 82% 25.3M 3s
360050K .......... .......... .......... .......... .......... 82% 26.2M 3s
360100K .......... .......... .......... .......... .......... 82% 12.0M 3s
360150K .......... .......... .......... .......... .......... 82% 7.93M 3s
360200K .......... .......... .......... .......... .......... 82% 9.02M 3s
360250K .......... .......... .......... .......... .......... 82% 3.62M 3s
360300K .......... .......... .......... .......... .......... 82% 84.2M 3s
360350K .......... .......... .......... .......... .......... 82%  109M 3s
360400K .......... .......... .......... .......... .......... 82% 29.8M 3s
360450K .......... .......... .......... .......... .......... 82% 15.8M 3s
360500K .......... .......... .......... .......... .......... 82% 14.9M 3s
360550K .......... .......... .......... .......... .......... 82% 18.2M 3s
360600K .......... .......... .......... .......... .......... 82%  110M 3s
360650K .......... .......... .......... .......... .......... 82% 85.1M 3s
360700K .......... .......... .......... .......... .......... 82%  109M 3s
360750K .......... .......... .......... .......... .......... 82%  118M 3s
360800K .......... .......... .......... .......... .......... 82% 72.2M 3s
360850K .......... .......... .......... .......... .......... 82%  109M 3s
360900K .......... .......... .......... .......... .......... 82% 22.3M 3s
360950K .......... .......... .......... .......... .......... 82% 17.3M 3s
361000K .......... .......... .......... .......... .......... 82% 8.53M 3s
361050K .......... .......... .......... .......... .......... 82% 14.4M 3s
361100K .......... .......... .......... .......... .......... 82%  103M 3s
361150K .......... .......... .......... .......... .......... 82%  112M 3s
361200K .......... .......... .......... .......... .......... 82% 63.8M 3s
361250K .......... .......... .......... .......... .......... 82% 83.6M 3s
361300K .......... .......... .......... .......... .......... 82% 83.1M 3s
361350K .......... .......... .......... .......... .......... 82%  112M 3s
361400K .......... .......... .......... .......... .......... 82%  115M 3s
361450K .......... .......... .......... .......... .......... 82%  103M 3s
361500K .......... .......... .......... .......... .......... 82%  122M 3s
361550K .......... .......... .......... .......... .......... 82% 88.4M 3s
361600K .......... .......... .......... .......... .......... 82% 87.0M 3s
361650K .......... .......... .......... .......... .......... 82% 26.7M 3s
361700K .......... .......... .......... .......... .......... 82% 24.7M 3s
361750K .......... .......... .......... .......... .......... 82% 25.5M 3s
361800K .......... .......... .......... .......... .......... 82% 8.71M 3s
361850K .......... .......... .......... .......... .......... 82% 7.56M 3s
361900K .......... .......... .......... .......... .......... 82% 3.16M 3s
361950K .......... .......... .......... .......... .......... 82% 85.5M 3s
362000K .......... .......... .......... .......... .......... 82% 80.6M 3s
362050K .......... .......... .......... .......... .......... 82%  113M 3s
362100K .......... .......... .......... .......... .......... 82% 18.9M 3s
362150K .......... .......... .......... .......... .......... 82% 17.1M 3s
362200K .......... .......... .......... .......... .......... 82% 11.2M 3s
362250K .......... .......... .......... .......... .......... 82%  102M 3s
362300K .......... .......... .......... .......... .......... 82%  103M 3s
362350K .......... .......... .......... .......... .......... 82%  116M 3s
362400K .......... .......... .......... .......... .......... 82% 63.2M 3s
362450K .......... .......... .......... .......... .......... 82%  114M 3s
362500K .......... .......... .......... .......... .......... 83%  117M 3s
362550K .......... .......... .......... .......... .......... 83% 24.0M 3s
362600K .......... .......... .......... .......... .......... 83% 17.3M 3s
362650K .......... .......... .......... .......... .......... 83% 9.30M 3s
362700K .......... .......... .......... .......... .......... 83% 14.2M 3s
362750K .......... .......... .......... .......... .......... 83%  107M 3s
362800K .......... .......... .......... .......... .......... 83% 70.0M 3s
362850K .......... .......... .......... .......... .......... 83%  112M 3s
362900K .......... .......... .......... .......... .......... 83% 78.1M 3s
362950K .......... .......... .......... .......... .......... 83% 84.5M 3s
363000K .......... .......... .......... .......... .......... 83%  102M 3s
363050K .......... .......... .......... .......... .......... 83%  115M 3s
363100K .......... .......... .......... .......... .......... 83%  104M 3s
363150K .......... .......... .......... .......... .......... 83%  116M 3s
363200K .......... .......... .......... .......... .......... 83% 75.5M 3s
363250K .......... .......... .......... .......... .......... 83%  118M 3s
363300K .......... .......... .......... .......... .......... 83%  103M 3s
363350K .......... .......... .......... .......... .......... 83% 26.4M 3s
363400K .......... .......... .......... .......... .......... 83% 27.8M 3s
363450K .......... .......... .......... .......... .......... 83% 10.9M 3s
363500K .......... .......... .......... .......... .......... 83% 7.19M 3s
363550K .......... .......... .......... .......... .......... 83% 10.3M 3s
363600K .......... .......... .......... .......... .......... 83% 3.12M 3s
363650K .......... .......... .......... .......... .......... 83%  109M 3s
363700K .......... .......... .......... .......... .......... 83%  104M 3s
363750K .......... .......... .......... .......... .......... 83% 26.6M 3s
363800K .......... .......... .......... .......... .......... 83% 7.71M 3s
363850K .......... .......... .......... .......... .......... 83% 19.1M 3s
363900K .......... .......... .......... .......... .......... 83% 32.7M 3s
363950K .......... .......... .......... .......... .......... 83% 88.3M 3s
364000K .......... .......... .......... .......... .......... 83% 44.1M 3s
364050K .......... .......... .......... .......... .......... 83%  104M 3s
364100K .......... .......... .......... .......... .......... 83%  110M 3s
364150K .......... .......... .......... .......... .......... 83% 93.5M 3s
364200K .......... .......... .......... .......... .......... 83%  108M 3s
364250K .......... .......... .......... .......... .......... 83% 18.1M 3s
364300K .......... .......... .......... .......... .......... 83% 16.3M 3s
364350K .......... .......... .......... .......... .......... 83% 10.3M 3s
364400K .......... .......... .......... .......... .......... 83% 14.8M 3s
364450K .......... .......... .......... .......... .......... 83%  104M 3s
364500K .......... .......... .......... .......... .......... 83% 74.6M 3s
364550K .......... .......... .......... .......... .......... 83% 81.7M 3s
364600K .......... .......... .......... .......... .......... 83%  109M 3s
364650K .......... .......... .......... .......... .......... 83% 85.3M 3s
364700K .......... .......... .......... .......... .......... 83%  104M 3s
364750K .......... .......... .......... .......... .......... 83%  112M 3s
364800K .......... .......... .......... .......... .......... 83% 86.3M 3s
364850K .......... .......... .......... .......... .......... 83% 87.4M 3s
364900K .......... .......... .......... .......... .......... 83%  111M 3s
364950K .......... .......... .......... .......... .......... 83%  112M 3s
365000K .......... .......... .......... .......... .......... 83% 27.9M 3s
365050K .......... .......... .......... .......... .......... 83% 24.6M 3s
365100K .......... .......... .......... .......... .......... 83% 42.8M 3s
365150K .......... .......... .......... .......... .......... 83% 9.77M 3s
365200K .......... .......... .......... .......... .......... 83% 5.32M 3s
365250K .......... .......... .......... .......... .......... 83% 12.3M 3s
365300K .......... .......... .......... .......... .......... 83% 3.85M 3s
365350K .......... .......... .......... .......... .......... 83% 81.4M 3s
365400K .......... .......... .......... .......... .......... 83%  104M 3s
365450K .......... .......... .......... .......... .......... 83% 34.3M 3s
365500K .......... .......... .......... .......... .......... 83% 14.7M 3s
365550K .......... .......... .......... .......... .......... 83% 23.4M 3s
365600K .......... .......... .......... .......... .......... 83% 22.4M 3s
365650K .......... .......... .......... .......... .......... 83%  108M 3s
365700K .......... .......... .......... .......... .......... 83% 95.5M 3s
365750K .......... .......... .......... .......... .......... 83%  107M 3s
365800K .......... .......... .......... .......... .......... 83%  101M 3s
365850K .......... .......... .......... .......... .......... 83%  106M 3s
365900K .......... .......... .......... .......... .......... 83% 49.9M 3s
365950K .......... .......... .......... .......... .......... 83% 15.5M 3s
366000K .......... .......... .......... .......... .......... 83% 8.29M 3s
366050K .......... .......... .......... .......... .......... 83% 16.0M 3s
366100K .......... .......... .......... .......... .......... 83% 93.6M 3s
366150K .......... .......... .......... .......... .......... 83% 86.9M 3s
366200K .......... .......... .......... .......... .......... 83% 93.9M 3s
366250K .......... .......... .......... .......... .......... 83% 82.0M 3s
366300K .......... .......... .......... .......... .......... 83% 79.6M 3s
366350K .......... .......... .......... .......... .......... 83%  110M 3s
366400K .......... .......... .......... .......... .......... 83% 83.9M 3s
366450K .......... .......... .......... .......... .......... 83% 61.3M 3s
366500K .......... .......... .......... .......... .......... 83%  114M 3s
366550K .......... .......... .......... .......... .......... 83%  106M 3s
366600K .......... .......... .......... .......... .......... 83%  119M 3s
366650K .......... .......... .......... .......... .......... 83%  110M 3s
366700K .......... .......... .......... .......... .......... 83% 31.2M 3s
366750K .......... .......... .......... .......... .......... 83% 26.2M 3s
366800K .......... .......... .......... .......... .......... 83% 15.0M 3s
366850K .......... .......... .......... .......... .......... 84% 6.48M 3s
366900K .......... .......... .......... .......... .......... 84% 10.4M 3s
366950K .......... .......... .......... .......... .......... 84% 9.18M 3s
367000K .......... .......... .......... .......... .......... 84% 4.76M 3s
367050K .......... .......... .......... .......... .......... 84% 71.6M 3s
367100K .......... .......... .......... .......... .......... 84%  107M 3s
367150K .......... .......... .......... .......... .......... 84% 18.5M 3s
367200K .......... .......... .......... .......... .......... 84% 12.0M 3s
367250K .......... .......... .......... .......... .......... 84% 29.9M 3s
367300K .......... .......... .......... .......... .......... 84%  111M 3s
367350K .......... .......... .......... .......... .......... 84% 90.6M 3s
367400K .......... .......... .......... .......... .......... 84%  112M 3s
367450K .......... .......... .......... .......... .......... 84%  116M 3s
367500K .......... .......... .......... .......... .......... 84%  104M 3s
367550K .......... .......... .......... .......... .......... 84% 85.1M 3s
367600K .......... .......... .......... .......... .......... 84% 19.9M 3s
367650K .......... .......... .......... .......... .......... 84% 17.3M 3s
367700K .......... .......... .......... .......... .......... 84% 10.2M 3s
367750K .......... .......... .......... .......... .......... 84% 12.1M 3s
367800K .......... .......... .......... .......... .......... 84%  105M 3s
367850K .......... .......... .......... .......... .......... 84% 95.9M 3s
367900K .......... .......... .......... .......... .......... 84% 96.6M 3s
367950K .......... .......... .......... .......... .......... 84% 78.8M 3s
368000K .......... .......... .......... .......... .......... 84% 63.1M 3s
368050K .......... .......... .......... .......... .......... 84%  108M 3s
368100K .......... .......... .......... .......... .......... 84% 93.7M 3s
368150K .......... .......... .......... .......... .......... 84%  108M 3s
368200K .......... .......... .......... .......... .......... 84% 71.9M 3s
368250K .......... .......... .......... .......... .......... 84%  108M 3s
368300K .......... .......... .......... .......... .......... 84%  117M 3s
368350K .......... .......... .......... .......... .......... 84%  104M 3s
368400K .......... .......... .......... .......... .......... 84% 23.9M 3s
368450K .......... .......... .......... .......... .......... 84% 33.6M 3s
368500K .......... .......... .......... .......... .......... 84% 15.7M 3s
368550K .......... .......... .......... .......... .......... 84% 5.56M 3s
368600K .......... .......... .......... .......... .......... 84% 9.28M 3s
368650K .......... .......... .......... .......... .......... 84% 3.39M 3s
368700K .......... .......... .......... .......... .......... 84% 69.3M 3s
368750K .......... .......... .......... .......... .......... 84%  108M 3s
368800K .......... .......... .......... .......... .......... 84% 25.7M 3s
368850K .......... .......... .......... .......... .......... 84% 15.8M 3s
368900K .......... .......... .......... .......... .......... 84% 18.9M 3s
368950K .......... .......... .......... .......... .......... 84% 29.4M 3s
369000K .......... .......... .......... .......... .......... 84% 84.8M 3s
369050K .......... .......... .......... .......... .......... 84% 89.2M 3s
369100K .......... .......... .......... .......... .......... 84% 83.0M 3s
369150K .......... .......... .......... .......... .......... 84%  106M 3s
369200K .......... .......... .......... .......... .......... 84% 84.4M 3s
369250K .......... .......... .......... .......... .......... 84%  114M 3s
369300K .......... .......... .......... .......... .......... 84% 24.0M 3s
369350K .......... .......... .......... .......... .......... 84% 16.9M 3s
369400K .......... .......... .......... .......... .......... 84% 12.3M 3s
369450K .......... .......... .......... .......... .......... 84% 11.4M 3s
369500K .......... .......... .......... .......... .......... 84%  107M 3s
369550K .......... .......... .......... .......... .......... 84% 92.2M 3s
369600K .......... .......... .......... .......... .......... 84% 65.1M 3s
369650K .......... .......... .......... .......... .......... 84%  107M 3s
369700K .......... .......... .......... .......... .......... 84% 82.2M 3s
369750K .......... .......... .......... .......... .......... 84%  103M 3s
369800K .......... .......... .......... .......... .......... 84% 79.1M 3s
369850K .......... .......... .......... .......... .......... 84%  112M 3s
369900K .......... .......... .......... .......... .......... 84% 93.5M 3s
369950K .......... .......... .......... .......... .......... 84%  110M 3s
370000K .......... .......... .......... .......... .......... 84% 71.8M 3s
370050K .......... .......... .......... .......... .......... 84%  116M 3s
370100K .......... .......... .......... .......... .......... 84% 18.6M 3s
370150K .......... .......... .......... .......... .......... 84% 36.1M 3s
370200K .......... .......... .......... .......... .......... 84% 15.1M 3s
370250K .......... .......... .......... .......... .......... 84% 6.95M 3s
370300K .......... .......... .......... .......... .......... 84% 8.90M 3s
370350K .......... .......... .......... .......... .......... 84% 6.76M 3s
370400K .......... .......... .......... .......... .......... 84% 5.09M 3s
370450K .......... .......... .......... .......... .......... 84%  112M 3s
370500K .......... .......... .......... .......... .......... 84% 23.9M 3s
370550K .......... .......... .......... .......... .......... 84% 15.5M 3s
370600K .......... .......... .......... .......... .......... 84% 24.5M 3s
370650K .......... .......... .......... .......... .......... 84% 23.8M 3s
370700K .......... .......... .......... .......... .......... 84%  102M 3s
370750K .......... .......... .......... .......... .......... 84% 98.5M 3s
370800K .......... .......... .......... .......... .......... 84% 73.6M 3s
370850K .......... .......... .......... .......... .......... 84%  109M 3s
370900K .......... .......... .......... .......... .......... 84%  107M 3s
370950K .......... .......... .......... .......... .......... 84%  119M 3s
371000K .......... .......... .......... .......... .......... 84% 26.5M 3s
371050K .......... .......... .......... .......... .......... 84% 20.5M 3s
371100K .......... .......... .......... .......... .......... 84% 19.1M 3s
371150K .......... .......... .......... .......... .......... 84% 8.03M 3s
371200K .......... .......... .......... .......... .......... 84% 35.7M 3s
371250K .......... .......... .......... .......... .......... 85% 83.7M 3s
371300K .......... .......... .......... .......... .......... 85% 80.8M 3s
371350K .......... .......... .......... .......... .......... 85%  113M 3s
371400K .......... .......... .......... .......... .......... 85% 80.5M 3s
371450K .......... .......... .......... .......... .......... 85%  108M 3s
371500K .......... .......... .......... .......... .......... 85%  115M 3s
371550K .......... .......... .......... .......... .......... 85% 86.2M 3s
371600K .......... .......... .......... .......... .......... 85% 64.8M 3s
371650K .......... .......... .......... .......... .......... 85%  115M 3s
371700K .......... .......... .......... .......... .......... 85%  106M 3s
371750K .......... .......... .......... .......... .......... 85%  103M 3s
371800K .......... .......... .......... .......... .......... 85% 26.5M 3s
371850K .......... .......... .......... .......... .......... 85% 32.3M 3s
371900K .......... .......... .......... .......... .......... 85% 14.5M 3s
371950K .......... .......... .......... .......... .......... 85% 9.49M 3s
372000K .......... .......... .......... .......... .......... 85% 6.55M 3s
372050K .......... .......... .......... .......... .......... 85% 6.25M 3s
372100K .......... .......... .......... .......... .......... 85% 6.07M 3s
372150K .......... .......... .......... .......... .......... 85%  108M 3s
372200K .......... .......... .......... .......... .......... 85%  117M 3s
372250K .......... .......... .......... .......... .......... 85% 17.1M 3s
372300K .......... .......... .......... .......... .......... 85% 22.8M 3s
372350K .......... .......... .......... .......... .......... 85% 14.9M 3s
372400K .......... .......... .......... .......... .......... 85% 85.1M 3s
372450K .......... .......... .......... .......... .......... 85% 87.1M 3s
372500K .......... .......... .......... .......... .......... 85%  114M 3s
372550K .......... .......... .......... .......... .......... 85%  112M 3s
372600K .......... .......... .......... .......... .......... 85% 59.4M 3s
372650K .......... .......... .......... .......... .......... 85%  107M 3s
372700K .......... .......... .......... .......... .......... 85% 29.2M 3s
372750K .......... .......... .......... .......... .......... 85% 24.5M 3s
372800K .......... .......... .......... .......... .......... 85% 8.17M 3s
372850K .......... .......... .......... .......... .......... 85% 12.6M 3s
372900K .......... .......... .......... .......... .......... 85% 99.9M 3s
372950K .......... .......... .......... .......... .......... 85%  103M 3s
373000K .......... .......... .......... .......... .......... 85% 85.4M 3s
373050K .......... .......... .......... .......... .......... 85% 93.4M 3s
373100K .......... .......... .......... .......... .......... 85% 78.4M 3s
373150K .......... .......... .......... .......... .......... 85%  115M 3s
373200K .......... .......... .......... .......... .......... 85% 65.7M 3s
373250K .......... .......... .......... .......... .......... 85%  106M 3s
373300K .......... .......... .......... .......... .......... 85% 97.2M 3s
373350K .......... .......... .......... .......... .......... 85% 93.7M 3s
373400K .......... .......... .......... .......... .......... 85%  112M 3s
373450K .......... .......... .......... .......... .......... 85%  113M 3s
373500K .......... .......... .......... .......... .......... 85% 26.6M 3s
373550K .......... .......... .......... .......... .......... 85% 30.4M 3s
373600K .......... .......... .......... .......... .......... 85% 14.9M 3s
373650K .......... .......... .......... .......... .......... 85% 11.7M 3s
373700K .......... .......... .......... .......... .......... 85% 5.98M 3s
373750K .......... .......... .......... .......... .......... 85% 11.3M 3s
373800K .......... .......... .......... .......... .......... 85% 4.09M 3s
373850K .......... .......... .......... .......... .......... 85%  117M 3s
373900K .......... .......... .......... .......... .......... 85%  106M 3s
373950K .......... .......... .......... .......... .......... 85% 16.1M 3s
374000K .......... .......... .......... .......... .......... 85% 13.6M 3s
374050K .......... .......... .......... .......... .......... 85% 26.1M 3s
374100K .......... .......... .......... .......... .......... 85%  105M 3s
374150K .......... .......... .......... .......... .......... 85% 71.1M 3s
374200K .......... .......... .......... .......... .......... 85%  111M 3s
374250K .......... .......... .......... .......... .......... 85%  118M 3s
374300K .......... .......... .......... .......... .......... 85% 74.9M 3s
374350K .......... .......... .......... .......... .......... 85%  112M 3s
374400K .......... .......... .......... .......... .......... 85% 29.6M 3s
374450K .......... .......... .......... .......... .......... 85% 25.6M 3s
374500K .......... .......... .......... .......... .......... 85% 15.4M 3s
374550K .......... .......... .......... .......... .......... 85% 12.0M 3s
374600K .......... .......... .......... .......... .......... 85% 20.5M 3s
374650K .......... .......... .......... .......... .......... 85%  111M 3s
374700K .......... .......... .......... .......... .......... 85% 92.0M 3s
374750K .......... .......... .......... .......... .......... 85% 84.6M 3s
374800K .......... .......... .......... .......... .......... 85% 57.3M 3s
374850K .......... .......... .......... .......... .......... 85%  108M 3s
374900K .......... .......... .......... .......... .......... 85%  111M 3s
374950K .......... .......... .......... .......... .......... 85% 88.9M 3s
375000K .......... .......... .......... .......... .......... 85%  113M 3s
375050K .......... .......... .......... .......... .......... 85% 92.4M 3s
375100K .......... .......... .......... .......... .......... 85%  100M 3s
375150K .......... .......... .......... .......... .......... 85%  109M 3s
375200K .......... .......... .......... .......... .......... 85% 24.4M 3s
375250K .......... .......... .......... .......... .......... 85% 31.5M 3s
375300K .......... .......... .......... .......... .......... 85% 34.2M 3s
375350K .......... .......... .......... .......... .......... 85% 13.9M 3s
375400K .......... .......... .......... .......... .......... 85% 9.41M 3s
375450K .......... .......... .......... .......... .......... 85% 5.90M 3s
375500K .......... .......... .......... .......... .......... 85% 10.3M 3s
375550K .......... .......... .......... .......... .......... 85% 4.90M 3s
375600K .......... .......... .......... .......... .......... 86% 78.4M 3s
375650K .......... .......... .......... .......... .......... 86% 32.3M 3s
375700K .......... .......... .......... .......... .......... 86% 14.7M 3s
375750K .......... .......... .......... .......... .......... 86% 24.4M 3s
375800K .......... .......... .......... .......... .......... 86% 28.2M 3s
375850K .......... .......... .......... .......... .......... 86%  107M 3s
375900K .......... .......... .......... .......... .......... 86% 61.6M 3s
375950K .......... .......... .......... .......... .......... 86% 99.4M 3s
376000K .......... .......... .......... .......... .......... 86% 65.5M 3s
376050K .......... .......... .......... .......... .......... 86% 92.8M 3s
376100K .......... .......... .......... .......... .......... 86% 33.0M 3s
376150K .......... .......... .......... .......... .......... 86% 24.9M 3s
376200K .......... .......... .......... .......... .......... 86% 15.5M 3s
376250K .......... .......... .......... .......... .......... 86% 10.2M 3s
376300K .......... .......... .......... .......... .......... 86% 20.1M 3s
376350K .......... .......... .......... .......... .......... 86% 96.7M 3s
376400K .......... .......... .......... .......... .......... 86% 65.4M 3s
376450K .......... .......... .......... .......... .......... 86% 82.5M 3s
376500K .......... .......... .......... .......... .......... 86% 85.2M 3s
376550K .......... .......... .......... .......... .......... 86% 89.2M 3s
376600K .......... .......... .......... .......... .......... 86%  113M 3s
376650K .......... .......... .......... .......... .......... 86% 87.9M 3s
376700K .......... .......... .......... .......... .......... 86%  113M 3s
376750K .......... .......... .......... .......... .......... 86% 93.3M 3s
376800K .......... .......... .......... .......... .......... 86% 66.5M 3s
376850K .......... .......... .......... .......... .......... 86%  111M 3s
376900K .......... .......... .......... .......... .......... 86%  119M 3s
376950K .......... .......... .......... .......... .......... 86% 25.0M 3s
377000K .......... .......... .......... .......... .......... 86% 30.2M 3s
377050K .......... .......... .......... .......... .......... 86% 15.4M 3s
377100K .......... .......... .......... .......... .......... 86% 13.8M 3s
377150K .......... .......... .......... .......... .......... 86% 6.92M 3s
377200K .......... .......... .......... .......... .......... 86% 7.14M 3s
377250K .......... .......... .......... .......... .......... 86% 7.25M 3s
377300K .......... .......... .......... .......... .......... 86% 11.3M 3s
377350K .......... .......... .......... .......... .......... 86%  110M 3s
377400K .......... .......... .......... .......... .......... 86% 16.4M 3s
377450K .......... .......... .......... .......... .......... 86% 18.1M 3s
377500K .......... .......... .......... .......... .......... 86% 18.2M 3s
377550K .......... .......... .......... .......... .......... 86%  108M 3s
377600K .......... .......... .......... .......... .......... 86% 51.9M 3s
377650K .......... .......... .......... .......... .......... 86%  110M 3s
377700K .......... .......... .......... .......... .......... 86%  103M 3s
377750K .......... .......... .......... .......... .......... 86% 78.5M 3s
377800K .......... .......... .......... .......... .......... 86%  111M 3s
377850K .......... .......... .......... .......... .......... 86% 35.2M 3s
377900K .......... .......... .......... .......... .......... 86% 24.5M 3s
377950K .......... .......... .......... .......... .......... 86% 13.0M 3s
378000K .......... .......... .......... .......... .......... 86% 8.72M 3s
378050K .......... .......... .......... .......... .......... 86% 37.6M 3s
378100K .......... .......... .......... .......... .......... 86% 83.2M 3s
378150K .......... .......... .......... .......... .......... 86% 90.5M 3s
378200K .......... .......... .......... .......... .......... 86% 81.0M 3s
378250K .......... .......... .......... .......... .......... 86% 63.3M 3s
378300K .......... .......... .......... .......... .......... 86%  103M 3s
378350K .......... .......... .......... .......... .......... 86%  108M 3s
378400K .......... .......... .......... .......... .......... 86% 64.6M 3s
378450K .......... .......... .......... .......... .......... 86%  114M 3s
378500K .......... .......... .......... .......... .......... 86% 83.6M 3s
378550K .......... .......... .......... .......... .......... 86% 88.2M 3s
378600K .......... .......... .......... .......... .......... 86%  115M 3s
378650K .......... .......... .......... .......... .......... 86% 87.5M 3s
378700K .......... .......... .......... .......... .......... 86% 21.5M 3s
378750K .......... .......... .......... .......... .......... 86% 24.9M 3s
378800K .......... .......... .......... .......... .......... 86% 14.6M 3s
378850K .......... .......... .......... .......... .......... 86% 12.9M 3s
378900K .......... .......... .......... .......... .......... 86% 6.20M 3s
378950K .......... .......... .......... .......... .......... 86% 8.20M 3s
379000K .......... .......... .......... .......... .......... 86% 7.60M 3s
379050K .......... .......... .......... .......... .......... 86% 11.3M 3s
379100K .......... .......... .......... .......... .......... 86% 81.5M 3s
379150K .......... .......... .......... .......... .......... 86% 18.3M 3s
379200K .......... .......... .......... .......... .......... 86% 9.12M 3s
379250K .......... .......... .......... .......... .......... 86% 65.3M 3s
379300K .......... .......... .......... .......... .......... 86%  112M 3s
379350K .......... .......... .......... .......... .......... 86% 57.5M 3s
379400K .......... .......... .......... .......... .......... 86%  121M 3s
379450K .......... .......... .......... .......... .......... 86%  102M 3s
379500K .......... .......... .......... .......... .......... 86% 85.0M 3s
379550K .......... .......... .......... .......... .......... 86%  108M 3s
379600K .......... .......... .......... .......... .......... 86% 17.1M 3s
379650K .......... .......... .......... .......... .......... 86% 17.2M 3s
379700K .......... .......... .......... .......... .......... 86% 18.0M 3s
379750K .......... .......... .......... .......... .......... 86% 13.9M 3s
379800K .......... .......... .......... .......... .......... 86% 39.6M 3s
379850K .......... .......... .......... .......... .......... 86% 82.9M 3s
379900K .......... .......... .......... .......... .......... 86%  110M 3s
379950K .......... .......... .......... .......... .......... 87% 83.8M 3s
380000K .......... .......... .......... .......... .......... 87% 63.3M 3s
380050K .......... .......... .......... .......... .......... 87%  113M 3s
380100K .......... .......... .......... .......... .......... 87% 58.4M 3s
380150K .......... .......... .......... .......... .......... 87%  125M 3s
380200K .......... .......... .......... .......... .......... 87%  111M 3s
380250K .......... .......... .......... .......... .......... 87% 84.2M 3s
380300K .......... .......... .......... .......... .......... 87%  106M 3s
380350K .......... .......... .......... .......... .......... 87%  114M 3s
380400K .......... .......... .......... .......... .......... 87% 29.4M 3s
380450K .......... .......... .......... .......... .......... 87% 23.1M 3s
380500K .......... .......... .......... .......... .......... 87% 22.0M 3s
380550K .......... .......... .......... .......... .......... 87% 10.5M 3s
380600K .......... .......... .......... .......... .......... 87% 17.1M 3s
380650K .......... .......... .......... .......... .......... 87% 5.87M 3s
380700K .......... .......... .......... .......... .......... 87% 11.5M 3s
380750K .......... .......... .......... .......... .......... 87% 10.1M 3s
380800K .......... .......... .......... .......... .......... 87% 8.92M 3s
380850K .......... .......... .......... .......... .......... 87% 10.6M 3s
380900K .......... .......... .......... .......... .......... 87% 19.5M 3s
380950K .......... .......... .......... .......... .......... 87% 14.4M 3s
381000K .......... .......... .......... .......... .......... 87%  106M 3s
381050K .......... .......... .......... .......... .......... 87%  111M 3s
381100K .......... .......... .......... .......... .......... 87% 53.4M 3s
381150K .......... .......... .......... .......... .......... 87%  124M 3s
381200K .......... .......... .......... .......... .......... 87% 65.3M 3s
381250K .......... .......... .......... .......... .......... 87%  125M 3s
381300K .......... .......... .......... .......... .......... 87%  114M 3s
381350K .......... .......... .......... .......... .......... 87% 32.8M 3s
381400K .......... .......... .......... .......... .......... 87% 16.8M 2s
381450K .......... .......... .......... .......... .......... 87% 12.5M 2s
381500K .......... .......... .......... .......... .......... 87% 13.9M 2s
381550K .......... .......... .......... .......... .......... 87% 43.7M 2s
381600K .......... .......... .......... .......... .......... 87% 59.7M 2s
381650K .......... .......... .......... .......... .......... 87%  114M 2s
381700K .......... .......... .......... .......... .......... 87% 57.9M 2s
381750K .......... .......... .......... .......... .......... 87%  122M 2s
381800K .......... .......... .......... .......... .......... 87%  115M 2s
381850K .......... .......... .......... .......... .......... 87% 57.6M 2s
381900K .......... .......... .......... .......... .......... 87%  112M 2s
381950K .......... .......... .......... .......... .......... 87% 85.0M 2s
382000K .......... .......... .......... .......... .......... 87% 83.9M 2s
382050K .......... .......... .......... .......... .......... 87%  120M 2s
382100K .......... .......... .......... .......... .......... 87%  124M 2s
382150K .......... .......... .......... .......... .......... 87% 29.2M 2s
382200K .......... .......... .......... .......... .......... 87% 24.4M 2s
382250K .......... .......... .......... .......... .......... 87% 30.0M 2s
382300K .......... .......... .......... .......... .......... 87% 21.0M 2s
382350K .......... .......... .......... .......... .......... 87% 12.6M 2s
382400K .......... .......... .......... .......... .......... 87% 5.21M 2s
382450K .......... .......... .......... .......... .......... 87% 8.22M 2s
382500K .......... .......... .......... .......... .......... 87% 8.25M 2s
382550K .......... .......... .......... .......... .......... 87% 18.6M 2s
382600K .......... .......... .......... .......... .......... 87% 51.2M 2s
382650K .......... .......... .......... .......... .......... 87% 18.8M 2s
382700K .......... .......... .......... .......... .......... 87% 20.4M 2s
382750K .......... .......... .......... .......... .......... 87% 17.4M 2s
382800K .......... .......... .......... .......... .......... 87% 64.0M 2s
382850K .......... .......... .......... .......... .......... 87% 63.7M 2s
382900K .......... .......... .......... .......... .......... 87% 84.3M 2s
382950K .......... .......... .......... .......... .......... 87%  123M 2s
383000K .......... .......... .......... .......... .......... 87%  107M 2s
383050K .......... .......... .......... .......... .......... 87% 34.0M 2s
383100K .......... .......... .......... .......... .......... 87%  113M 2s
383150K .......... .......... .......... .......... .......... 87% 13.9M 2s
383200K .......... .......... .......... .......... .......... 87% 11.8M 2s
383250K .......... .......... .......... .......... .......... 87% 13.8M 2s
383300K .......... .......... .......... .......... .......... 87% 45.2M 2s
383350K .......... .......... .......... .......... .......... 87% 82.2M 2s
383400K .......... .......... .......... .......... .......... 87%  113M 2s
383450K .......... .......... .......... .......... .......... 87% 58.9M 2s
383500K .......... .......... .......... .......... .......... 87%  128M 2s
383550K .......... .......... .......... .......... .......... 87%  103M 2s
383600K .......... .......... .......... .......... .......... 87% 51.8M 2s
383650K .......... .......... .......... .......... .......... 87%  127M 2s
383700K .......... .......... .......... .......... .......... 87% 75.6M 2s
383750K .......... .......... .......... .......... .......... 87%  127M 2s
383800K .......... .......... .......... .......... .......... 87%  109M 2s
383850K .......... .......... .......... .......... .......... 87%  114M 2s
383900K .......... .......... .......... .......... .......... 87% 31.2M 2s
383950K .......... .......... .......... .......... .......... 87% 21.0M 2s
384000K .......... .......... .......... .......... .......... 87% 25.5M 2s
384050K .......... .......... .......... .......... .......... 87% 22.0M 2s
384100K .......... .......... .......... .......... .......... 87% 12.4M 2s
384150K .......... .......... .......... .......... .......... 87% 6.62M 2s
384200K .......... .......... .......... .......... .......... 87% 8.31M 2s
384250K .......... .......... .......... .......... .......... 87% 8.88M 2s
384300K .......... .......... .......... .......... .......... 87% 8.48M 2s
384350K .......... .......... .......... .......... .......... 88% 45.2M 2s
384400K .......... .......... .......... .......... .......... 88% 12.7M 2s
384450K .......... .......... .......... .......... .......... 88% 30.7M 2s
384500K .......... .......... .......... .......... .......... 88% 19.4M 2s
384550K .......... .......... .......... .......... .......... 88% 80.2M 2s
384600K .......... .......... .......... .......... .......... 88% 87.0M 2s
384650K .......... .......... .......... .......... .......... 88% 95.5M 2s
384700K .......... .......... .......... .......... .......... 88% 77.1M 2s
384750K .......... .......... .......... .......... .......... 88%  124M 2s
384800K .......... .......... .......... .......... .......... 88% 30.4M 2s
384850K .......... .......... .......... .......... .......... 88%  124M 2s
384900K .......... .......... .......... .......... .......... 88% 16.4M 2s
384950K .......... .......... .......... .......... .......... 88% 13.2M 2s
385000K .......... .......... .......... .......... .......... 88% 13.6M 2s
385050K .......... .......... .......... .......... .......... 88% 39.0M 2s
385100K .......... .......... .......... .......... .......... 88% 68.1M 2s
385150K .......... .......... .......... .......... .......... 88%  124M 2s
385200K .......... .......... .......... .......... .......... 88% 52.3M 2s
385250K .......... .......... .......... .......... .......... 88%  105M 2s
385300K .......... .......... .......... .......... .......... 88%  120M 2s
385350K .......... .......... .......... .......... .......... 88% 65.5M 2s
385400K .......... .......... .......... .......... .......... 88%  110M 2s
385450K .......... .......... .......... .......... .......... 88% 75.0M 2s
385500K .......... .......... .......... .......... .......... 88%  111M 2s
385550K .......... .......... .......... .......... .......... 88% 68.9M 2s
385600K .......... .......... .......... .......... .......... 88% 96.1M 2s
385650K .......... .......... .......... .......... .......... 88% 29.7M 2s
385700K .......... .......... .......... .......... .......... 88% 29.1M 2s
385750K .......... .......... .......... .......... .......... 88% 26.0M 2s
385800K .......... .......... .......... .......... .......... 88% 19.2M 2s
385850K .......... .......... .......... .......... .......... 88% 11.2M 2s
385900K .......... .......... .......... .......... .......... 88% 8.54M 2s
385950K .......... .......... .......... .......... .......... 88% 7.14M 2s
386000K .......... .......... .......... .......... .......... 88% 6.57M 2s
386050K .......... .......... .......... .......... .......... 88% 9.72M 2s
386100K .......... .......... .......... .......... .......... 88% 16.5M 2s
386150K .......... .......... .......... .......... .......... 88% 22.0M 2s
386200K .......... .......... .......... .......... .......... 88% 25.5M 2s
386250K .......... .......... .......... .......... .......... 88% 20.4M 2s
386300K .......... .......... .......... .......... .......... 88%  117M 2s
386350K .......... .......... .......... .......... .......... 88% 73.6M 2s
386400K .......... .......... .......... .......... .......... 88% 47.9M 2s
386450K .......... .......... .......... .......... .......... 88%  109M 2s
386500K .......... .......... .......... .......... .......... 88%  125M 2s
386550K .......... .......... .......... .......... .......... 88%  115M 2s
386600K .......... .......... .......... .......... .......... 88% 35.9M 2s
386650K .......... .......... .......... .......... .......... 88% 29.2M 2s
386700K .......... .......... .......... .......... .......... 88% 13.9M 2s
386750K .......... .......... .......... .......... .......... 88% 15.4M 2s
386800K .......... .......... .......... .......... .......... 88% 14.8M 2s
386850K .......... .......... .......... .......... .......... 88%  104M 2s
386900K .......... .......... .......... .......... .......... 88% 66.5M 2s
386950K .......... .......... .......... .......... .......... 88%  124M 2s
387000K .......... .......... .......... .......... .......... 88% 93.2M 2s
387050K .......... .......... .......... .......... .......... 88%  121M 2s
387100K .......... .......... .......... .......... .......... 88% 63.2M 2s
387150K .......... .......... .......... .......... .......... 88%  101M 2s
387200K .......... .......... .......... .......... .......... 88% 64.4M 2s
387250K .......... .......... .......... .......... .......... 88%  105M 2s
387300K .......... .......... .......... .......... .......... 88%  119M 2s
387350K .......... .......... .......... .......... .......... 88%  123M 2s
387400K .......... .......... .......... .......... .......... 88% 34.5M 2s
387450K .......... .......... .......... .......... .......... 88% 35.1M 2s
387500K .......... .......... .......... .......... .......... 88% 19.6M 2s
387550K .......... .......... .......... .......... .......... 88% 20.5M 2s
387600K .......... .......... .......... .......... .......... 88% 12.6M 2s
387650K .......... .......... .......... .......... .......... 88% 11.7M 2s
387700K .......... .......... .......... .......... .......... 88% 7.27M 2s
387750K .......... .......... .......... .......... .......... 88% 6.91M 2s
387800K .......... .......... .......... .......... .......... 88% 7.44M 2s
387850K .......... .......... .......... .......... .......... 88% 32.5M 2s
387900K .......... .......... .......... .......... .......... 88% 17.9M 2s
387950K .......... .......... .......... .......... .......... 88% 18.4M 2s
388000K .......... .......... .......... .......... .......... 88% 14.8M 2s
388050K .......... .......... .......... .......... .......... 88% 70.5M 2s
388100K .......... .......... .......... .......... .......... 88% 64.9M 2s
388150K .......... .......... .......... .......... .......... 88%  124M 2s
388200K .......... .......... .......... .......... .......... 88% 76.6M 2s
388250K .......... .......... .......... .......... .......... 88%  112M 2s
388300K .......... .......... .......... .......... .......... 88%  125M 2s
388350K .......... .......... .......... .......... .......... 88% 33.8M 2s
388400K .......... .......... .......... .......... .......... 88% 20.2M 2s
388450K .......... .......... .......... .......... .......... 88% 25.1M 2s
388500K .......... .......... .......... .......... .......... 88% 12.8M 2s
388550K .......... .......... .......... .......... .......... 88% 16.0M 2s
388600K .......... .......... .......... .......... .......... 88% 62.6M 2s
388650K .......... .......... .......... .......... .......... 88%  107M 2s
388700K .......... .......... .......... .......... .......... 89% 98.6M 2s
388750K .......... .......... .......... .......... .......... 89% 68.8M 2s
388800K .......... .......... .......... .......... .......... 89% 70.1M 2s
388850K .......... .......... .......... .......... .......... 89% 51.9M 2s
388900K .......... .......... .......... .......... .......... 89%  117M 2s
388950K .......... .......... .......... .......... .......... 89% 96.4M 2s
389000K .......... .......... .......... .......... .......... 89% 78.0M 2s
389050K .......... .......... .......... .......... .......... 89%  110M 2s
389100K .......... .......... .......... .......... .......... 89%  120M 2s
389150K .......... .......... .......... .......... .......... 89% 52.8M 2s
389200K .......... .......... .......... .......... .......... 89% 32.1M 2s
389250K .......... .......... .......... .......... .......... 89% 31.0M 2s
389300K .......... .......... .......... .......... .......... 89% 14.4M 2s
389350K .......... .......... .......... .......... .......... 89% 17.9M 2s
389400K .......... .......... .......... .......... .......... 89% 14.0M 2s
389450K .......... .......... .......... .......... .......... 89% 17.7M 2s
389500K .......... .......... .......... .......... .......... 89% 7.07M 2s
389550K .......... .......... .......... .......... .......... 89% 7.52M 2s
389600K .......... .......... .......... .......... .......... 89% 7.46M 2s
389650K .......... .......... .......... .......... .......... 89% 15.2M 2s
389700K .......... .......... .......... .......... .......... 89% 3.03M 2s
389750K .......... .......... .......... .......... .......... 89% 44.3M 2s
389800K .......... .......... .......... .......... .......... 89% 20.6M 2s
389850K .......... .......... .......... .......... .......... 89% 83.9M 2s
389900K .......... .......... .......... .......... .......... 89% 64.3M 2s
389950K .......... .......... .......... .......... .......... 89% 85.5M 2s
390000K .......... .......... .......... .......... .......... 89% 75.5M 2s
390050K .......... .......... .......... .......... .......... 89%  105M 2s
390100K .......... .......... .......... .......... .......... 89% 44.4M 2s
390150K .......... .......... .......... .......... .......... 89% 57.7M 2s
390200K .......... .......... .......... .......... .......... 89% 22.5M 2s
390250K .......... .......... .......... .......... .......... 89% 11.0M 2s
390300K .......... .......... .......... .......... .......... 89% 13.6M 2s
390350K .......... .......... .......... .......... .......... 89% 43.1M 2s
390400K .......... .......... .......... .......... .......... 89% 73.6M 2s
390450K .......... .......... .......... .......... .......... 89%  115M 2s
390500K .......... .......... .......... .......... .......... 89% 63.8M 2s
390550K .......... .......... .......... .......... .......... 89%  105M 2s
390600K .......... .......... .......... .......... .......... 89%  118M 2s
390650K .......... .......... .......... .......... .......... 89% 46.4M 2s
390700K .......... .......... .......... .......... .......... 89% 84.4M 2s
390750K .......... .......... .......... .......... .......... 89%  111M 2s
390800K .......... .......... .......... .......... .......... 89% 63.0M 2s
390850K .......... .......... .......... .......... .......... 89%  117M 2s
390900K .......... .......... .......... .......... .......... 89% 55.9M 2s
390950K .......... .......... .......... .......... .......... 89% 45.2M 2s
391000K .......... .......... .......... .......... .......... 89% 41.9M 2s
391050K .......... .......... .......... .......... .......... 89% 21.8M 2s
391100K .......... .......... .......... .......... .......... 89% 17.4M 2s
391150K .......... .......... .......... .......... .......... 89% 12.3M 2s
391200K .......... .......... .......... .......... .......... 89% 11.3M 2s
391250K .......... .......... .......... .......... .......... 89% 7.43M 2s
391300K .......... .......... .......... .......... .......... 89% 7.63M 2s
391350K .......... .......... .......... .......... .......... 89% 8.18M 2s
391400K .......... .......... .......... .......... .......... 89% 15.6M 2s
391450K .......... .......... .......... .......... .......... 89% 17.1M 2s
391500K .......... .......... .......... .......... .......... 89% 22.9M 2s
391550K .......... .......... .......... .......... .......... 89% 16.0M 2s
391600K .......... .......... .......... .......... .......... 89% 62.6M 2s
391650K .......... .......... .......... .......... .......... 89% 65.2M 2s
391700K .......... .......... .......... .......... .......... 89% 84.0M 2s
391750K .......... .......... .......... .......... .......... 89%  110M 2s
391800K .......... .......... .......... .......... .......... 89%  104M 2s
391850K .......... .......... .......... .......... .......... 89%  123M 2s
391900K .......... .......... .......... .......... .......... 89% 29.0M 2s
391950K .......... .......... .......... .......... .......... 89% 29.7M 2s
392000K .......... .......... .......... .......... .......... 89% 20.7M 2s
392050K .......... .......... .......... .......... .......... 89% 12.6M 2s
392100K .......... .......... .......... .......... .......... 89% 11.0M 2s
392150K .......... .......... .......... .......... .......... 89%  104M 2s
392200K .......... .......... .......... .......... .......... 89% 97.1M 2s
392250K .......... .......... .......... .......... .......... 89% 89.8M 2s
392300K .......... .......... .......... .......... .......... 89% 58.2M 2s
392350K .......... .......... .......... .......... .......... 89%  111M 2s
392400K .......... .......... .......... .......... .......... 89% 53.5M 2s
392450K .......... .......... .......... .......... .......... 89%  112M 2s
392500K .......... .......... .......... .......... .......... 89%  112M 2s
392550K .......... .......... .......... .......... .......... 89% 72.3M 2s
392600K .......... .......... .......... .......... .......... 89% 59.9M 2s
392650K .......... .......... .......... .......... .......... 89%  115M 2s
392700K .......... .......... .......... .......... .......... 89% 95.7M 2s
392750K .......... .......... .......... .......... .......... 89% 37.6M 2s
392800K .......... .......... .......... .......... .......... 89% 26.5M 2s
392850K .......... .......... .......... .......... .......... 89% 16.4M 2s
392900K .......... .......... .......... .......... .......... 89% 21.0M 2s
392950K .......... .......... .......... .......... .......... 89% 11.6M 2s
393000K .......... .......... .......... .......... .......... 89% 13.3M 2s
393050K .......... .......... .......... .......... .......... 90% 7.33M 2s
393100K .......... .......... .......... .......... .......... 90% 8.30M 2s
393150K .......... .......... .......... .......... .......... 90% 11.2M 2s
393200K .......... .......... .......... .......... .......... 90% 10.0M 2s
393250K .......... .......... .......... .......... .......... 90% 17.7M 2s
393300K .......... .......... .......... .......... .......... 90% 24.6M 2s
393350K .......... .......... .......... .......... .......... 90% 26.6M 2s
393400K .......... .......... .......... .......... .......... 90% 65.2M 2s
393450K .......... .......... .......... .......... .......... 90% 63.3M 2s
393500K .......... .......... .......... .......... .......... 90% 86.3M 2s
393550K .......... .......... .......... .......... .......... 90%  101M 2s
393600K .......... .......... .......... .......... .......... 90% 81.3M 2s
393650K .......... .......... .......... .......... .......... 90% 36.0M 2s
393700K .......... .......... .......... .......... .......... 90% 33.2M 2s
393750K .......... .......... .......... .......... .......... 90% 45.1M 2s
393800K .......... .......... .......... .......... .......... 90% 30.0M 2s
393850K .......... .......... .......... .......... .......... 90% 9.56M 2s
393900K .......... .......... .......... .......... .......... 90% 13.4M 2s
393950K .......... .......... .......... .......... .......... 90%  105M 2s
394000K .......... .......... .......... .......... .......... 90% 84.7M 2s
394050K .......... .......... .......... .......... .......... 90% 30.7M 2s
394100K .......... .......... .......... .......... .......... 90%  104M 2s
394150K .......... .......... .......... .......... .......... 90%  103M 2s
394200K .......... .......... .......... .......... .......... 90% 51.2M 2s
394250K .......... .......... .......... .......... .......... 90%  109M 2s
394300K .......... .......... .......... .......... .......... 90% 93.8M 2s
394350K .......... .......... .......... .......... .......... 90%  111M 2s
394400K .......... .......... .......... .......... .......... 90% 74.7M 2s
394450K .......... .......... .......... .......... .......... 90% 73.9M 2s
394500K .......... .......... .......... .......... .......... 90% 72.5M 2s
394550K .......... .......... .......... .......... .......... 90% 26.7M 2s
394600K .......... .......... .......... .......... .......... 90% 26.8M 2s
394650K .......... .......... .......... .......... .......... 90% 23.8M 2s
394700K .......... .......... .......... .......... .......... 90% 19.6M 2s
394750K .......... .......... .......... .......... .......... 90% 12.3M 2s
394800K .......... .......... .......... .......... .......... 90% 7.93M 2s
394850K .......... .......... .......... .......... .......... 90% 9.16M 2s
394900K .......... .......... .......... .......... .......... 90% 9.77M 2s
394950K .......... .......... .......... .......... .......... 90% 7.35M 2s
395000K .......... .......... .......... .......... .......... 90% 22.0M 2s
395050K .......... .......... .......... .......... .......... 90% 13.9M 2s
395100K .......... .......... .......... .......... .......... 90% 28.1M 2s
395150K .......... .......... .......... .......... .......... 90% 35.0M 2s
395200K .......... .......... .......... .......... .......... 90% 41.6M 2s
395250K .......... .......... .......... .......... .......... 90% 86.1M 2s
395300K .......... .......... .......... .......... .......... 90% 88.5M 2s
395350K .......... .......... .......... .......... .......... 90%  109M 2s
395400K .......... .......... .......... .......... .......... 90%  115M 2s
395450K .......... .......... .......... .......... .......... 90% 36.7M 2s
395500K .......... .......... .......... .......... .......... 90% 24.5M 2s
395550K .......... .......... .......... .......... .......... 90% 36.0M 2s
395600K .......... .......... .......... .......... .......... 90% 18.7M 2s
395650K .......... .......... .......... .......... .......... 90% 9.89M 2s
395700K .......... .......... .......... .......... .......... 90% 21.6M 2s
395750K .......... .......... .......... .......... .......... 90%  103M 2s
395800K .......... .......... .......... .......... .......... 90%  109M 2s
395850K .......... .......... .......... .......... .......... 90% 76.9M 2s
395900K .......... .......... .......... .......... .......... 90% 86.5M 2s
395950K .......... .......... .......... .......... .......... 90%  103M 2s
396000K .......... .......... .......... .......... .......... 90% 54.3M 2s
396050K .......... .......... .......... .......... .......... 90%  117M 2s
396100K .......... .......... .......... .......... .......... 90% 71.6M 2s
396150K .......... .......... .......... .......... .......... 90%  112M 2s
396200K .......... .......... .......... .......... .......... 90% 74.7M 2s
396250K .......... .......... .......... .......... .......... 90%  109M 2s
396300K .......... .......... .......... .......... .......... 90% 24.5M 2s
396350K .......... .......... .......... .......... .......... 90% 46.4M 2s
396400K .......... .......... .......... .......... .......... 90% 26.2M 2s
396450K .......... .......... .......... .......... .......... 90% 16.8M 2s
396500K .......... .......... .......... .......... .......... 90% 16.3M 2s
396550K .......... .......... .......... .......... .......... 90% 12.3M 2s
396600K .......... .......... .......... .......... .......... 90% 14.0M 2s
396650K .......... .......... .......... .......... .......... 90% 6.94M 2s
396700K .......... .......... .......... .......... .......... 90% 7.83M 2s
396750K .......... .......... .......... .......... .......... 90% 10.9M 2s
396800K .......... .......... .......... .......... .......... 90% 13.7M 2s
396850K .......... .......... .......... .......... .......... 90% 18.7M 2s
396900K .......... .......... .......... .......... .......... 90% 24.9M 2s
396950K .......... .......... .......... .......... .......... 90% 51.0M 2s
397000K .......... .......... .......... .......... .......... 90% 83.6M 2s
397050K .......... .......... .......... .......... .......... 90% 68.7M 2s
397100K .......... .......... .......... .......... .......... 90%  112M 2s
397150K .......... .......... .......... .......... .......... 90%  116M 2s
397200K .......... .......... .......... .......... .......... 90% 53.0M 2s
397250K .......... .......... .......... .......... .......... 90% 42.4M 2s
397300K .......... .......... .......... .......... .......... 90% 40.8M 2s
397350K .......... .......... .......... .......... .......... 90% 41.8M 2s
397400K .......... .......... .......... .......... .......... 90% 27.2M 2s
397450K .......... .......... .......... .......... .......... 91% 12.6M 2s
397500K .......... .......... .......... .......... .......... 91% 13.8M 2s
397550K .......... .......... .......... .......... .......... 91% 92.8M 2s
397600K .......... .......... .......... .......... .......... 91% 77.5M 2s
397650K .......... .......... .......... .......... .......... 91% 86.0M 2s
397700K .......... .......... .......... .......... .......... 91% 96.4M 2s
397750K .......... .......... .......... .......... .......... 91% 76.5M 2s
397800K .......... .......... .......... .......... .......... 91% 83.8M 2s
397850K .......... .......... .......... .......... .......... 91% 86.4M 2s
397900K .......... .......... .......... .......... .......... 91% 86.4M 2s
397950K .......... .......... .......... .......... .......... 91% 84.0M 2s
398000K .......... .......... .......... .......... .......... 91% 52.8M 2s
398050K .......... .......... .......... .......... .......... 91%  108M 2s
398100K .......... .......... .......... .......... .......... 91% 37.3M 2s
398150K .......... .......... .......... .......... .......... 91% 53.5M 2s
398200K .......... .......... .......... .......... .......... 91% 25.1M 2s
398250K .......... .......... .......... .......... .......... 91% 16.0M 2s
398300K .......... .......... .......... .......... .......... 91% 27.3M 2s
398350K .......... .......... .......... .......... .......... 91% 16.7M 2s
398400K .......... .......... .......... .......... .......... 91% 7.38M 2s
398450K .......... .......... .......... .......... .......... 91% 7.22M 2s
398500K .......... .......... .......... .......... .......... 91% 5.44M 2s
398550K .......... .......... .......... .......... .......... 91% 11.2M 2s
398600K .......... .......... .......... .......... .......... 91% 93.0M 2s
398650K .......... .......... .......... .......... .......... 91% 10.6M 2s
398700K .......... .......... .......... .......... .......... 91% 25.2M 2s
398750K .......... .......... .......... .......... .......... 91% 32.6M 2s
398800K .......... .......... .......... .......... .......... 91% 42.7M 2s
398850K .......... .......... .......... .......... .......... 91% 63.0M 2s
398900K .......... .......... .......... .......... .......... 91%  108M 2s
398950K .......... .......... .......... .......... .......... 91%  103M 2s
399000K .......... .......... .......... .......... .......... 91%  119M 2s
399050K .......... .......... .......... .......... .......... 91% 50.1M 2s
399100K .......... .......... .......... .......... .......... 91% 33.4M 2s
399150K .......... .......... .......... .......... .......... 91% 37.2M 2s
399200K .......... .......... .......... .......... .......... 91% 24.9M 2s
399250K .......... .......... .......... .......... .......... 91% 9.79M 2s
399300K .......... .......... .......... .......... .......... 91% 15.0M 2s
399350K .......... .......... .......... .......... .......... 91% 87.6M 2s
399400K .......... .......... .......... .......... .......... 91% 82.1M 2s
399450K .......... .......... .......... .......... .......... 91% 86.7M 2s
399500K .......... .......... .......... .......... .......... 91% 91.0M 2s
399550K .......... .......... .......... .......... .......... 91% 79.8M 2s
399600K .......... .......... .......... .......... .......... 91% 63.6M 2s
399650K .......... .......... .......... .......... .......... 91%  116M 2s
399700K .......... .......... .......... .......... .......... 91% 76.6M 2s
399750K .......... .......... .......... .......... .......... 91% 73.8M 2s
399800K .......... .......... .......... .......... .......... 91% 83.3M 2s
399850K .......... .......... .......... .......... .......... 91%  107M 2s
399900K .......... .......... .......... .......... .......... 91% 76.6M 2s
399950K .......... .......... .......... .......... .......... 91% 43.1M 2s
400000K .......... .......... .......... .......... .......... 91% 19.8M 2s
400050K .......... .......... .......... .......... .......... 91% 16.6M 2s
400100K .......... .......... .......... .......... .......... 91% 15.4M 2s
400150K .......... .......... .......... .......... .......... 91% 19.1M 2s
400200K .......... .......... .......... .......... .......... 91% 13.6M 2s
400250K .......... .......... .......... .......... .......... 91% 6.12M 2s
400300K .......... .......... .......... .......... .......... 91% 9.79M 2s
400350K .......... .......... .......... .......... .......... 91% 6.61M 2s
400400K .......... .......... .......... .......... .......... 91% 9.81M 2s
400450K .......... .......... .......... .......... .......... 91% 15.6M 2s
400500K .......... .......... .......... .......... .......... 91% 36.4M 2s
400550K .......... .......... .......... .......... .......... 91% 36.2M 2s
400600K .......... .......... .......... .......... .......... 91% 59.2M 2s
400650K .......... .......... .......... .......... .......... 91% 47.7M 2s
400700K .......... .......... .......... .......... .......... 91%  113M 2s
400750K .......... .......... .......... .......... .......... 91%  111M 2s
400800K .......... .......... .......... .......... .......... 91% 86.5M 2s
400850K .......... .......... .......... .......... .......... 91% 44.5M 2s
400900K .......... .......... .......... .......... .......... 91% 32.7M 2s
400950K .......... .......... .......... .......... .......... 91% 34.1M 2s
401000K .......... .......... .......... .......... .......... 91% 27.5M 2s
401050K .......... .......... .......... .......... .......... 91% 15.7M 2s
401100K .......... .......... .......... .......... .......... 91% 11.5M 2s
401150K .......... .......... .......... .......... .......... 91%  104M 2s
401200K .......... .......... .......... .......... .......... 91% 60.1M 2s
401250K .......... .......... .......... .......... .......... 91% 78.7M 2s
401300K .......... .......... .......... .......... .......... 91%  108M 2s
401350K .......... .......... .......... .......... .......... 91% 73.9M 2s
401400K .......... .......... .......... .......... .......... 91% 79.4M 2s
401450K .......... .......... .......... .......... .......... 91%  114M 2s
401500K .......... .......... .......... .......... .......... 91% 92.1M 2s
401550K .......... .......... .......... .......... .......... 91% 75.1M 2s
401600K .......... .......... .......... .......... .......... 91% 55.3M 2s
401650K .......... .......... .......... .......... .......... 91% 63.7M 2s
401700K .......... .......... .......... .......... .......... 91% 23.5M 2s
401750K .......... .......... .......... .......... .......... 91% 41.9M 2s
401800K .......... .......... .......... .......... .......... 92% 33.6M 2s
401850K .......... .......... .......... .......... .......... 92% 18.2M 2s
401900K .......... .......... .......... .......... .......... 92% 18.4M 2s
401950K .......... .......... .......... .......... .......... 92% 16.7M 2s
402000K .......... .......... .......... .......... .......... 92% 8.07M 2s
402050K .......... .......... .......... .......... .......... 92% 8.81M 2s
402100K .......... .......... .......... .......... .......... 92% 16.9M 2s
402150K .......... .......... .......... .......... .......... 92% 6.03M 2s
402200K .......... .......... .......... .......... .......... 92% 14.3M 2s
402250K .......... .......... .......... .......... .......... 92% 11.3M 2s
402300K .......... .......... .......... .......... .......... 92% 31.8M 2s
402350K .......... .......... .......... .......... .......... 92% 36.5M 2s
402400K .......... .......... .......... .......... .......... 92% 43.7M 2s
402450K .......... .......... .......... .......... .......... 92% 67.7M 2s
402500K .......... .......... .......... .......... .......... 92% 83.6M 2s
402550K .......... .......... .......... .......... .......... 92% 92.3M 2s
402600K .......... .......... .......... .......... .......... 92%  111M 2s
402650K .......... .......... .......... .......... .......... 92% 49.1M 2s
402700K .......... .......... .......... .......... .......... 92% 44.3M 2s
402750K .......... .......... .......... .......... .......... 92% 16.1M 2s
402800K .......... .......... .......... .......... .......... 92% 16.4M 2s
402850K .......... .......... .......... .......... .......... 92% 14.9M 2s
402900K .......... .......... .......... .......... .......... 92% 11.8M 2s
402950K .......... .......... .......... .......... .......... 92% 92.7M 2s
403000K .......... .......... .......... .......... .......... 92% 63.2M 2s
403050K .......... .......... .......... .......... .......... 92% 63.2M 2s
403100K .......... .......... .......... .......... .......... 92% 93.1M 2s
403150K .......... .......... .......... .......... .......... 92% 79.0M 2s
403200K .......... .......... .......... .......... .......... 92% 62.7M 2s
403250K .......... .......... .......... .......... .......... 92%  107M 2s
403300K .......... .......... .......... .......... .......... 92% 70.8M 1s
403350K .......... .......... .......... .......... .......... 92%  109M 1s
403400K .......... .......... .......... .......... .......... 92% 92.0M 1s
403450K .......... .......... .......... .......... .......... 92% 71.9M 1s
403500K .......... .......... .......... .......... .......... 92%  105M 1s
403550K .......... .......... .......... .......... .......... 92% 35.6M 1s
403600K .......... .......... .......... .......... .......... 92% 28.8M 1s
403650K .......... .......... .......... .......... .......... 92% 18.8M 1s
403700K .......... .......... .......... .......... .......... 92% 14.6M 1s
403750K .......... .......... .......... .......... .......... 92% 15.6M 1s
403800K .......... .......... .......... .......... .......... 92% 28.3M 1s
403850K .......... .......... .......... .......... .......... 92% 10.9M 1s
403900K .......... .......... .......... .......... .......... 92% 7.13M 1s
403950K .......... .......... .......... .......... .......... 92% 8.91M 1s
404000K .......... .......... .......... .......... .......... 92% 6.96M 1s
404050K .......... .......... .......... .......... .......... 92% 10.7M 1s
404100K .......... .......... .......... .......... .......... 92% 51.9M 1s
404150K .......... .......... .......... .......... .......... 92% 26.1M 1s
404200K .......... .......... .......... .......... .......... 92% 62.0M 1s
404250K .......... .......... .......... .......... .......... 92% 51.8M 1s
404300K .......... .......... .......... .......... .......... 92% 83.3M 1s
404350K .......... .......... .......... .......... .......... 92% 88.7M 1s
404400K .......... .......... .......... .......... .......... 92% 78.3M 1s
404450K .......... .......... .......... .......... .......... 92% 53.5M 1s
404500K .......... .......... .......... .......... .......... 92% 46.8M 1s
404550K .......... .......... .......... .......... .......... 92% 29.1M 1s
404600K .......... .......... .......... .......... .......... 92% 21.8M 1s
404650K .......... .......... .......... .......... .......... 92% 84.0M 1s
404700K .......... .......... .......... .......... .......... 92% 12.3M 1s
404750K .......... .......... .......... .......... .......... 92% 15.5M 1s
404800K .......... .......... .......... .......... .......... 92% 82.0M 1s
404850K .......... .......... .......... .......... .......... 92% 63.4M 1s
404900K .......... .......... .......... .......... .......... 92% 81.9M 1s
404950K .......... .......... .......... .......... .......... 92% 86.3M 1s
405000K .......... .......... .......... .......... .......... 92% 84.5M 1s
405050K .......... .......... .......... .......... .......... 92% 66.6M 1s
405100K .......... .......... .......... .......... .......... 92%  112M 1s
405150K .......... .......... .......... .......... .......... 92% 89.4M 1s
405200K .......... .......... .......... .......... .......... 92% 86.0M 1s
405250K .......... .......... .......... .......... .......... 92% 63.0M 1s
405300K .......... .......... .......... .......... .......... 92%  113M 1s
405350K .......... .......... .......... .......... .......... 92% 37.3M 1s
405400K .......... .......... .......... .......... .......... 92% 50.9M 1s
405450K .......... .......... .......... .......... .......... 92% 24.0M 1s
405500K .......... .......... .......... .......... .......... 92% 17.2M 1s
405550K .......... .......... .......... .......... .......... 92% 17.6M 1s
405600K .......... .......... .......... .......... .......... 92% 15.1M 1s
405650K .......... .......... .......... .......... .......... 92% 10.9M 1s
405700K .......... .......... .......... .......... .......... 92% 9.76M 1s
405750K .......... .......... .......... .......... .......... 92% 6.64M 1s
405800K .......... .......... .......... .......... .......... 92% 6.06M 1s
405850K .......... .......... .......... .......... .......... 92% 23.2M 1s
405900K .......... .......... .......... .......... .......... 92% 16.9M 1s
405950K .......... .......... .......... .......... .......... 92% 30.0M 1s
406000K .......... .......... .......... .......... .......... 92% 40.7M 1s
406050K .......... .......... .......... .......... .......... 92% 59.0M 1s
406100K .......... .......... .......... .......... .......... 92% 55.0M 1s
406150K .......... .......... .......... .......... .......... 93%  113M 1s
406200K .......... .......... .......... .......... .......... 93% 89.6M 1s
406250K .......... .......... .......... .......... .......... 93% 68.8M 1s
406300K .......... .......... .......... .......... .......... 93% 42.6M 1s
406350K .......... .......... .......... .......... .......... 93% 50.9M 1s
406400K .......... .......... .......... .......... .......... 93% 27.3M 1s
406450K .......... .......... .......... .......... .......... 93% 27.5M 1s
406500K .......... .......... .......... .......... .......... 93% 14.7M 1s
406550K .......... .......... .......... .......... .......... 93% 12.0M 1s
406600K .......... .......... .......... .......... .......... 93% 99.0M 1s
406650K .......... .......... .......... .......... .......... 93% 84.7M 1s
406700K .......... .......... .......... .......... .......... 93% 66.4M 1s
406750K .......... .......... .......... .......... .......... 93%  114M 1s
406800K .......... .......... .......... .......... .......... 93% 52.3M 1s
406850K .......... .......... .......... .......... .......... 93% 82.8M 1s
406900K .......... .......... .......... .......... .......... 93%  112M 1s
406950K .......... .......... .......... .......... .......... 93% 95.1M 1s
407000K .......... .......... .......... .......... .......... 93% 92.5M 1s
407050K .......... .......... .......... .......... .......... 93%  113M 1s
407100K .......... .......... .......... .......... .......... 93% 53.7M 1s
407150K .......... .......... .......... .......... .......... 93%  109M 1s
407200K .......... .......... .......... .......... .......... 93% 27.9M 1s
407250K .......... .......... .......... .......... .......... 93% 42.3M 1s
407300K .......... .......... .......... .......... .......... 93% 20.5M 1s
407350K .......... .......... .......... .......... .......... 93% 12.4M 1s
407400K .......... .......... .......... .......... .......... 93% 17.8M 1s
407450K .......... .......... .......... .......... .......... 93% 22.6M 1s
407500K .......... .......... .......... .......... .......... 93% 12.3M 1s
407550K .......... .......... .......... .......... .......... 93% 5.14M 1s
407600K .......... .......... .......... .......... .......... 93% 6.42M 1s
407650K .......... .......... .......... .......... .......... 93% 13.9M 1s
407700K .......... .......... .......... .......... .......... 93% 11.9M 1s
407750K .......... .......... .......... .......... .......... 93% 29.4M 1s
407800K .......... .......... .......... .......... .......... 93% 35.4M 1s
407850K .......... .......... .......... .......... .......... 93% 60.4M 1s
407900K .......... .......... .......... .......... .......... 93% 50.7M 1s
407950K .......... .......... .......... .......... .......... 93%  107M 1s
408000K .......... .......... .......... .......... .......... 93% 98.4M 1s
408050K .......... .......... .......... .......... .......... 93% 91.2M 1s
408100K .......... .......... .......... .......... .......... 93% 39.9M 1s
408150K .......... .......... .......... .......... .......... 93% 70.7M 1s
408200K .......... .......... .......... .......... .......... 93% 28.3M 1s
408250K .......... .......... .......... .......... .......... 93% 22.7M 1s
408300K .......... .......... .......... .......... .......... 93% 64.5M 1s
408350K .......... .......... .......... .......... .......... 93% 15.5M 1s
408400K .......... .......... .......... .......... .......... 93% 10.6M 1s
408450K .......... .......... .......... .......... .......... 93% 82.7M 1s
408500K .......... .......... .......... .......... .......... 93% 84.2M 1s
408550K .......... .......... .......... .......... .......... 93%  101M 1s
408600K .......... .......... .......... .......... .......... 93% 76.3M 1s
408650K .......... .......... .......... .......... .......... 93% 83.9M 1s
408700K .......... .......... .......... .......... .......... 93% 75.4M 1s
408750K .......... .......... .......... .......... .......... 93%  112M 1s
408800K .......... .......... .......... .......... .......... 93% 43.2M 1s
408850K .......... .......... .......... .......... .......... 93%  105M 1s
408900K .......... .......... .......... .......... .......... 93% 56.4M 1s
408950K .......... .......... .......... .......... .......... 93%  109M 1s
409000K .......... .......... .......... .......... .......... 93% 38.8M 1s
409050K .......... .......... .......... .......... .......... 93% 62.3M 1s
409100K .......... .......... .......... .......... .......... 93% 24.4M 1s
409150K .......... .......... .......... .......... .......... 93% 22.2M 1s
409200K .......... .......... .......... .......... .......... 93% 11.7M 1s
409250K .......... .......... .......... .......... .......... 93% 16.2M 1s
409300K .......... .......... .......... .......... .......... 93% 18.2M 1s
409350K .......... .......... .......... .......... .......... 93% 8.59M 1s
409400K .......... .......... .......... .......... .......... 93% 8.42M 1s
409450K .......... .......... .......... .......... .......... 93% 6.86M 1s
409500K .......... .......... .......... .......... .......... 93% 10.5M 1s
409550K .......... .......... .......... .......... .......... 93% 16.9M 1s
409600K .......... .......... .......... .......... .......... 93% 26.8M 1s
409650K .......... .......... .......... .......... .......... 93% 46.9M 1s
409700K .......... .......... .......... .......... .......... 93% 67.7M 1s
409750K .......... .......... .......... .......... .......... 93% 51.7M 1s
409800K .......... .......... .......... .......... .......... 93%  123M 1s
409850K .......... .......... .......... .......... .......... 93%  105M 1s
409900K .......... .......... .......... .......... .......... 93% 78.9M 1s
409950K .......... .......... .......... .......... .......... 93% 45.1M 1s
410000K .......... .......... .......... .......... .......... 93% 35.9M 1s
410050K .......... .......... .......... .......... .......... 93% 32.5M 1s
410100K .......... .......... .......... .......... .......... 93% 23.0M 1s
410150K .......... .......... .......... .......... .......... 93% 91.2M 1s
410200K .......... .......... .......... .......... .......... 93% 10.4M 1s
410250K .......... .......... .......... .......... .......... 93% 13.5M 1s
410300K .......... .......... .......... .......... .......... 93% 86.7M 1s
410350K .......... .......... .......... .......... .......... 93% 62.0M 1s
410400K .......... .......... .......... .......... .......... 93% 66.5M 1s
410450K .......... .......... .......... .......... .......... 93% 82.3M 1s
410500K .......... .......... .......... .......... .......... 93% 84.8M 1s
410550K .......... .......... .......... .......... .......... 94% 99.3M 1s
410600K .......... .......... .......... .......... .......... 94% 76.2M 1s
410650K .......... .......... .......... .......... .......... 94% 94.3M 1s
410700K .......... .......... .......... .......... .......... 94%  108M 1s
410750K .......... .......... .......... .......... .......... 94% 58.3M 1s
410800K .......... .......... .......... .......... .......... 94% 77.3M 1s
410850K .......... .......... .......... .......... .......... 94% 33.2M 1s
410900K .......... .......... .......... .......... .......... 94% 22.2M 1s
410950K .......... .......... .......... .......... .......... 94% 22.7M 1s
411000K .......... .......... .......... .......... .......... 94% 17.5M 1s
411050K .......... .......... .......... .......... .......... 94% 15.3M 1s
411100K .......... .......... .......... .......... .......... 94% 19.6M 1s
411150K .......... .......... .......... .......... .......... 94% 31.2M 1s
411200K .......... .......... .......... .......... .......... 94% 6.46M 1s
411250K .......... .......... .......... .......... .......... 94% 7.56M 1s
411300K .......... .......... .......... .......... .......... 94% 6.45M 1s
411350K .......... .......... .......... .......... .......... 94% 13.8M 1s
411400K .......... .......... .......... .......... .......... 94% 24.2M 1s
411450K .......... .......... .......... .......... .......... 94% 57.6M 1s
411500K .......... .......... .......... .......... .......... 94% 38.5M 1s
411550K .......... .......... .......... .......... .......... 94% 74.0M 1s
411600K .......... .......... .......... .......... .......... 94% 47.7M 1s
411650K .......... .......... .......... .......... .......... 94%  118M 1s
411700K .......... .......... .......... .......... .......... 94% 74.7M 1s
411750K .......... .......... .......... .......... .......... 94% 83.9M 1s
411800K .......... .......... .......... .......... .......... 94% 41.7M 1s
411850K .......... .......... .......... .......... .......... 94% 72.6M 1s
411900K .......... .......... .......... .......... .......... 94% 20.2M 1s
411950K .......... .......... .......... .......... .......... 94% 22.3M 1s
412000K .......... .......... .......... .......... .......... 94% 19.3M 1s
412050K .......... .......... .......... .......... .......... 94% 12.5M 1s
412100K .......... .......... .......... .......... .......... 94% 20.7M 1s
412150K .......... .......... .......... .......... .......... 94% 67.0M 1s
412200K .......... .......... .......... .......... .......... 94%  119M 1s
412250K .......... .......... .......... .......... .......... 94% 88.8M 1s
412300K .......... .......... .......... .......... .......... 94% 63.6M 1s
412350K .......... .......... .......... .......... .......... 94% 84.1M 1s
412400K .......... .......... .......... .......... .......... 94% 89.4M 1s
412450K .......... .......... .......... .......... .......... 94% 75.1M 1s
412500K .......... .......... .......... .......... .......... 94%  106M 1s
412550K .......... .......... .......... .......... .......... 94% 60.1M 1s
412600K .......... .......... .......... .......... .......... 94%  108M 1s
412650K .......... .......... .......... .......... .......... 94% 37.0M 1s
412700K .......... .......... .......... .......... .......... 94% 79.5M 1s
412750K .......... .......... .......... .......... .......... 94% 30.8M 1s
412800K .......... .......... .......... .......... .......... 94% 14.0M 1s
412850K .......... .......... .......... .......... .......... 94% 18.4M 1s
412900K .......... .......... .......... .......... .......... 94% 17.1M 1s
412950K .......... .......... .......... .......... .......... 94% 20.3M 1s
413000K .......... .......... .......... .......... .......... 94% 12.9M 1s
413050K .......... .......... .......... .......... .......... 94% 11.4M 1s
413100K .......... .......... .......... .......... .......... 94% 7.88M 1s
413150K .......... .......... .......... .......... .......... 94% 6.34M 1s
413200K .......... .......... .......... .......... .......... 94% 10.0M 1s
413250K .......... .......... .......... .......... .......... 94% 38.0M 1s
413300K .......... .......... .......... .......... .......... 94% 32.9M 1s
413350K .......... .......... .......... .......... .......... 94% 69.3M 1s
413400K .......... .......... .......... .......... .......... 94% 50.9M 1s
413450K .......... .......... .......... .......... .......... 94%  107M 1s
413500K .......... .......... .......... .......... .......... 94%  120M 1s
413550K .......... .......... .......... .......... .......... 94% 64.5M 1s
413600K .......... .......... .......... .......... .......... 94% 41.4M 1s
413650K .......... .......... .......... .......... .......... 94% 77.1M 1s
413700K .......... .......... .......... .......... .......... 94% 28.9M 1s
413750K .......... .......... .......... .......... .......... 94% 22.3M 1s
413800K .......... .......... .......... .......... .......... 94% 51.5M 1s
413850K .......... .......... .......... .......... .......... 94% 12.7M 1s
413900K .......... .......... .......... .......... .......... 94% 13.5M 1s
413950K .......... .......... .......... .......... .......... 94% 94.8M 1s
414000K .......... .......... .......... .......... .......... 94% 59.0M 1s
414050K .......... .......... .......... .......... .......... 94%  110M 1s
414100K .......... .......... .......... .......... .......... 94% 58.0M 1s
414150K .......... .......... .......... .......... .......... 94% 85.7M 1s
414200K .......... .......... .......... .......... .......... 94%  110M 1s
414250K .......... .......... .......... .......... .......... 94% 96.1M 1s
414300K .......... .......... .......... .......... .......... 94% 92.7M 1s
414350K .......... .......... .......... .......... .......... 94%  112M 1s
414400K .......... .......... .......... .......... .......... 94% 49.7M 1s
414450K .......... .......... .......... .......... .......... 94%  112M 1s
414500K .......... .......... .......... .......... .......... 94% 34.6M 1s
414550K .......... .......... .......... .......... .......... 94% 41.8M 1s
414600K .......... .......... .......... .......... .......... 94% 19.1M 1s
414650K .......... .......... .......... .......... .......... 94% 27.6M 1s
414700K .......... .......... .......... .......... .......... 94% 18.5M 1s
414750K .......... .......... .......... .......... .......... 94% 18.0M 1s
414800K .......... .......... .......... .......... .......... 94% 11.4M 1s
414850K .......... .......... .......... .......... .......... 94% 13.4M 1s
414900K .......... .......... .......... .......... .......... 95% 6.99M 1s
414950K .......... .......... .......... .......... .......... 95% 15.5M 1s
415000K .......... .......... .......... .......... .......... 95% 6.18M 1s
415050K .......... .......... .......... .......... .......... 95% 16.7M 1s
415100K .......... .......... .......... .......... .......... 95% 17.4M 1s
415150K .......... .......... .......... .......... .......... 95% 35.1M 1s
415200K .......... .......... .......... .......... .......... 95% 42.3M 1s
415250K .......... .......... .......... .......... .......... 95% 85.0M 1s
415300K .......... .......... .......... .......... .......... 95% 84.5M 1s
415350K .......... .......... .......... .......... .......... 95% 98.5M 1s
415400K .......... .......... .......... .......... .......... 95% 95.6M 1s
415450K .......... .......... .......... .......... .......... 95% 43.4M 1s
415500K .......... .......... .......... .......... .......... 95% 69.3M 1s
415550K .......... .......... .......... .......... .......... 95% 25.0M 1s
415600K .......... .......... .......... .......... .......... 95% 19.8M 1s
415650K .......... .......... .......... .......... .......... 95% 50.4M 1s
415700K .......... .......... .......... .......... .......... 95% 9.75M 1s
415750K .......... .......... .......... .......... .......... 95% 19.8M 1s
415800K .......... .......... .......... .......... .......... 95% 33.8M 1s
415850K .......... .......... .......... .......... .......... 95% 92.1M 1s
415900K .......... .......... .......... .......... .......... 95% 93.5M 1s
415950K .......... .......... .......... .......... .......... 95% 61.8M 1s
416000K .......... .......... .......... .......... .......... 95% 62.9M 1s
416050K .......... .......... .......... .......... .......... 95%  125M 1s
416100K .......... .......... .......... .......... .......... 95% 90.2M 1s
416150K .......... .......... .......... .......... .......... 95% 96.9M 1s
416200K .......... .......... .......... .......... .......... 95%  128M 1s
416250K .......... .......... .......... .......... .......... 95% 39.4M 1s
416300K .......... .......... .......... .......... .......... 95%  127M 1s
416350K .......... .......... .......... .......... .......... 95% 35.8M 1s
416400K .......... .......... .......... .......... .......... 95% 43.9M 1s
416450K .......... .......... .......... .......... .......... 95% 15.4M 1s
416500K .......... .......... .......... .......... .......... 95% 37.3M 1s
416550K .......... .......... .......... .......... .......... 95% 18.0M 1s
416600K .......... .......... .......... .......... .......... 95% 16.6M 1s
416650K .......... .......... .......... .......... .......... 95% 20.5M 1s
416700K .......... .......... .......... .......... .......... 95% 12.4M 1s
416750K .......... .......... .......... .......... .......... 95% 8.61M 1s
416800K .......... .......... .......... .......... .......... 95% 8.19M 1s
416850K .......... .......... .......... .......... .......... 95% 6.05M 1s
416900K .......... .......... .......... .......... .......... 95% 15.6M 1s
416950K .......... .......... .......... .......... .......... 95% 26.7M 1s
417000K .......... .......... .......... .......... .......... 95% 46.9M 1s
417050K .......... .......... .......... .......... .......... 95% 60.2M 1s
417100K .......... .......... .......... .......... .......... 95% 62.9M 1s
417150K .......... .......... .......... .......... .......... 95% 85.8M 1s
417200K .......... .......... .......... .......... .......... 95% 84.8M 1s
417250K .......... .......... .......... .......... .......... 95%  121M 1s
417300K .......... .......... .......... .......... .......... 95% 43.5M 1s
417350K .......... .......... .......... .......... .......... 95%  108M 1s
417400K .......... .......... .......... .......... .......... 95% 25.0M 1s
417450K .......... .......... .......... .......... .......... 95% 21.8M 1s
417500K .......... .......... .......... .......... .......... 95%  105M 1s
417550K .......... .......... .......... .......... .......... 95% 19.3M 1s
417600K .......... .......... .......... .......... .......... 95% 9.15M 1s
417650K .......... .......... .......... .......... .......... 95% 63.7M 1s
417700K .......... .......... .......... .......... .......... 95%  107M 1s
417750K .......... .......... .......... .......... .......... 95%  100M 1s
417800K .......... .......... .......... .......... .......... 95% 63.3M 1s
417850K .......... .......... .......... .......... .......... 95% 81.7M 1s
417900K .......... .......... .......... .......... .......... 95%  120M 1s
417950K .......... .......... .......... .......... .......... 95% 67.0M 1s
418000K .......... .......... .......... .......... .......... 95% 94.4M 1s
418050K .......... .......... .......... .......... .......... 95% 25.4M 1s
418100K .......... .......... .......... .......... .......... 95% 51.2M 1s
418150K .......... .......... .......... .......... .......... 95% 84.1M 1s
418200K .......... .......... .......... .......... .......... 95% 33.3M 1s
418250K .......... .......... .......... .......... .......... 95%  110M 1s
418300K .......... .......... .......... .......... .......... 95% 25.8M 1s
418350K .......... .......... .......... .......... .......... 95% 16.4M 1s
418400K .......... .......... .......... .......... .......... 95% 14.3M 1s
418450K .......... .......... .......... .......... .......... 95% 16.8M 1s
418500K .......... .......... .......... .......... .......... 95% 18.0M 1s
418550K .......... .......... .......... .......... .......... 95% 18.9M 1s
418600K .......... .......... .......... .......... .......... 95% 8.92M 1s
418650K .......... .......... .......... .......... .......... 95% 7.38M 1s
418700K .......... .......... .......... .......... .......... 95% 8.10M 1s
418750K .......... .......... .......... .......... .......... 95% 13.0M 1s
418800K .......... .......... .......... .......... .......... 95% 15.4M 1s
418850K .......... .......... .......... .......... .......... 95% 40.9M 1s
418900K .......... .......... .......... .......... .......... 95% 51.3M 1s
418950K .......... .......... .......... .......... .......... 95% 85.1M 1s
419000K .......... .......... .......... .......... .......... 95% 97.5M 1s
419050K .......... .......... .......... .......... .......... 95% 76.3M 1s
419100K .......... .......... .......... .......... .......... 95%  116M 1s
419150K .......... .......... .......... .......... .......... 95% 60.1M 1s
419200K .......... .......... .......... .......... .......... 95% 56.5M 1s
419250K .......... .......... .......... .......... .......... 96% 25.6M 1s
419300K .......... .......... .......... .......... .......... 96% 16.4M 1s
419350K .......... .......... .......... .......... .......... 96% 55.2M 1s
419400K .......... .......... .......... .......... .......... 96% 12.4M 1s
419450K .......... .......... .......... .......... .......... 96% 15.6M 1s
419500K .......... .......... .......... .......... .......... 96% 42.1M 1s
419550K .......... .......... .......... .......... .......... 96%  110M 1s
419600K .......... .......... .......... .......... .......... 96% 67.7M 1s
419650K .......... .......... .......... .......... .......... 96% 61.2M 1s
419700K .......... .......... .......... .......... .......... 96% 97.4M 1s
419750K .......... .......... .......... .......... .......... 96%  109M 1s
419800K .......... .......... .......... .......... .......... 96% 84.9M 1s
419850K .......... .......... .......... .......... .......... 96%  107M 1s
419900K .......... .......... .......... .......... .......... 96% 70.2M 1s
419950K .......... .......... .......... .......... .......... 96% 82.9M 1s
420000K .......... .......... .......... .......... .......... 96% 51.2M 1s
420050K .......... .......... .......... .......... .......... 96% 33.5M 1s
420100K .......... .......... .......... .......... .......... 96% 87.6M 1s
420150K .......... .......... .......... .......... .......... 96% 26.1M 1s
420200K .......... .......... .......... .......... .......... 96% 16.1M 1s
420250K .......... .......... .......... .......... .......... 96% 31.9M 1s
420300K .......... .......... .......... .......... .......... 96% 13.1M 1s
420350K .......... .......... .......... .......... .......... 96% 20.2M 1s
420400K .......... .......... .......... .......... .......... 96% 11.1M 1s
420450K .......... .......... .......... .......... .......... 96% 11.0M 1s
420500K .......... .......... .......... .......... .......... 96% 7.88M 1s
420550K .......... .......... .......... .......... .......... 96% 8.53M 1s
420600K .......... .......... .......... .......... .......... 96% 8.97M 1s
420650K .......... .......... .......... .......... .......... 96% 22.2M 1s
420700K .......... .......... .......... .......... .......... 96% 18.0M 1s
420750K .......... .......... .......... .......... .......... 96% 52.1M 1s
420800K .......... .......... .......... .......... .......... 96% 62.8M 1s
420850K .......... .......... .......... .......... .......... 96%  118M 1s
420900K .......... .......... .......... .......... .......... 96%  106M 1s
420950K .......... .......... .......... .......... .......... 96%  109M 1s
421000K .......... .......... .......... .......... .......... 96% 47.5M 1s
421050K .......... .......... .......... .......... .......... 96% 69.5M 1s
421100K .......... .......... .......... .......... .......... 96% 29.7M 1s
421150K .......... .......... .......... .......... .......... 96% 20.1M 1s
421200K .......... .......... .......... .......... .......... 96% 47.5M 1s
421250K .......... .......... .......... .......... .......... 96% 11.9M 1s
421300K .......... .......... .......... .......... .......... 96% 15.0M 1s
421350K .......... .......... .......... .......... .......... 96% 48.5M 1s
421400K .......... .......... .......... .......... .......... 96%  100M 1s
421450K .......... .......... .......... .......... .......... 96% 75.0M 1s
421500K .......... .......... .......... .......... .......... 96% 63.6M 1s
421550K .......... .......... .......... .......... .......... 96%  105M 1s
421600K .......... .......... .......... .......... .......... 96% 85.4M 1s
421650K .......... .......... .......... .......... .......... 96% 77.3M 1s
421700K .......... .......... .......... .......... .......... 96%  121M 1s
421750K .......... .......... .......... .......... .......... 96%  115M 1s
421800K .......... .......... .......... .......... .......... 96% 54.0M 1s
421850K .......... .......... .......... .......... .......... 96% 74.7M 1s
421900K .......... .......... .......... .......... .......... 96% 36.7M 1s
421950K .......... .......... .......... .......... .......... 96% 68.5M 1s
422000K .......... .......... .......... .......... .......... 96% 47.0M 1s
422050K .......... .......... .......... .......... .......... 96% 15.8M 1s
422100K .......... .......... .......... .......... .......... 96% 20.0M 1s
422150K .......... .......... .......... .......... .......... 96% 13.5M 1s
422200K .......... .......... .......... .......... .......... 96% 17.7M 1s
422250K .......... .......... .......... .......... .......... 96% 16.4M 1s
422300K .......... .......... .......... .......... .......... 96% 11.8M 1s
422350K .......... .......... .......... .......... .......... 96% 11.6M 1s
422400K .......... .......... .......... .......... .......... 96% 5.71M 1s
422450K .......... .......... .......... .......... .......... 96% 9.25M 1s
422500K .......... .......... .......... .......... .......... 96% 23.5M 1s
422550K .......... .......... .......... .......... .......... 96% 22.8M 1s
422600K .......... .......... .......... .......... .......... 96% 64.1M 1s
422650K .......... .......... .......... .......... .......... 96%  109M 1s
422700K .......... .......... .......... .......... .......... 96% 68.0M 1s
422750K .......... .......... .......... .......... .......... 96% 96.8M 1s
422800K .......... .......... .......... .......... .......... 96% 93.2M 1s
422850K .......... .......... .......... .......... .......... 96% 45.3M 1s
422900K .......... .......... .......... .......... .......... 96% 84.1M 1s
422950K .......... .......... .......... .......... .......... 96% 63.8M 1s
423000K .......... .......... .......... .......... .......... 96% 35.2M 1s
423050K .......... .......... .......... .......... .......... 96% 21.3M 1s
423100K .......... .......... .......... .......... .......... 96% 19.8M 1s
423150K .......... .......... .......... .......... .......... 96% 11.1M 1s
423200K .......... .......... .......... .......... .......... 96% 44.9M 1s
423250K .......... .......... .......... .......... .......... 96%  118M 1s
423300K .......... .......... .......... .......... .......... 96% 58.3M 1s
423350K .......... .......... .......... .......... .......... 96% 74.9M 1s
423400K .......... .......... .......... .......... .......... 96% 63.3M 1s
423450K .......... .......... .......... .......... .......... 96%  110M 1s
423500K .......... .......... .......... .......... .......... 96% 94.3M 1s
423550K .......... .......... .......... .......... .......... 96% 85.9M 1s
423600K .......... .......... .......... .......... .......... 96% 84.9M 1s
423650K .......... .......... .......... .......... .......... 97% 57.1M 1s
423700K .......... .......... .......... .......... .......... 97% 97.3M 1s
423750K .......... .......... .......... .......... .......... 97% 32.9M 1s
423800K .......... .......... .......... .......... .......... 97% 69.9M 1s
423850K .......... .......... .......... .......... .......... 97% 33.9M 1s
423900K .......... .......... .......... .......... .......... 97% 18.5M 1s
423950K .......... .......... .......... .......... .......... 97% 24.2M 1s
424000K .......... .......... .......... .......... .......... 97% 10.2M 1s
424050K .......... .......... .......... .......... .......... 97% 24.8M 1s
424100K .......... .......... .......... .......... .......... 97% 13.7M 1s
424150K .......... .......... .......... .......... .......... 97% 12.2M 1s
424200K .......... .......... .......... .......... .......... 97% 11.1M 1s
424250K .......... .......... .......... .......... .......... 97% 11.6M 1s
424300K .......... .......... .......... .......... .......... 97% 6.00M 1s
424350K .......... .......... .......... .......... .......... 97% 15.7M 1s
424400K .......... .......... .......... .......... .......... 97% 19.5M 1s
424450K .......... .......... .......... .......... .......... 97% 88.1M 1s
424500K .......... .......... .......... .......... .......... 97% 65.1M 1s
424550K .......... .......... .......... .......... .......... 97% 74.4M 1s
424600K .......... .......... .......... .......... .......... 97%  112M 1s
424650K .......... .......... .......... .......... .......... 97%  119M 1s
424700K .......... .......... .......... .......... .......... 97% 77.9M 1s
424750K .......... .......... .......... .......... .......... 97% 57.9M 1s
424800K .......... .......... .......... .......... .......... 97% 58.3M 1s
424850K .......... .......... .......... .......... .......... 97% 28.8M 1s
424900K .......... .......... .......... .......... .......... 97% 22.3M 1s
424950K .......... .......... .......... .......... .......... 97% 19.4M 1s
425000K .......... .......... .......... .......... .......... 97% 11.7M 1s
425050K .......... .......... .......... .......... .......... 97% 55.9M 1s
425100K .......... .......... .......... .......... .......... 97% 76.8M 1s
425150K .......... .......... .......... .......... .......... 97% 50.2M 1s
425200K .......... .......... .......... .......... .......... 97% 75.4M 1s
425250K .......... .......... .......... .......... .......... 97% 59.9M 1s
425300K .......... .......... .......... .......... .......... 97%  110M 1s
425350K .......... .......... .......... .......... .......... 97% 94.0M 1s
425400K .......... .......... .......... .......... .......... 97% 84.7M 1s
425450K .......... .......... .......... .......... .......... 97%  120M 1s
425500K .......... .......... .......... .......... .......... 97% 65.1M 0s
425550K .......... .......... .......... .......... .......... 97% 97.6M 0s
425600K .......... .......... .......... .......... .......... 97% 33.9M 0s
425650K .......... .......... .......... .......... .......... 97% 43.4M 0s
425700K .......... .......... .......... .......... .......... 97% 39.4M 0s
425750K .......... .......... .......... .......... .......... 97% 9.12M 0s
425800K .......... .......... .......... .......... .......... 97% 20.4M 0s
425850K .......... .......... .......... .......... .......... 97% 16.2M 0s
425900K .......... .......... .......... .......... .......... 97% 17.7M 0s
425950K .......... .......... .......... .......... .......... 97% 19.9M 0s
426000K .......... .......... .......... .......... .......... 97% 7.36M 0s
426050K .......... .......... .......... .......... .......... 97% 11.5M 0s
426100K .......... .......... .......... .......... .......... 97% 9.63M 0s
426150K .......... .......... .......... .......... .......... 97% 13.7M 0s
426200K .......... .......... .......... .......... .......... 97% 5.97M 0s
426250K .......... .......... .......... .......... .......... 97% 28.6M 0s
426300K .......... .......... .......... .......... .......... 97% 47.6M 0s
426350K .......... .......... .......... .......... .......... 97% 56.5M 0s
426400K .......... .......... .......... .......... .......... 97% 50.6M 0s
426450K .......... .......... .......... .......... .......... 97%  122M 0s
426500K .......... .......... .......... .......... .......... 97% 88.1M 0s
426550K .......... .......... .......... .......... .......... 97%  127M 0s
426600K .......... .......... .......... .......... .......... 97% 50.4M 0s
426650K .......... .......... .......... .......... .......... 97% 75.8M 0s
426700K .......... .......... .......... .......... .......... 97% 28.4M 0s
426750K .......... .......... .......... .......... .......... 97% 20.8M 0s
426800K .......... .......... .......... .......... .......... 97% 18.9M 0s
426850K .......... .......... .......... .......... .......... 97% 11.3M 0s
426900K .......... .......... .......... .......... .......... 97% 50.7M 0s
426950K .......... .......... .......... .......... .......... 97% 85.8M 0s
427000K .......... .......... .......... .......... .......... 97% 84.3M 0s
427050K .......... .......... .......... .......... .......... 97% 51.4M 0s
427100K .......... .......... .......... .......... .......... 97% 83.1M 0s
427150K .......... .......... .......... .......... .......... 97% 86.8M 0s
427200K .......... .......... .......... .......... .......... 97% 63.2M 0s
427250K .......... .......... .......... .......... .......... 97%  125M 0s
427300K .......... .......... .......... .......... .......... 97% 50.6M 0s
427350K .......... .......... .......... .......... .......... 97% 55.6M 0s
427400K .......... .......... .......... .......... .......... 97%  105M 0s
427450K .......... .......... .......... .......... .......... 97% 84.2M 0s
427500K .......... .......... .......... .......... .......... 97% 35.2M 0s
427550K .......... .......... .......... .......... .......... 97% 85.1M 0s
427600K .......... .......... .......... .......... .......... 97% 21.1M 0s
427650K .......... .......... .......... .......... .......... 97% 14.1M 0s
427700K .......... .......... .......... .......... .......... 97% 27.1M 0s
427750K .......... .......... .......... .......... .......... 97% 12.2M 0s
427800K .......... .......... .......... .......... .......... 97% 22.1M 0s
427850K .......... .......... .......... .......... .......... 97% 10.4M 0s
427900K .......... .......... .......... .......... .......... 97% 11.6M 0s
427950K .......... .......... .......... .......... .......... 97% 21.9M 0s
428000K .......... .......... .......... .......... .......... 98% 5.99M 0s
428050K .......... .......... .......... .......... .......... 98% 7.64M 0s
428100K .......... .......... .......... .......... .......... 98% 22.3M 0s
428150K .......... .......... .......... .......... .......... 98% 30.5M 0s
428200K .......... .......... .......... .......... .......... 98% 71.0M 0s
428250K .......... .......... .......... .......... .......... 98% 59.1M 0s
428300K .......... .......... .......... .......... .......... 98% 94.0M 0s
428350K .......... .......... .......... .......... .......... 98% 87.0M 0s
428400K .......... .......... .......... .......... .......... 98% 82.1M 0s
428450K .......... .......... .......... .......... .......... 98% 52.1M 0s
428500K .......... .......... .......... .......... .......... 98%  122M 0s
428550K .......... .......... .......... .......... .......... 98% 23.9M 0s
428600K .......... .......... .......... .......... .......... 98% 23.3M 0s
428650K .......... .......... .......... .......... .......... 98% 42.5M 0s
428700K .......... .......... .......... .......... .......... 98% 25.4M 0s
428750K .......... .......... .......... .......... .......... 98% 11.3M 0s
428800K .......... .......... .......... .......... .......... 98% 33.8M 0s
428850K .......... .......... .......... .......... .......... 98% 96.7M 0s
428900K .......... .......... .......... .......... .......... 98% 50.1M 0s
428950K .......... .......... .......... .......... .......... 98% 63.7M 0s
429000K .......... .......... .......... .......... .......... 98%  122M 0s
429050K .......... .......... .......... .......... .......... 98%  104M 0s
429100K .......... .......... .......... .......... .......... 98% 73.5M 0s
429150K .......... .......... .......... .......... .......... 98%  120M 0s
429200K .......... .......... .......... .......... .......... 98% 58.1M 0s
429250K .......... .......... .......... .......... .......... 98% 79.7M 0s
429300K .......... .......... .......... .......... .......... 98% 77.2M 0s
429350K .......... .......... .......... .......... .......... 98% 46.4M 0s
429400K .......... .......... .......... .......... .......... 98% 64.7M 0s
429450K .......... .......... .......... .......... .......... 98% 83.5M 0s
429500K .......... .......... .......... .......... .......... 98% 21.9M 0s
429550K .......... .......... .......... .......... .......... 98% 14.8M 0s
429600K .......... .......... .......... .......... .......... 98% 9.19M 0s
429650K .......... .......... .......... .......... .......... 98% 19.8M 0s
429700K .......... .......... .......... .......... .......... 98% 12.6M 0s
429750K .......... .......... .......... .......... .......... 98% 64.5M 0s
429800K .......... .......... .......... .......... .......... 98% 10.5M 0s
429850K .......... .......... .......... .......... .......... 98% 9.48M 0s
429900K .......... .......... .......... .......... .......... 98% 11.0M 0s
429950K .......... .......... .......... .......... .......... 98% 6.18M 0s
430000K .......... .......... .......... .......... .......... 98% 25.2M 0s
430050K .......... .......... .......... .......... .......... 98% 64.1M 0s
430100K .......... .......... .......... .......... .......... 98% 83.1M 0s
430150K .......... .......... .......... .......... .......... 98% 63.0M 0s
430200K .......... .......... .......... .......... .......... 98% 87.4M 0s
430250K .......... .......... .......... .......... .......... 98%  104M 0s
430300K .......... .......... .......... .......... .......... 98% 55.1M 0s
430350K .......... .......... .......... .......... .......... 98%  125M 0s
430400K .......... .......... .......... .......... .......... 98% 64.2M 0s
430450K .......... .......... .......... .......... .......... 98% 22.1M 0s
430500K .......... .......... .......... .......... .......... 98% 23.6M 0s
430550K .......... .......... .......... .......... .......... 98% 19.2M 0s
430600K .......... .......... .......... .......... .......... 98% 9.23M 0s
430650K .......... .......... .......... .......... .......... 98% 42.8M 0s
430700K .......... .......... .......... .......... .......... 98% 86.1M 0s
430750K .......... .......... .......... .......... .......... 98% 86.6M 0s
430800K .......... .......... .......... .......... .......... 98% 41.8M 0s
430850K .......... .......... .......... .......... .......... 98% 76.9M 0s
430900K .......... .......... .......... .......... .......... 98%  122M 0s
430950K .......... .......... .......... .......... .......... 98% 85.4M 0s
431000K .......... .......... .......... .......... .......... 98%  100M 0s
431050K .......... .......... .......... .......... .......... 98%  122M 0s
431100K .......... .......... .......... .......... .......... 98% 58.4M 0s
431150K .......... .......... .......... .......... .......... 98% 84.4M 0s
431200K .......... .......... .......... .......... .......... 98% 35.7M 0s
431250K .......... .......... .......... .......... .......... 98% 85.9M 0s
431300K .......... .......... .......... .......... .......... 98% 63.2M 0s
431350K .......... .......... .......... .......... .......... 98% 43.0M 0s
431400K .......... .......... .......... .......... .......... 98% 17.9M 0s
431450K .......... .......... .......... .......... .......... 98% 16.1M 0s
431500K .......... .......... .......... .......... .......... 98% 10.2M 0s
431550K .......... .......... .......... .......... .......... 98% 19.7M 0s
431600K .......... .......... .......... .......... .......... 98% 10.7M 0s
431650K .......... .......... .......... .......... .......... 98% 22.9M 0s
431700K .......... .......... .......... .......... .......... 98% 11.1M 0s
431750K .......... .......... .......... .......... .......... 98% 8.03M 0s
431800K .......... .......... .......... .......... .......... 98% 13.6M 0s
431850K .......... .......... .......... .......... .......... 98% 6.84M 0s
431900K .......... .......... .......... .......... .......... 98% 29.6M 0s
431950K .......... .......... .......... .......... .......... 98% 96.4M 0s
432000K .......... .......... .......... .......... .......... 98% 42.0M 0s
432050K .......... .......... .......... .......... .......... 98%  118M 0s
432100K .......... .......... .......... .......... .......... 98% 87.2M 0s
432150K .......... .......... .......... .......... .......... 98% 88.6M 0s
432200K .......... .......... .......... .......... .......... 98% 84.0M 0s
432250K .......... .......... .......... .......... .......... 98%  111M 0s
432300K .......... .......... .......... .......... .......... 98% 21.7M 0s
432350K .......... .......... .......... .......... .......... 98% 64.3M 0s
432400K .......... .......... .......... .......... .......... 99% 19.7M 0s
432450K .......... .......... .......... .......... .......... 99% 13.2M 0s
432500K .......... .......... .......... .......... .......... 99% 16.0M 0s
432550K .......... .......... .......... .......... .......... 99%  126M 0s
432600K .......... .......... .......... .......... .......... 99% 75.7M 0s
432650K .......... .......... .......... .......... .......... 99% 44.2M 0s
432700K .......... .......... .......... .......... .......... 99% 87.2M 0s
432750K .......... .......... .......... .......... .......... 99%  109M 0s
432800K .......... .......... .......... .......... .......... 99% 64.2M 0s
432850K .......... .......... .......... .......... .......... 99%  105M 0s
432900K .......... .......... .......... .......... .......... 99%  115M 0s
432950K .......... .......... .......... .......... .......... 99% 54.1M 0s
433000K .......... .......... .......... .......... .......... 99%  108M 0s
433050K .......... .......... .......... .......... .......... 99% 81.6M 0s
433100K .......... .......... .......... .......... .......... 99% 40.4M 0s
433150K .......... .......... .......... .......... .......... 99% 85.0M 0s
433200K .......... .......... .......... .......... .......... 99% 30.5M 0s
433250K .......... .......... .......... .......... .......... 99% 34.6M 0s
433300K .......... .......... .......... .......... .......... 99% 15.8M 0s
433350K .......... .......... .......... .......... .......... 99% 14.3M 0s
433400K .......... .......... .......... .......... .......... 99% 15.4M 0s
433450K .......... .......... .......... .......... .......... 99% 16.8M 0s
433500K .......... .......... .......... .......... .......... 99% 16.5M 0s
433550K .......... .......... .......... .......... .......... 99% 23.9M 0s
433600K .......... .......... .......... .......... .......... 99% 6.55M 0s
433650K .......... .......... .......... .......... .......... 99% 9.85M 0s
433700K .......... .......... .......... .......... .......... 99% 5.67M 0s
433750K .......... .......... .......... .......... .......... 99% 33.9M 0s
433800K .......... .......... .......... .......... .......... 99% 43.1M 0s
433850K .......... .......... .......... .......... .......... 99% 63.0M 0s
433900K .......... .......... .......... .......... .......... 99% 84.7M 0s
433950K .......... .......... .......... .......... .......... 99% 88.0M 0s
434000K .......... .......... .......... .......... .......... 99% 54.1M 0s
434050K .......... .......... .......... .......... .......... 99% 85.2M 0s
434100K .......... .......... .......... .......... .......... 99%  107M 0s
434150K .......... .......... .......... .......... .......... 99% 85.1M 0s
434200K .......... .......... .......... .......... .......... 99% 19.4M 0s
434250K .......... .......... .......... .......... .......... 99% 35.9M 0s
434300K .......... .......... .......... .......... .......... 99% 37.2M 0s
434350K .......... .......... .......... .......... .......... 99% 15.0M 0s
434400K .......... .......... .......... .......... .......... 99% 10.4M 0s
434450K .......... .......... .......... .......... .......... 99% 81.8M 0s
434500K .......... .......... .......... .......... .......... 99% 57.8M 0s
434550K .......... .......... .......... .......... .......... 99% 87.6M 0s
434600K .......... .......... .......... .......... .......... 99% 62.2M 0s
434650K .......... .......... .......... .......... .......... 99% 84.4M 0s
434700K .......... .......... .......... .......... .......... 99% 99.8M 0s
434750K .......... .......... .......... .......... .......... 99%  106M 0s
434800K .......... .......... .......... .......... .......... 99% 48.8M 0s
434850K .......... .......... .......... .......... .......... 99% 86.9M 0s
434900K .......... .......... .......... .......... .......... 99%  114M 0s
434950K .......... .......... .......... .......... .......... 99% 92.1M 0s
435000K .......... .......... .......... .......... .......... 99% 42.5M 0s
435050K .......... .......... .......... .......... .......... 99% 35.9M 0s
435100K .......... .......... .......... .......... .......... 99% 40.3M 0s
435150K .......... .......... .......... .......... .......... 99% 17.6M 0s
435200K .......... .......... .......... .......... .......... 99% 14.7M 0s
435250K .......... .......... .......... .......... .......... 99% 14.9M 0s
435300K .......... .......... .......... .......... .......... 99% 23.6M 0s
435350K .......... .......... .......... .......... .......... 99% 17.6M 0s
435400K .......... .......... .......... .......... .......... 99% 15.0M 0s
435450K .......... .......... .......... .......... .......... 99% 10.0M 0s
435500K .......... .......... .......... .......... .......... 99% 11.9M 0s
435550K .......... .......... .......... .......... .......... 99% 8.27M 0s
435600K .......... .......... .......... .......... .......... 99% 6.43M 0s
435650K .......... .......... .......... .......... .......... 99% 30.1M 0s
435700K .......... .......... .......... .......... .......... 99% 69.7M 0s
435750K .......... .......... .......... .......... .......... 99% 20.3M 0s
435800K .......... .......... .......... .......... .......... 99% 95.0M 0s
435850K .......... .......... .......... .......... .......... 99%  102M 0s
435900K .......... .......... .......... .......... .......... 99% 55.8M 0s
435950K .......... .......... .......... .......... .......... 99%  114M 0s
436000K .......... .......... .......... .......... .......... 99% 66.5M 0s
436050K .......... .......... .......... .......... .......... 99% 24.0M 0s
436100K .......... .......... .......... .......... .......... 99% 29.4M 0s
436150K .......... .......... .......... .......... .......... 99% 43.9M 0s
436200K .......... .......... .......... .......... .......... 99% 20.4M 0s
436250K .......... .......... .......... .......... .......... 99% 23.3M 0s
436300K .......... .......... .......... .......... .......... 99% 13.9M 0s
436350K .......... .......... .......... .......... .......... 99% 73.1M 0s
436400K .......... .......... .......... .......... .......... 99% 51.1M 0s
436450K .......... .......... .......... .......... .......... 99% 84.1M 0s
436500K .......... .......... .......... .......... .......... 99% 69.6M 0s
436550K .......... .......... .......... .......... .......... 99% 77.3M 0s
436600K .......... .......... .......... .......... .......... 99% 84.8M 0s
436650K .......... .......... .......... .......... .......... 99%  107M 0s
436700K .......... .......... .......... .......... .......... 99% 54.2M 0s
436750K .......... .........                                  100% 83.7M=19s

2025-12-26 09:47:09 (22.0 MB/s) - ‘com-orkut.ungraph.txt.gz’ saved [447251958/447251958]

/work/pi_huiguan_umass_edu/sandeep/conda_environment/dgl_groot/lib/python3.11/site-packages/outdated/__init__.py:36: UserWarning: pkg_resources is deprecated as an API. See https://setuptools.pypa.io/en/latest/pkg_resources.html. The pkg_resources package is slated for removal as early as 2025-11-30. Refrain from using this package or pin to Setuptools<81.
  from pkg_resources import parse_version
[09:48:08] /work/pi_huiguan_umass_edu/sandeep/code/dgl_groot/src/spara/preprocess.h:81: Loading from file: "/scratch4/workspace/spolisetty_umass_edu-groot/graph/orkut/orkut.txt"
[09:48:08] /work/pi_huiguan_umass_edu/sandeep/code/dgl_groot/src/spara/preprocess.h:82: Convert to symmetric: 1
[09:48:13] /work/pi_huiguan_umass_edu/sandeep/code/dgl_groot/src/spara/preprocess.h:100: LoadSNAP Read: 20M edges
[09:48:19] /work/pi_huiguan_umass_edu/sandeep/code/dgl_groot/src/spara/preprocess.h:100: LoadSNAP Read: 40M edges
[09:48:24] /work/pi_huiguan_umass_edu/sandeep/code/dgl_groot/src/spara/preprocess.h:100: LoadSNAP Read: 60M edges
[09:48:30] /work/pi_huiguan_umass_edu/sandeep/code/dgl_groot/src/spara/preprocess.h:100: LoadSNAP Read: 80M edges
[09:48:35] /work/pi_huiguan_umass_edu/sandeep/code/dgl_groot/src/spara/preprocess.h:100: LoadSNAP Read: 100M edges
[09:48:45] /work/pi_huiguan_umass_edu/sandeep/code/dgl_groot/src/spara/preprocess.h:110: LoadSNAP v_num: 3072441 | e_num: 234370166
[09:48:45] /work/pi_huiguan_umass_edu/sandeep/code/dgl_groot/src/spara/preprocess.h:118: LoadSNAP compute degree
[09:48:45] /work/pi_huiguan_umass_edu/sandeep/code/dgl_groot/src/spara/preprocess.h:129: LoadSNAP compute indptr
