/var/spool/slurm/slurmd/job50780392/slurm_script: line 17: activate: No such file or directory

CondaError: Run 'conda init' before 'conda activate'

--2025-12-26 09:46:47--  http://snap.stanford.edu/ogb/data/nodeproppred/arxiv.zip
Resolving snap.stanford.edu (snap.stanford.edu)... 171.64.75.80
Connecting to snap.stanford.edu (snap.stanford.edu)|171.64.75.80|:80... connected.
HTTP request sent, awaiting response... 200 OK
Length: 83058288 (79M) [application/zip]
Saving to: ‘arxiv.zip’

     0K .......... .......... .......... .......... ..........  0%  380K 3m33s
    50K .......... .......... .......... .......... ..........  0%  378K 3m34s
   100K .......... .......... .......... .......... ..........  0%  379K 3m34s
   150K .......... .......... .......... .......... ..........  0%  751K 3m7s
   200K .......... .......... .......... .......... ..........  0%  754K 2m51s
   250K .......... .......... .......... .......... ..........  0%  756K 2m40s
   300K .......... .......... .......... .......... ..........  0%  756K 2m33s
   350K .......... .......... .......... .......... ..........  0%  758K 2m27s
   400K .......... .......... .......... .......... ..........  0%  758K 2m22s
   450K .......... .......... .......... .......... ..........  0% 78.9M 2m8s
   500K .......... .......... .......... .......... ..........  0%  760K 2m6s
   550K .......... .......... .......... .......... ..........  0%  126M 1m55s
   600K .......... .......... .......... .......... ..........  0%  762K 1m55s
   650K .......... .......... .......... .......... ..........  0%  128M 1m46s
   700K .......... .......... .......... .......... ..........  0%  767K 1m46s
   750K .......... .......... .......... .......... ..........  0% 66.3M 1m40s
   800K .......... .......... .......... .......... ..........  1% 5.11M 95s
   850K .......... .......... .......... .......... ..........  1%  891K 94s
   900K .......... .......... .......... .......... ..........  1% 83.9M 89s
   950K .......... .......... .......... .......... ..........  1% 5.18M 86s
  1000K .......... .......... .......... .......... ..........  1%  895K 86s
  1050K .......... .......... .......... .......... ..........  1% 84.5M 82s
  1100K .......... .......... .......... .......... ..........  1% 84.2M 78s
  1150K .......... .......... .......... .......... ..........  1%  772K 79s
  1200K .......... .......... .......... .......... ..........  1% 88.6M 76s
  1250K .......... .......... .......... .......... ..........  1%  131M 73s
  1300K .......... .......... .......... .......... ..........  1%  128M 70s
  1350K .......... .......... .......... .......... ..........  1%  773K 71s
  1400K .......... .......... .......... .......... ..........  1% 65.9M 69s
  1450K .......... .......... .......... .......... ..........  1%  126M 67s
  1500K .......... .......... .......... .......... ..........  1%  128M 65s
  1550K .......... .......... .......... .......... ..........  1% 5.32M 63s
  1600K .......... .......... .......... .......... ..........  2%  895K 64s
  1650K .......... .......... .......... .......... ..........  2%  125M 62s
  1700K .......... .......... .......... .......... ..........  2% 85.6M 60s
  1750K .......... .......... .......... .......... ..........  2%  127M 58s
  1800K .......... .......... .......... .......... ..........  2% 5.55M 57s
  1850K .......... .......... .......... .......... ..........  2%  897K 58s
  1900K .......... .......... .......... .......... ..........  2% 85.1M 56s
  1950K .......... .......... .......... .......... ..........  2%  129M 55s
  2000K .......... .......... .......... .......... ..........  2%  126M 54s
  2050K .......... .......... .......... .......... ..........  2% 87.2M 52s
  2100K .......... .......... .......... .......... ..........  2%  792K 53s
  2150K .......... .......... .......... .......... ..........  2% 38.9M 52s
  2200K .......... .......... .......... .......... ..........  2%  126M 51s
  2250K .......... .......... .......... .......... ..........  2%  129M 50s
  2300K .......... .......... .......... .......... ..........  2% 84.2M 49s
  2350K .......... .......... .......... .......... ..........  2%  128M 48s
  2400K .......... .......... .......... .......... ..........  3% 5.74M 47s
  2450K .......... .......... .......... .......... ..........  3%  900K 48s
  2500K .......... .......... .......... .......... ..........  3% 84.1M 47s
  2550K .......... .......... .......... .......... ..........  3% 84.5M 46s
  2600K .......... .......... .......... .......... ..........  3%  128M 45s
  2650K .......... .......... .......... .......... ..........  3%  126M 44s
  2700K .......... .......... .......... .......... ..........  3%  126M 43s
  2750K .......... .......... .......... .......... ..........  3% 6.04M 43s
  2800K .......... .......... .......... .......... ..........  3%  906K 44s
  2850K .......... .......... .......... .......... ..........  3% 51.6M 43s
  2900K .......... .......... .......... .......... ..........  3% 83.9M 42s
  2950K .......... .......... .......... .......... ..........  3%  126M 41s
  3000K .......... .......... .......... .......... ..........  3%  126M 41s
  3050K .......... .......... .......... .......... ..........  3% 85.7M 40s
  3100K .......... .......... .......... .......... ..........  3%  128M 39s
  3150K .......... .......... .......... .......... ..........  3% 6.34M 39s
  3200K .......... .......... .......... .......... ..........  4%  903K 40s
  3250K .......... .......... .......... .......... ..........  4% 83.8M 39s
  3300K .......... .......... .......... .......... ..........  4% 85.4M 38s
  3350K .......... .......... .......... .......... ..........  4%  126M 38s
  3400K .......... .......... .......... .......... ..........  4% 85.2M 37s
  3450K .......... .......... .......... .......... ..........  4%  127M 37s
  3500K .......... .......... .......... .......... ..........  4%  127M 36s
  3550K .......... .......... .......... .......... ..........  4% 7.04M 36s
  3600K .......... .......... .......... .......... ..........  4% 36.0M 35s
  3650K .......... .......... .......... .......... ..........  4%  907K 36s
  3700K .......... .......... .......... .......... ..........  4% 83.4M 35s
  3750K .......... .......... .......... .......... ..........  4% 85.3M 35s
  3800K .......... .......... .......... .......... ..........  4%  127M 35s
  3850K .......... .......... .......... .......... ..........  4%  127M 34s
  3900K .......... .......... .......... .......... ..........  4%  128M 34s
  3950K .......... .......... .......... .......... ..........  4% 84.6M 33s
  4000K .......... .......... .......... .......... ..........  4%  130M 33s
  4050K .......... .......... .......... .......... ..........  5% 6.87M 32s
  4100K .......... .......... .......... .......... ..........  5% 44.6M 32s
  4150K .......... .......... .......... .......... ..........  5%  913K 33s
  4200K .......... .......... .......... .......... ..........  5% 84.7M 32s
  4250K .......... .......... .......... .......... ..........  5% 85.0M 32s
  4300K .......... .......... .......... .......... ..........  5%  124M 32s
  4350K .......... .......... .......... .......... ..........  5%  128M 31s
  4400K .......... .......... .......... .......... ..........  5%  127M 31s
  4450K .......... .......... .......... .......... ..........  5% 84.6M 30s
  4500K .......... .......... .......... .......... ..........  5%  127M 30s
  4550K .......... .......... .......... .......... ..........  5% 7.62M 30s
  4600K .......... .......... .......... .......... ..........  5% 42.4M 30s
  4650K .......... .......... .......... .......... ..........  5%  910K 30s
  4700K .......... .......... .......... .......... ..........  5% 92.1M 30s
  4750K .......... .......... .......... .......... ..........  5% 83.8M 29s
  4800K .......... .......... .......... .......... ..........  5%  125M 29s
  4850K .......... .......... .......... .......... ..........  6%  126M 29s
  4900K .......... .......... .......... .......... ..........  6%  129M 28s
  4950K .......... .......... .......... .......... ..........  6% 84.2M 28s
  5000K .......... .......... .......... .......... ..........  6%  128M 28s
  5050K .......... .......... .......... .......... ..........  6%  127M 28s
  5100K .......... .......... .......... .......... ..........  6% 7.62M 27s
  5150K .......... .......... .......... .......... ..........  6% 44.0M 27s
  5200K .......... .......... .......... .......... ..........  6% 42.1M 27s
  5250K .......... .......... .......... .......... ..........  6%  930K 27s
  5300K .......... .......... .......... .......... ..........  6% 69.2M 27s
  5350K .......... .......... .......... .......... ..........  6%  128M 27s
  5400K .......... .......... .......... .......... ..........  6% 85.0M 27s
  5450K .......... .......... .......... .......... ..........  6%  126M 26s
  5500K .......... .......... .......... .......... ..........  6%  128M 26s
  5550K .......... .......... .......... .......... ..........  6% 85.1M 26s
  5600K .......... .......... .......... .......... ..........  6%  126M 26s
  5650K .......... .......... .......... .......... ..........  7%  127M 25s
  5700K .......... .......... .......... .......... ..........  7%  127M 25s
  5750K .......... .......... .......... .......... ..........  7% 7.71M 25s
  5800K .......... .......... .......... .......... ..........  7% 42.3M 25s
  5850K .......... .......... .......... .......... ..........  7% 50.4M 25s
  5900K .......... .......... .......... .......... ..........  7%  933K 25s
  5950K .......... .......... .......... .......... ..........  7%  126M 25s
  6000K .......... .......... .......... .......... ..........  7% 85.8M 25s
  6050K .......... .......... .......... .......... ..........  7%  125M 24s
  6100K .......... .......... .......... .......... ..........  7%  125M 24s
  6150K .......... .......... .......... .......... ..........  7% 85.9M 24s
  6200K .......... .......... .......... .......... ..........  7%  126M 24s
  6250K .......... .......... .......... .......... ..........  7%  128M 24s
  6300K .......... .......... .......... .......... ..........  7%  127M 23s
  6350K .......... .......... .......... .......... ..........  7% 84.7M 23s
  6400K .......... .......... .......... .......... ..........  7%  129M 23s
  6450K .......... .......... .......... .......... ..........  8% 6.12M 23s
  6500K .......... .......... .......... .......... ..........  8% 56.1M 23s
  6550K .......... .......... .......... .......... ..........  8% 36.4M 23s
  6600K .......... .......... .......... .......... ..........  8%  989K 23s
  6650K .......... .......... .......... .......... ..........  8% 26.4M 23s
  6700K .......... .......... .......... .......... ..........  8%  125M 23s
  6750K .......... .......... .......... .......... ..........  8%  131M 22s
  6800K .......... .......... .......... .......... ..........  8%  129M 22s
  6850K .......... .......... .......... .......... ..........  8% 81.3M 22s
  6900K .......... .......... .......... .......... ..........  8%  135M 22s
  6950K .......... .......... .......... .......... ..........  8%  127M 22s
  7000K .......... .......... .......... .......... ..........  8%  127M 22s
  7050K .......... .......... .......... .......... ..........  8% 83.9M 21s
  7100K .......... .......... .......... .......... ..........  8%  127M 21s
  7150K .......... .......... .......... .......... ..........  8%  128M 21s
  7200K .......... .......... .......... .......... ..........  8% 6.53M 21s
  7250K .......... .......... .......... .......... ..........  8% 41.6M 21s
  7300K .......... .......... .......... .......... ..........  9% 36.4M 21s
  7350K .......... .......... .......... .......... ..........  9% 64.7M 21s
  7400K .......... .......... .......... .......... ..........  9% 1007K 21s
  7450K .......... .......... .......... .......... ..........  9% 27.1M 21s
  7500K .......... .......... .......... .......... ..........  9%  124M 21s
  7550K .......... .......... .......... .......... ..........  9%  129M 20s
  7600K .......... .......... .......... .......... ..........  9% 84.3M 20s
  7650K .......... .......... .......... .......... ..........  9%  128M 20s
  7700K .......... .......... .......... .......... ..........  9%  128M 20s
  7750K .......... .......... .......... .......... ..........  9%  128M 20s
  7800K .......... .......... .......... .......... ..........  9% 84.9M 20s
  7850K .......... .......... .......... .......... ..........  9%  125M 20s
  7900K .......... .......... .......... .......... ..........  9% 85.2M 20s
  7950K .......... .......... .......... .......... ..........  9%  130M 19s
  8000K .......... .......... .......... .......... ..........  9% 62.9M 19s
  8050K .......... .......... .......... .......... ..........  9% 6.68M 19s
  8100K .......... .......... .......... .......... .......... 10% 25.4M 19s
  8150K .......... .......... .......... .......... .......... 10% 43.3M 19s
  8200K .......... .......... .......... .......... .......... 10% 27.6M 19s
  8250K .......... .......... .......... .......... .......... 10% 42.3M 19s
  8300K .......... .......... .......... .......... .......... 10% 1.04M 19s
  8350K .......... .......... .......... .......... .......... 10% 49.8M 19s
  8400K .......... .......... .......... .......... .......... 10%  129M 19s
  8450K .......... .......... .......... .......... .......... 10%  128M 19s
  8500K .......... .......... .......... .......... .......... 10% 85.0M 19s
  8550K .......... .......... .......... .......... .......... 10%  128M 18s
  8600K .......... .......... .......... .......... .......... 10%  124M 18s
  8650K .......... .......... .......... .......... .......... 10%  128M 18s
  8700K .......... .......... .......... .......... .......... 10% 84.6M 18s
  8750K .......... .......... .......... .......... .......... 10%  129M 18s
  8800K .......... .......... .......... .......... .......... 10%  126M 18s
  8850K .......... .......... .......... .......... .......... 10% 85.4M 18s
  8900K .......... .......... .......... .......... .......... 11% 84.8M 18s
  8950K .......... .......... .......... .......... .......... 11% 84.4M 18s
  9000K .......... .......... .......... .......... .......... 11% 6.45M 17s
  9050K .......... .......... .......... .......... .......... 11% 36.3M 17s
  9100K .......... .......... .......... .......... .......... 11% 42.8M 17s
  9150K .......... .......... .......... .......... .......... 11% 29.8M 17s
  9200K .......... .......... .......... .......... .......... 11% 42.5M 17s
  9250K .......... .......... .......... .......... .......... 11% 29.0M 17s
  9300K .......... .......... .......... .......... .......... 11% 1.07M 17s
  9350K .......... .......... .......... .......... .......... 11% 67.0M 17s
  9400K .......... .......... .......... .......... .......... 11%  130M 17s
  9450K .......... .......... .......... .......... .......... 11%  127M 17s
  9500K .......... .......... .......... .......... .......... 11%  127M 17s
  9550K .......... .......... .......... .......... .......... 11% 84.8M 17s
  9600K .......... .......... .......... .......... .......... 11%  124M 17s
  9650K .......... .......... .......... .......... .......... 11%  130M 17s
  9700K .......... .......... .......... .......... .......... 12% 85.1M 16s
  9750K .......... .......... .......... .......... .......... 12%  126M 16s
  9800K .......... .......... .......... .......... .......... 12%  127M 16s
  9850K .......... .......... .......... .......... .......... 12%  129M 16s
  9900K .......... .......... .......... .......... .......... 12% 84.6M 16s
  9950K .......... .......... .......... .......... .......... 12% 84.3M 16s
 10000K .......... .......... .......... .......... .......... 12% 8.70M 16s
 10050K .......... .......... .......... .......... .......... 12% 18.6M 16s
 10100K .......... .......... .......... .......... .......... 12% 41.9M 16s
 10150K .......... .......... .......... .......... .......... 12% 49.2M 16s
 10200K .......... .......... .......... .......... .......... 12% 23.4M 16s
 10250K .......... .......... .......... .......... .......... 12% 47.7M 16s
 10300K .......... .......... .......... .......... .......... 12% 36.6M 16s
 10350K .......... .......... .......... .......... .......... 12% 1.02M 16s
 10400K .......... .......... .......... .......... .......... 12% 97.7M 16s
 10450K .......... .......... .......... .......... .......... 12%  127M 16s
 10500K .......... .......... .......... .......... .......... 13% 85.2M 16s
 10550K .......... .......... .......... .......... .......... 13%  127M 15s
 10600K .......... .......... .......... .......... .......... 13%  127M 15s
 10650K .......... .......... .......... .......... .......... 13% 84.5M 15s
 10700K .......... .......... .......... .......... .......... 13%  127M 15s
 10750K .......... .......... .......... .......... .......... 13%  128M 15s
 10800K .......... .......... .......... .......... .......... 13%  127M 15s
 10850K .......... .......... .......... .......... .......... 13% 84.2M 15s
 10900K .......... .......... .......... .......... .......... 13%  128M 15s
 10950K .......... .......... .......... .......... .......... 13%  126M 15s
 11000K .......... .......... .......... .......... .......... 13%  127M 15s
 11050K .......... .......... .......... .......... .......... 13% 63.7M 15s
 11100K .......... .......... .......... .......... .......... 13% 50.3M 15s
 11150K .......... .......... .......... .......... .......... 13% 6.72M 15s
 11200K .......... .......... .......... .......... .......... 13% 37.5M 14s
 11250K .......... .......... .......... .......... .......... 13% 36.6M 14s
 11300K .......... .......... .......... .......... .......... 13% 63.1M 14s
 11350K .......... .......... .......... .......... .......... 14% 20.0M 14s
 11400K .......... .......... .......... .......... .......... 14% 35.7M 14s
 11450K .......... .......... .......... .......... .......... 14% 51.5M 14s
 11500K .......... .......... .......... .......... .......... 14% 54.3M 14s
 11550K .......... .......... .......... .......... .......... 14% 1.14M 14s
 11600K .......... .......... .......... .......... .......... 14%  125M 14s
 11650K .......... .......... .......... .......... .......... 14%  132M 14s
 11700K .......... .......... .......... .......... .......... 14% 90.7M 14s
 11750K .......... .......... .......... .......... .......... 14%  128M 14s
 11800K .......... .......... .......... .......... .......... 14%  128M 14s
 11850K .......... .......... .......... .......... .......... 14% 31.5M 14s
 11900K .......... .......... .......... .......... .......... 14% 85.0M 14s
 11950K .......... .......... .......... .......... .......... 14%  127M 14s
 12000K .......... .......... .......... .......... .......... 14%  128M 14s
 12050K .......... .......... .......... .......... .......... 14%  128M 14s
 12100K .......... .......... .......... .......... .......... 14% 72.7M 14s
 12150K .......... .......... .......... .......... .......... 15%  168M 13s
 12200K .......... .......... .......... .......... .......... 15%  127M 13s
 12250K .......... .......... .......... .......... .......... 15%  128M 13s
 12300K .......... .......... .......... .......... .......... 15% 85.5M 13s
 12350K .......... .......... .......... .......... .......... 15%  127M 13s
 12400K .......... .......... .......... .......... .......... 15% 9.96M 13s
 12450K .......... .......... .......... .......... .......... 15% 26.7M 13s
 12500K .......... .......... .......... .......... .......... 15% 37.4M 13s
 12550K .......... .......... .......... .......... .......... 15% 42.9M 13s
 12600K .......... .......... .......... .......... .......... 15% 64.9M 13s
 12650K .......... .......... .......... .......... .......... 15% 21.9M 13s
 12700K .......... .......... .......... .......... .......... 15% 40.4M 13s
 12750K .......... .......... .......... .......... .......... 15% 87.1M 13s
 12800K .......... .......... .......... .......... .......... 15% 36.4M 13s
 12850K .......... .......... .......... .......... .......... 15% 1.28M 13s
 12900K .......... .......... .......... .......... .......... 15% 7.91M 13s
 12950K .......... .......... .......... .......... .......... 16% 88.6M 13s
 13000K .......... .......... .......... .......... .......... 16%  141M 13s
 13050K .......... .......... .......... .......... .......... 16%  127M 13s
 13100K .......... .......... .......... .......... .......... 16%  203K 14s
 13150K .......... .......... .......... .......... .......... 16%  160M 14s
 13200K .......... .......... .......... .......... .......... 16%  128M 14s
 13250K .......... .......... .......... .......... .......... 16% 29.1M 14s
 13300K .......... .......... .......... .......... .......... 16%  139M 14s
 13350K .......... .......... .......... .......... .......... 16%  131M 14s
 13400K .......... .......... .......... .......... .......... 16% 12.4M 14s
 13450K .......... .......... .......... .......... .......... 16%  142M 14s
 13500K .......... .......... .......... .......... .......... 16% 86.0M 13s
 13550K .......... .......... .......... .......... .......... 16%  130M 13s
 13600K .......... .......... .......... .......... .......... 16%  132M 13s
 13650K .......... .......... .......... .......... .......... 16% 10.5M 13s
 13700K .......... .......... .......... .......... .......... 16% 71.2M 13s
 13750K .......... .......... .......... .......... .......... 17% 87.7M 13s
 13800K .......... .......... .......... .......... .......... 17%  130M 13s
 13850K .......... .......... .......... .......... .......... 17%  128M 13s
 13900K .......... .......... .......... .......... .......... 17%  130M 13s
 13950K .......... .......... .......... .......... .......... 17% 64.3M 13s
 14000K .......... .......... .......... .......... .......... 17% 42.9M 13s
 14050K .......... .......... .......... .......... .......... 17% 87.2M 13s
 14100K .......... .......... .......... .......... .......... 17%  125M 13s
 14150K .......... .......... .......... .......... .......... 17% 66.5M 13s
 14200K .......... .......... .......... .......... .......... 17% 50.6M 13s
 14250K .......... .......... .......... .......... .......... 17% 64.6M 13s
 14300K .......... .......... .......... .......... .......... 17% 86.8M 13s
 14350K .......... .......... .......... .......... .......... 17%  126M 13s
 14400K .......... .......... .......... .......... .......... 17%  131M 13s
 14450K .......... .......... .......... .......... .......... 17% 1.11M 13s
 14500K .......... .......... .......... .......... .......... 17% 93.1M 13s
 14550K .......... .......... .......... .......... .......... 17% 31.4M 13s
 14600K .......... .......... .......... .......... .......... 18%  123M 13s
 14650K .......... .......... .......... .......... .......... 18%  129M 13s
 14700K .......... .......... .......... .......... .......... 18% 11.7M 12s
 14750K .......... .......... .......... .......... .......... 18% 83.1M 12s
 14800K .......... .......... .......... .......... .......... 18%  127M 12s
 14850K .......... .......... .......... .......... .......... 18%  127M 12s
 14900K .......... .......... .......... .......... .......... 18% 85.3M 12s
 14950K .......... .......... .......... .......... .......... 18%  128M 12s
 15000K .......... .......... .......... .......... .......... 18% 9.76M 12s
 15050K .......... .......... .......... .......... .......... 18% 63.4M 12s
 15100K .......... .......... .......... .......... .......... 18% 85.5M 12s
 15150K .......... .......... .......... .......... .......... 18%  124M 12s
 15200K .......... .......... .......... .......... .......... 18% 85.3M 12s
 15250K .......... .......... .......... .......... .......... 18%  127M 12s
 15300K .......... .......... .......... .......... .......... 18%  128M 12s
 15350K .......... .......... .......... .......... .......... 18% 85.5M 12s
 15400K .......... .......... .......... .......... .......... 19% 40.5M 12s
 15450K .......... .......... .......... .......... .......... 19% 52.8M 12s
 15500K .......... .......... .......... .......... .......... 19% 83.0M 12s
 15550K .......... .......... .......... .......... .......... 19% 85.6M 12s
 15600K .......... .......... .......... .......... .......... 19% 50.6M 12s
 15650K .......... .......... .......... .......... .......... 19% 50.8M 12s
 15700K .......... .......... .......... .......... .......... 19% 85.8M 12s
 15750K .......... .......... .......... .......... .......... 19%  124M 12s
 15800K .......... .......... .......... .......... .......... 19% 85.2M 11s
 15850K .......... .......... .......... .......... .......... 19%  131M 11s
 15900K .......... .......... .......... .......... .......... 19% 1.19M 12s
 15950K .......... .......... .......... .......... .......... 19%  157M 12s
 16000K .......... .......... .......... .......... .......... 19% 89.1M 11s
 16050K .......... .......... .......... .......... .......... 19% 32.8M 11s
 16100K .......... .......... .......... .......... .......... 19%  127M 11s
 16150K .......... .......... .......... .......... .......... 19% 64.0M 11s
 16200K .......... .......... .......... .......... .......... 20% 11.0M 11s
 16250K .......... .......... .......... .......... .......... 20%  127M 11s
 16300K .......... .......... .......... .......... .......... 20%  130M 11s
 16350K .......... .......... .......... .......... .......... 20% 84.7M 11s
 16400K .......... .......... .......... .......... .......... 20%  129M 11s
 16450K .......... .......... .......... .......... .......... 20% 85.1M 11s
 16500K .......... .......... .......... .......... .......... 20% 9.35M 11s
 16550K .......... .......... .......... .......... .......... 20% 62.0M 11s
 16600K .......... .......... .......... .......... .......... 20% 85.4M 11s
 16650K .......... .......... .......... .......... .......... 20% 84.3M 11s
 16700K .......... .......... .......... .......... .......... 20%  127M 11s
 16750K .......... .......... .......... .......... .......... 20%  128M 11s
 16800K .......... .......... .......... .......... .......... 20%  126M 11s
 16850K .......... .......... .......... .......... .......... 20% 85.4M 11s
 16900K .......... .......... .......... .......... .......... 20% 51.0M 11s
 16950K .......... .......... .......... .......... .......... 20% 53.3M 11s
 17000K .......... .......... .......... .......... .......... 21% 64.8M 11s
 17050K .......... .......... .......... .......... .......... 21%  125M 11s
 17100K .......... .......... .......... .......... .......... 21% 84.7M 11s
 17150K .......... .......... .......... .......... .......... 21% 41.3M 11s
 17200K .......... .......... .......... .......... .......... 21% 63.8M 11s
 17250K .......... .......... .......... .......... .......... 21% 63.5M 11s
 17300K .......... .......... .......... .......... .......... 21%  126M 10s
 17350K .......... .......... .......... .......... .......... 21% 84.5M 10s
 17400K .......... .......... .......... .......... .......... 21%  128M 10s
 17450K .......... .......... .......... .......... .......... 21% 1.27M 11s
 17500K .......... .......... .......... .......... .......... 21% 59.9M 10s
 17550K .......... .......... .......... .......... .......... 21% 86.4M 10s
 17600K .......... .......... .......... .......... .......... 21% 85.9M 10s
 17650K .......... .......... .......... .......... .......... 21% 34.1M 10s
 17700K .......... .......... .......... .......... .......... 21% 84.2M 10s
 17750K .......... .......... .......... .......... .......... 21% 89.0M 10s
 17800K .......... .......... .......... .......... .......... 22% 8.67M 10s
 17850K .......... .......... .......... .......... .......... 22% 84.8M 10s
 17900K .......... .......... .......... .......... .......... 22%  129M 10s
 17950K .......... .......... .......... .......... .......... 22%  119M 10s
 18000K .......... .......... .......... .......... .......... 22%  138M 10s
 18050K .......... .......... .......... .......... .......... 22% 86.0M 10s
 18100K .......... .......... .......... .......... .......... 22% 8.66M 10s
 18150K .......... .......... .......... .......... .......... 22% 43.7M 10s
 18200K .......... .......... .......... .......... .......... 22% 84.2M 10s
 18250K .......... .......... .......... .......... .......... 22%  125M 10s
 18300K .......... .......... .......... .......... .......... 22% 85.5M 10s
 18350K .......... .......... .......... .......... .......... 22% 63.3M 10s
 18400K .......... .......... .......... .......... .......... 22% 84.8M 10s
 18450K .......... .......... .......... .......... .......... 22%  131M 10s
 18500K .......... .......... .......... .......... .......... 22% 85.4M 10s
 18550K .......... .......... .......... .......... .......... 22% 50.2M 10s
 18600K .......... .......... .......... .......... .......... 22% 62.3M 10s
 18650K .......... .......... .......... .......... .......... 23% 86.3M 10s
 18700K .......... .......... .......... .......... .......... 23% 63.5M 10s
 18750K .......... .......... .......... .......... .......... 23% 82.9M 10s
 18800K .......... .......... .......... .......... .......... 23% 46.2M 10s
 18850K .......... .......... .......... .......... .......... 23% 63.7M 10s
 18900K .......... .......... .......... .......... .......... 23% 63.9M 10s
 18950K .......... .......... .......... .......... .......... 23% 62.2M 10s
 19000K .......... .......... .......... .......... .......... 23%  129M 10s
 19050K .......... .......... .......... .......... .......... 23%  128M 10s
 19100K .......... .......... .......... .......... .......... 23% 85.3M 9s
 19150K .......... .......... .......... .......... .......... 23% 63.7M 9s
 19200K .......... .......... .......... .......... .......... 23% 1.24M 10s
 19250K .......... .......... .......... .......... .......... 23% 86.6M 10s
 19300K .......... .......... .......... .......... .......... 23% 85.3M 9s
 19350K .......... .......... .......... .......... .......... 23% 29.7M 9s
 19400K .......... .......... .......... .......... .......... 23%  127M 9s
 19450K .......... .......... .......... .......... .......... 24%  128M 9s
 19500K .......... .......... .......... .......... .......... 24% 8.79M 9s
 19550K .......... .......... .......... .......... .......... 24% 68.7M 9s
 19600K .......... .......... .......... .......... .......... 24%  128M 9s
 19650K .......... .......... .......... .......... .......... 24%  125M 9s
 19700K .......... .......... .......... .......... .......... 24% 85.2M 9s
 19750K .......... .......... .......... .......... .......... 24%  129M 9s
 19800K .......... .......... .......... .......... .......... 24%  128M 9s
 19850K .......... .......... .......... .......... .......... 24% 84.3M 9s
 19900K .......... .......... .......... .......... .......... 24% 6.56M 9s
 19950K .......... .......... .......... .......... .......... 24% 61.2M 9s
 20000K .......... .......... .......... .......... .......... 24% 52.0M 9s
 20050K .......... .......... .......... .......... .......... 24%  125M 9s
 20100K .......... .......... .......... .......... .......... 24%  128M 9s
 20150K .......... .......... .......... .......... .......... 24% 86.1M 9s
 20200K .......... .......... .......... .......... .......... 24%  125M 9s
 20250K .......... .......... .......... .......... .......... 25%  131M 9s
 20300K .......... .......... .......... .......... .......... 25% 85.3M 9s
 20350K .......... .......... .......... .......... .......... 25% 63.6M 9s
 20400K .......... .......... .......... .......... .......... 25% 49.7M 9s
 20450K .......... .......... .......... .......... .......... 25% 62.7M 9s
 20500K .......... .......... .......... .......... .......... 25% 85.1M 9s
 20550K .......... .......... .......... .......... .......... 25% 64.3M 9s
 20600K .......... .......... .......... .......... .......... 25% 55.3M 9s
 20650K .......... .......... .......... .......... .......... 25% 63.9M 9s
 20700K .......... .......... .......... .......... .......... 25% 50.6M 9s
 20750K .......... .......... .......... .......... .......... 25% 84.8M 9s
 20800K .......... .......... .......... .......... .......... 25% 63.7M 9s
 20850K .......... .......... .......... .......... .......... 25%  126M 9s
 20900K .......... .......... .......... .......... .......... 25%  127M 9s
 20950K .......... .......... .......... .......... .......... 25% 64.0M 9s
 21000K .......... .......... .......... .......... .......... 25% 84.1M 9s
 21050K .......... .......... .......... .......... .......... 26% 1.16M 9s
 21100K .......... .......... .......... .......... .......... 26%  129M 9s
 21150K .......... .......... .......... .......... .......... 26% 85.2M 9s
 21200K .......... .......... .......... .......... .......... 26% 51.2M 9s
 21250K .......... .......... .......... .......... .......... 26% 35.0M 9s
 21300K .......... .......... .......... .......... .......... 26%  130M 9s
 21350K .......... .......... .......... .......... .......... 26% 83.8M 9s
 21400K .......... .......... .......... .......... .......... 26% 8.33M 8s
 21450K .......... .......... .......... .......... .......... 26% 57.8M 8s
 21500K .......... .......... .......... .......... .......... 26% 97.5M 8s
 21550K .......... .......... .......... .......... .......... 26%  127M 8s
 21600K .......... .......... .......... .......... .......... 26%  126M 8s
 21650K .......... .......... .......... .......... .......... 26% 85.3M 8s
 21700K .......... .......... .......... .......... .......... 26%  127M 8s
 21750K .......... .......... .......... .......... .......... 26% 84.4M 8s
 21800K .......... .......... .......... .......... .......... 26% 7.05M 8s
 21850K .......... .......... .......... .......... .......... 26% 50.2M 8s
 21900K .......... .......... .......... .......... .......... 27% 62.9M 8s
 21950K .......... .......... .......... .......... .......... 27%  146M 8s
 22000K .......... .......... .......... .......... .......... 27%  126M 8s
 22050K .......... .......... .......... .......... .......... 27% 85.6M 8s
 22100K .......... .......... .......... .......... .......... 27%  128M 8s
 22150K .......... .......... .......... .......... .......... 27% 84.3M 8s
 22200K .......... .......... .......... .......... .......... 27%  128M 8s
 22250K .......... .......... .......... .......... .......... 27%  127M 8s
 22300K .......... .......... .......... .......... .......... 27% 51.2M 8s
 22350K .......... .......... .......... .......... .......... 27% 63.4M 8s
 22400K .......... .......... .......... .......... .......... 27% 42.0M 8s
 22450K .......... .......... .......... .......... .......... 27%  129M 8s
 22500K .......... .......... .......... .......... .......... 27% 63.0M 8s
 22550K .......... .......... .......... .......... .......... 27% 85.8M 8s
 22600K .......... .......... .......... .......... .......... 27% 50.7M 8s
 22650K .......... .......... .......... .......... .......... 27% 63.9M 8s
 22700K .......... .......... .......... .......... .......... 28% 50.8M 8s
 22750K .......... .......... .......... .......... .......... 28% 64.1M 8s
 22800K .......... .......... .......... .......... .......... 28% 84.0M 8s
 22850K .......... .......... .......... .......... .......... 28% 84.3M 8s
 22900K .......... .......... .......... .......... .......... 28%  128M 8s
 22950K .......... .......... .......... .......... .......... 28% 85.1M 8s
 23000K .......... .......... .......... .......... .......... 28% 63.6M 8s
 23050K .......... .......... .......... .......... .......... 28% 1.00M 8s
 23100K .......... .......... .......... .......... .......... 28% 92.4M 8s
 23150K .......... .......... .......... .......... .......... 28% 84.7M 8s
 23200K .......... .......... .......... .......... .......... 28% 64.0M 8s
 23250K .......... .......... .......... .......... .......... 28% 27.6M 8s
 23300K .......... .......... .......... .......... .......... 28%  129M 8s
 23350K .......... .......... .......... .......... .......... 28% 84.8M 8s
 23400K .......... .......... .......... .......... .......... 28% 85.5M 8s
 23450K .......... .......... .......... .......... .......... 28% 8.33M 8s
 23500K .......... .......... .......... .......... .......... 29% 42.6M 8s
 23550K .......... .......... .......... .......... .......... 29%  128M 8s
 23600K .......... .......... .......... .......... .......... 29%  128M 8s
 23650K .......... .......... .......... .......... .......... 29% 84.4M 8s
 23700K .......... .......... .......... .......... .......... 29%  130M 8s
 23750K .......... .......... .......... .......... .......... 29% 83.3M 8s
 23800K .......... .......... .......... .......... .......... 29% 84.7M 8s
 23850K .......... .......... .......... .......... .......... 29% 28.2M 8s
 23900K .......... .......... .......... .......... .......... 29% 7.78M 8s
 23950K .......... .......... .......... .......... .......... 29% 62.7M 8s
 24000K .......... .......... .......... .......... .......... 29% 63.9M 7s
 24050K .......... .......... .......... .......... .......... 29%  126M 7s
 24100K .......... .......... .......... .......... .......... 29%  129M 7s
 24150K .......... .......... .......... .......... .......... 29% 84.7M 7s
 24200K .......... .......... .......... .......... .......... 29%  128M 7s
 24250K .......... .......... .......... .......... .......... 29%  126M 7s
 24300K .......... .......... .......... .......... .......... 30% 63.9M 7s
 24350K .......... .......... .......... .......... .......... 30% 63.2M 7s
 24400K .......... .......... .......... .......... .......... 30% 83.6M 7s
 24450K .......... .......... .......... .......... .......... 30% 41.7M 7s
 24500K .......... .......... .......... .......... .......... 30%  126M 7s
 24550K .......... .......... .......... .......... .......... 30% 63.4M 7s
 24600K .......... .......... .......... .......... .......... 30% 85.4M 7s
 24650K .......... .......... .......... .......... .......... 30% 63.6M 7s
 24700K .......... .......... .......... .......... .......... 30% 58.9M 7s
 24750K .......... .......... .......... .......... .......... 30% 51.5M 7s
 24800K .......... .......... .......... .......... .......... 30% 50.6M 7s
 24850K .......... .......... .......... .......... .......... 30% 84.7M 7s
 24900K .......... .......... .......... .......... .......... 30%  127M 7s
 24950K .......... .......... .......... .......... .......... 30% 85.2M 7s
 25000K .......... .......... .......... .......... .......... 30% 84.7M 7s
 25050K .......... .......... .......... .......... .......... 30% 63.4M 7s
 25100K .......... .......... .......... .......... .......... 31% 1.02M 7s
 25150K .......... .......... .......... .......... .......... 31%  129M 7s
 25200K .......... .......... .......... .......... .......... 31%  135M 7s
 25250K .......... .......... .......... .......... .......... 31% 64.1M 7s
 25300K .......... .......... .......... .......... .......... 31% 63.7M 7s
 25350K .......... .......... .......... .......... .......... 31% 26.0M 7s
 25400K .......... .......... .......... .......... .......... 31%  139M 7s
 25450K .......... .......... .......... .......... .......... 31% 63.0M 7s
 25500K .......... .......... .......... .......... .......... 31% 38.3M 7s
 25550K .......... .......... .......... .......... .......... 31% 6.19M 7s
 25600K .......... .......... .......... .......... .......... 31%  120M 7s
 25650K .......... .......... .......... .......... .......... 31% 86.4M 7s
 25700K .......... .......... .......... .......... .......... 31%  128M 7s
 25750K .......... .......... .......... .......... .......... 31%  127M 7s
 25800K .......... .......... .......... .......... .......... 31% 84.9M 7s
 25850K .......... .......... .......... .......... .......... 31% 84.7M 7s
 25900K .......... .......... .......... .......... .......... 31% 26.2M 7s
 25950K .......... .......... .......... .......... .......... 32% 7.98M 7s
 26000K .......... .......... .......... .......... .......... 32% 52.8M 7s
 26050K .......... .......... .......... .......... .......... 32% 86.8M 7s
 26100K .......... .......... .......... .......... .......... 32% 41.8M 7s
 26150K .......... .......... .......... .......... .......... 32%  128M 7s
 26200K .......... .......... .......... .......... .......... 32%  126M 7s
 26250K .......... .......... .......... .......... .......... 32% 85.4M 7s
 26300K .......... .......... .......... .......... .......... 32%  127M 7s
 26350K .......... .......... .......... .......... .......... 32% 84.8M 7s
 26400K .......... .......... .......... .......... .......... 32%  130M 7s
 26450K .......... .......... .......... .......... .......... 32% 50.3M 7s
 26500K .......... .......... .......... .......... .......... 32% 63.8M 7s
 26550K .......... .......... .......... .......... .......... 32% 63.5M 7s
 26600K .......... .......... .......... .......... .......... 32% 84.8M 7s
 26650K .......... .......... .......... .......... .......... 32% 63.6M 7s
 26700K .......... .......... .......... .......... .......... 32% 86.0M 7s
 26750K .......... .......... .......... .......... .......... 33% 48.9M 7s
 26800K .......... .......... .......... .......... .......... 33% 86.0M 7s
 26850K .......... .......... .......... .......... .......... 33% 50.7M 7s
 26900K .......... .......... .......... .......... .......... 33% 84.7M 7s
 26950K .......... .......... .......... .......... .......... 33% 63.4M 7s
 27000K .......... .......... .......... .......... .......... 33%  127M 7s
 27050K .......... .......... .......... .......... .......... 33% 63.7M 6s
 27100K .......... .......... .......... .......... .......... 33% 84.4M 6s
 27150K .......... .......... .......... .......... .......... 33% 64.2M 6s
 27200K .......... .......... .......... .......... .......... 33% 1004K 7s
 27250K .......... .......... .......... .......... .......... 33% 95.5M 7s
 27300K .......... .......... .......... .......... .......... 33%  127M 7s
 27350K .......... .......... .......... .......... .......... 33% 44.0M 6s
 27400K .......... .......... .......... .......... .......... 33% 26.7M 6s
 27450K .......... .......... .......... .......... .......... 33% 88.1M 6s
 27500K .......... .......... .......... .......... .......... 33% 90.6M 6s
 27550K .......... .......... .......... .......... .......... 34% 63.5M 6s
 27600K .......... .......... .......... .......... .......... 34% 6.61M 6s
 27650K .......... .......... .......... .......... .......... 34% 44.2M 6s
 27700K .......... .......... .......... .......... .......... 34%  128M 6s
 27750K .......... .......... .......... .......... .......... 34% 85.7M 6s
 27800K .......... .......... .......... .......... .......... 34%  126M 6s
 27850K .......... .......... .......... .......... .......... 34% 85.5M 6s
 27900K .......... .......... .......... .......... .......... 34%  127M 6s
 27950K .......... .......... .......... .......... .......... 34% 86.2M 6s
 28000K .......... .......... .......... .......... .......... 34% 10.2M 6s
 28050K .......... .......... .......... .......... .......... 34% 85.5M 6s
 28100K .......... .......... .......... .......... .......... 34%  143M 6s
 28150K .......... .......... .......... .......... .......... 34%  126M 6s
 28200K .......... .......... .......... .......... .......... 34% 84.8M 6s
 28250K .......... .......... .......... .......... .......... 34%  128M 6s
 28300K .......... .......... .......... .......... .......... 34%  123M 6s
 28350K .......... .......... .......... .......... .......... 35% 86.1M 6s
 28400K .......... .......... .......... .......... .......... 35%  128M 6s
 28450K .......... .......... .......... .......... .......... 35%  127M 6s
 28500K .......... .......... .......... .......... .......... 35%  127M 6s
 28550K .......... .......... .......... .......... .......... 35% 84.7M 6s
 28600K .......... .......... .......... .......... .......... 35%  127M 6s
 28650K .......... .......... .......... .......... .......... 35%  130M 6s
 28700K .......... .......... .......... .......... .......... 35%  125M 6s
 28750K .......... .......... .......... .......... .......... 35% 85.0M 6s
 28800K .......... .......... .......... .......... .......... 35%  125M 6s
 28850K .......... .......... .......... .......... .......... 35%  129M 6s
 28900K .......... .......... .......... .......... .......... 35%  126M 6s
 28950K .......... .......... .......... .......... .......... 35% 84.7M 6s
 29000K .......... .......... .......... .......... .......... 35%  126M 6s
 29050K .......... .......... .......... .......... .......... 35%  129M 6s
 29100K .......... .......... .......... .......... .......... 35% 62.1M 6s
 29150K .......... .......... .......... .......... .......... 35%  206M 6s
 29200K .......... .......... .......... .......... .......... 36%  151M 6s
 29250K .......... .......... .......... .......... .......... 36% 1.12M 6s
 29300K .......... .......... .......... .......... .......... 36%  132M 6s
 29350K .......... .......... .......... .......... .......... 36% 88.5M 6s
 29400K .......... .......... .......... .......... .......... 36%  128M 6s
 29450K .......... .......... .......... .......... .......... 36% 85.2M 6s
 29500K .......... .......... .......... .......... .......... 36% 51.1M 6s
 29550K .......... .......... .......... .......... .......... 36%  127M 6s
 29600K .......... .......... .......... .......... .......... 36% 86.0M 6s
 29650K .......... .......... .......... .......... .......... 36% 50.6M 6s
 29700K .......... .......... .......... .......... .......... 36% 9.36M 6s
 29750K .......... .......... .......... .......... .......... 36% 85.4M 6s
 29800K .......... .......... .......... .......... .......... 36%  126M 6s
 29850K .......... .......... .......... .......... .......... 36%  129M 6s
 29900K .......... .......... .......... .......... .......... 36% 84.1M 6s
 29950K .......... .......... .......... .......... .......... 36%  128M 6s
 30000K .......... .......... .......... .......... .......... 37%  127M 6s
 30050K .......... .......... .......... .......... .......... 37% 18.9M 6s
 30100K .......... .......... .......... .......... .......... 37% 12.6M 6s
 30150K .......... .......... .......... .......... .......... 37%  127M 6s
 30200K .......... .......... .......... .......... .......... 37% 85.1M 6s
 30250K .......... .......... .......... .......... .......... 37%  128M 6s
 30300K .......... .......... .......... .......... .......... 37%  126M 6s
 30350K .......... .......... .......... .......... .......... 37%  126M 6s
 30400K .......... .......... .......... .......... .......... 37% 85.3M 6s
 30450K .......... .......... .......... .......... .......... 37%  128M 6s
 30500K .......... .......... .......... .......... .......... 37%  128M 6s
 30550K .......... .......... .......... .......... .......... 37% 84.3M 6s
 30600K .......... .......... .......... .......... .......... 37%  127M 6s
 30650K .......... .......... .......... .......... .......... 37%  127M 6s
 30700K .......... .......... .......... .......... .......... 37%  129M 6s
 30750K .......... .......... .......... .......... .......... 37% 85.7M 6s
 30800K .......... .......... .......... .......... .......... 38%  125M 6s
 30850K .......... .......... .......... .......... .......... 38%  129M 6s
 30900K .......... .......... .......... .......... .......... 38%  126M 6s
 30950K .......... .......... .......... .......... .......... 38% 83.1M 6s
 31000K .......... .......... .......... .......... .......... 38%  129M 5s
 31050K .......... .......... .......... .......... .......... 38%  129M 5s
 31100K .......... .......... .......... .......... .......... 38% 84.4M 5s
 31150K .......... .......... .......... .......... .......... 38%  127M 5s
 31200K .......... .......... .......... .......... .......... 38%  127M 5s
 31250K .......... .......... .......... .......... .......... 38%  128M 5s
 31300K .......... .......... .......... .......... .......... 38% 1.17M 5s
 31350K .......... .......... .......... .......... .......... 38% 84.1M 5s
 31400K .......... .......... .......... .......... .......... 38% 63.7M 5s
 31450K .......... .......... .......... .......... .......... 38%  127M 5s
 31500K .......... .......... .......... .......... .......... 38% 84.9M 5s
 31550K .......... .......... .......... .......... .......... 38% 50.9M 5s
 31600K .......... .......... .......... .......... .......... 39% 84.7M 5s
 31650K .......... .......... .......... .......... .......... 39%  128M 5s
 31700K .......... .......... .......... .......... .......... 39% 39.3M 5s
 31750K .......... .......... .......... .......... .......... 39% 9.92M 5s
 31800K .......... .......... .......... .......... .......... 39% 90.8M 5s
 31850K .......... .......... .......... .......... .......... 39%  148M 5s
 31900K .......... .......... .......... .......... .......... 39% 82.5M 5s
 31950K .......... .......... .......... .......... .......... 39%  130M 5s
 32000K .......... .......... .......... .......... .......... 39%  128M 5s
 32050K .......... .......... .......... .......... .......... 39%  127M 5s
 32100K .......... .......... .......... .......... .......... 39% 85.4M 5s
 32150K .......... .......... .......... .......... .......... 39% 10.8M 5s
 32200K .......... .......... .......... .......... .......... 39% 70.1M 5s
 32250K .......... .......... .......... .......... .......... 39%  130M 5s
 32300K .......... .......... .......... .......... .......... 39%  128M 5s
 32350K .......... .......... .......... .......... .......... 39% 84.8M 5s
 32400K .......... .......... .......... .......... .......... 40%  127M 5s
 32450K .......... .......... .......... .......... .......... 40% 23.2M 5s
 32500K .......... .......... .......... .......... .......... 40%  127M 5s
 32550K .......... .......... .......... .......... .......... 40%  130M 5s
 32600K .......... .......... .......... .......... .......... 40% 84.0M 5s
 32650K .......... .......... .......... .......... .......... 40%  129M 5s
 32700K .......... .......... .......... .......... .......... 40%  125M 5s
 32750K .......... .......... .......... .......... .......... 40% 85.0M 5s
 32800K .......... .......... .......... .......... .......... 40%  127M 5s
 32850K .......... .......... .......... .......... .......... 40%  126M 5s
 32900K .......... .......... .......... .......... .......... 40%  128M 5s
 32950K .......... .......... .......... .......... .......... 40% 84.4M 5s
 33000K .......... .......... .......... .......... .......... 40%  128M 5s
 33050K .......... .......... .......... .......... .......... 40%  126M 5s
 33100K .......... .......... .......... .......... .......... 40% 85.3M 5s
 33150K .......... .......... .......... .......... .......... 40% 85.5M 5s
 33200K .......... .......... .......... .......... .......... 40% 84.0M 5s
 33250K .......... .......... .......... .......... .......... 41%  127M 5s
 33300K .......... .......... .......... .......... .......... 41%  128M 5s
 33350K .......... .......... .......... .......... .......... 41% 85.5M 5s
 33400K .......... .......... .......... .......... .......... 41% 1.10M 5s
 33450K .......... .......... .......... .......... .......... 41% 67.2M 5s
 33500K .......... .......... .......... .......... .......... 41% 13.8M 5s
 33550K .......... .......... .......... .......... .......... 41% 66.6M 5s
 33600K .......... .......... .......... .......... .......... 41% 64.4M 5s
 33650K .......... .......... .......... .......... .......... 41% 84.5M 5s
 33700K .......... .......... .......... .......... .......... 41% 84.4M 5s
 33750K .......... .......... .......... .......... .......... 41% 85.3M 5s
 33800K .......... .......... .......... .......... .......... 41% 4.54M 5s
 33850K .......... .......... .......... .......... .......... 41% 19.6M 5s
 33900K .......... .......... .......... .......... .......... 41%  141M 5s
 33950K .......... .......... .......... .......... .......... 41% 84.6M 5s
 34000K .......... .......... .......... .......... .......... 41%  129M 5s
 34050K .......... .......... .......... .......... .......... 42%  127M 5s
 34100K .......... .......... .......... .......... .......... 42% 85.2M 5s
 34150K .......... .......... .......... .......... .......... 42%  127M 5s
 34200K .......... .......... .......... .......... .......... 42% 9.86M 5s
 34250K .......... .......... .......... .......... .......... 42% 63.3M 5s
 34300K .......... .......... .......... .......... .......... 42%  129M 5s
 34350K .......... .......... .......... .......... .......... 42% 85.5M 5s
 34400K .......... .......... .......... .......... .......... 42%  123M 5s
 34450K .......... .......... .......... .......... .......... 42%  131M 5s
 34500K .......... .......... .......... .......... .......... 42% 84.9M 5s
 34550K .......... .......... .......... .......... .......... 42%  126M 5s
 34600K .......... .......... .......... .......... .......... 42%  128M 5s
 34650K .......... .......... .......... .......... .......... 42%  124M 5s
 34700K .......... .......... .......... .......... .......... 42% 86.4M 5s
 34750K .......... .......... .......... .......... .......... 42%  124M 5s
 34800K .......... .......... .......... .......... .......... 42%  130M 5s
 34850K .......... .......... .......... .......... .......... 43%  127M 5s
 34900K .......... .......... .......... .......... .......... 43% 85.0M 5s
 34950K .......... .......... .......... .......... .......... 43%  127M 5s
 35000K .......... .......... .......... .......... .......... 43%  126M 5s
 35050K .......... .......... .......... .......... .......... 43% 84.7M 5s
 35100K .......... .......... .......... .......... .......... 43% 85.0M 5s
 35150K .......... .......... .......... .......... .......... 43%  128M 5s
 35200K .......... .......... .......... .......... .......... 43%  125M 5s
 35250K .......... .......... .......... .......... .......... 43% 86.9M 5s
 35300K .......... .......... .......... .......... .......... 43% 83.0M 5s
 35350K .......... .......... .......... .......... .......... 43% 85.7M 5s
 35400K .......... .......... .......... .......... .......... 43%  127M 5s
 35450K .......... .......... .......... .......... .......... 43%  955K 5s
 35500K .......... .......... .......... .......... .......... 43% 86.1M 5s
 35550K .......... .......... .......... .......... .......... 43%  126M 5s
 35600K .......... .......... .......... .......... .......... 43% 11.8M 5s
 35650K .......... .......... .......... .......... .......... 44% 23.1M 5s
 35700K .......... .......... .......... .......... .......... 44% 83.9M 5s
 35750K .......... .......... .......... .......... .......... 44% 85.0M 5s
 35800K .......... .......... .......... .......... .......... 44% 85.6M 5s
 35850K .......... .......... .......... .......... .......... 44% 6.62M 5s
 35900K .......... .......... .......... .......... .......... 44% 9.75M 5s
 35950K .......... .......... .......... .......... .......... 44% 84.0M 5s
 36000K .......... .......... .......... .......... .......... 44%  127M 5s
 36050K .......... .......... .......... .......... .......... 44%  127M 5s
 36100K .......... .......... .......... .......... .......... 44% 84.7M 5s
 36150K .......... .......... .......... .......... .......... 44%  127M 5s
 36200K .......... .......... .......... .......... .......... 44%  127M 5s
 36250K .......... .......... .......... .......... .......... 44% 63.5M 4s
 36300K .......... .......... .......... .......... .......... 44% 9.34M 4s
 36350K .......... .......... .......... .......... .......... 44% 93.0M 4s
 36400K .......... .......... .......... .......... .......... 44%  129M 4s
 36450K .......... .......... .......... .......... .......... 44%  127M 4s
 36500K .......... .......... .......... .......... .......... 45% 85.8M 4s
 36550K .......... .......... .......... .......... .......... 45%  126M 4s
 36600K .......... .......... .......... .......... .......... 45%  128M 4s
 36650K .......... .......... .......... .......... .......... 45%  128M 4s
 36700K .......... .......... .......... .......... .......... 45% 79.5M 4s
 36750K .......... .......... .......... .......... .......... 45%  126M 4s
 36800K .......... .......... .......... .......... .......... 45%  141M 4s
 36850K .......... .......... .......... .......... .......... 45% 85.4M 4s
 36900K .......... .......... .......... .......... .......... 45%  125M 4s
 36950K .......... .......... .......... .......... .......... 45%  124M 4s
 37000K .......... .......... .......... .......... .......... 45%  132M 4s
 37050K .......... .......... .......... .......... .......... 45%  128M 4s
 37100K .......... .......... .......... .......... .......... 45% 84.7M 4s
 37150K .......... .......... .......... .......... .......... 45%  126M 4s
 37200K .......... .......... .......... .......... .......... 45%  125M 4s
 37250K .......... .......... .......... .......... .......... 45% 85.3M 4s
 37300K .......... .......... .......... .......... .......... 46%  128M 4s
 37350K .......... .......... .......... .......... .......... 46%  126M 4s
 37400K .......... .......... .......... .......... .......... 46%  128M 4s
 37450K .......... .......... .......... .......... .......... 46% 85.5M 4s
 37500K .......... .......... .......... .......... .......... 46% 84.3M 4s
 37550K .......... .......... .......... .......... .......... 46% 1002K 4s
 37600K .......... .......... .......... .......... .......... 46%  126M 4s
 37650K .......... .......... .......... .......... .......... 46% 11.7M 4s
 37700K .......... .......... .......... .......... .......... 46% 63.6M 4s
 37750K .......... .......... .......... .......... .......... 46% 62.6M 4s
 37800K .......... .......... .......... .......... .......... 46%  130M 4s
 37850K .......... .......... .......... .......... .......... 46% 84.4M 4s
 37900K .......... .......... .......... .......... .......... 46% 6.26M 4s
 37950K .......... .......... .......... .......... .......... 46% 7.04M 4s
 38000K .......... .......... .......... .......... .......... 46%  128M 4s
 38050K .......... .......... .......... .......... .......... 46%  128M 4s
 38100K .......... .......... .......... .......... .......... 47% 84.8M 4s
 38150K .......... .......... .......... .......... .......... 47%  127M 4s
 38200K .......... .......... .......... .......... .......... 47%  124M 4s
 38250K .......... .......... .......... .......... .......... 47% 86.7M 4s
 38300K .......... .......... .......... .......... .......... 47% 83.9M 4s
 38350K .......... .......... .......... .......... .......... 47% 11.1M 4s
 38400K .......... .......... .......... .......... .......... 47% 68.3M 4s
 38450K .......... .......... .......... .......... .......... 47%  131M 4s
 38500K .......... .......... .......... .......... .......... 47%  121M 4s
 38550K .......... .......... .......... .......... .......... 47% 88.2M 4s
 38600K .......... .......... .......... .......... .......... 47%  128M 4s
 38650K .......... .......... .......... .......... .......... 47%  127M 4s
 38700K .......... .......... .......... .......... .......... 47%  127M 4s
 38750K .......... .......... .......... .......... .......... 47% 50.6M 4s
 38800K .......... .......... .......... .......... .......... 47% 85.1M 4s
 38850K .......... .......... .......... .......... .......... 47%  128M 4s
 38900K .......... .......... .......... .......... .......... 48%  127M 4s
 38950K .......... .......... .......... .......... .......... 48%  126M 4s
 39000K .......... .......... .......... .......... .......... 48% 82.2M 4s
 39050K .......... .......... .......... .......... .......... 48%  133M 4s
 39100K .......... .......... .......... .......... .......... 48%  128M 4s
 39150K .......... .......... .......... .......... .......... 48%  126M 4s
 39200K .......... .......... .......... .......... .......... 48% 85.3M 4s
 39250K .......... .......... .......... .......... .......... 48%  126M 4s
 39300K .......... .......... .......... .......... .......... 48%  127M 4s
 39350K .......... .......... .......... .......... .......... 48%  127M 4s
 39400K .......... .......... .......... .......... .......... 48% 85.0M 4s
 39450K .......... .......... .......... .......... .......... 48%  127M 4s
 39500K .......... .......... .......... .......... .......... 48%  128M 4s
 39550K .......... .......... .......... .......... .......... 48% 84.4M 4s
 39600K .......... .......... .......... .......... .......... 48%  989K 4s
 39650K .......... .......... .......... .......... .......... 48%  127M 4s
 39700K .......... .......... .......... .......... .......... 49% 87.1M 4s
 39750K .......... .......... .......... .......... .......... 49% 10.8M 4s
 39800K .......... .......... .......... .......... .......... 49% 51.0M 4s
 39850K .......... .......... .......... .......... .......... 49% 82.9M 4s
 39900K .......... .......... .......... .......... .......... 49%  130M 4s
 39950K .......... .......... .......... .......... .......... 49% 64.0M 4s
 40000K .......... .......... .......... .......... .......... 49% 4.10M 4s
 40050K .......... .......... .......... .......... .......... 49% 24.3M 4s
 40100K .......... .......... .......... .......... .......... 49% 83.9M 4s
 40150K .......... .......... .......... .......... .......... 49%  131M 4s
 40200K .......... .......... .......... .......... .......... 49% 85.1M 4s
 40250K .......... .......... .......... .......... .......... 49%  126M 4s
 40300K .......... .......... .......... .......... .......... 49%  130M 4s
 40350K .......... .......... .......... .......... .......... 49% 85.3M 4s
 40400K .......... .......... .......... .......... .......... 49% 84.9M 4s
 40450K .......... .......... .......... .......... .......... 49% 9.51M 4s
 40500K .......... .......... .......... .......... .......... 49% 85.7M 4s
 40550K .......... .......... .......... .......... .......... 50%  122M 4s
 40600K .......... .......... .......... .......... .......... 50%  131M 4s
 40650K .......... .......... .......... .......... .......... 50% 84.9M 4s
 40700K .......... .......... .......... .......... .......... 50%  128M 4s
 40750K .......... .......... .......... .......... .......... 50%  126M 4s
 40800K .......... .......... .......... .......... .......... 50% 85.9M 4s
 40850K .......... .......... .......... .......... .......... 50% 83.9M 4s
 40900K .......... .......... .......... .......... .......... 50%  127M 4s
 40950K .......... .......... .......... .......... .......... 50%  126M 4s
 41000K .......... .......... .......... .......... .......... 50% 64.2M 4s
 41050K .......... .......... .......... .......... .......... 50%  126M 4s
 41100K .......... .......... .......... .......... .......... 50%  128M 4s
 41150K .......... .......... .......... .......... .......... 50% 84.3M 4s
 41200K .......... .......... .......... .......... .......... 50%  126M 4s
 41250K .......... .......... .......... .......... .......... 50%  129M 4s
 41300K .......... .......... .......... .......... .......... 50%  127M 4s
 41350K .......... .......... .......... .......... .......... 51% 84.7M 4s
 41400K .......... .......... .......... .......... .......... 51%  125M 4s
 41450K .......... .......... .......... .......... .......... 51%  127M 4s
 41500K .......... .......... .......... .......... .......... 51%  130M 4s
 41550K .......... .......... .......... .......... .......... 51% 83.7M 4s
 41600K .......... .......... .......... .......... .......... 51%  131M 4s
 41650K .......... .......... .......... .......... .......... 51% 63.9M 4s
 41700K .......... .......... .......... .......... .......... 51%  997K 4s
 41750K .......... .......... .......... .......... .......... 51% 86.3M 4s
 41800K .......... .......... .......... .......... .......... 51% 11.0M 4s
 41850K .......... .......... .......... .......... .......... 51% 64.9M 4s
 41900K .......... .......... .......... .......... .......... 51% 83.8M 4s
 41950K .......... .......... .......... .......... .......... 51% 84.9M 4s
 42000K .......... .......... .......... .......... .......... 51% 63.5M 4s
 42050K .......... .......... .......... .......... .......... 51% 85.7M 4s
 42100K .......... .......... .......... .......... .......... 51% 4.35M 4s
 42150K .......... .......... .......... .......... .......... 52% 19.1M 4s
 42200K .......... .......... .......... .......... .......... 52%  131M 4s
 42250K .......... .......... .......... .......... .......... 52% 49.6M 4s
 42300K .......... .......... .......... .......... .......... 52%  121M 4s
 42350K .......... .......... .......... .......... .......... 52% 86.2M 4s
 42400K .......... .......... .......... .......... .......... 52%  127M 4s
 42450K .......... .......... .......... .......... .......... 52% 86.4M 4s
 42500K .......... .......... .......... .......... .......... 52% 11.0M 4s
 42550K .......... .......... .......... .......... .......... 52% 62.8M 4s
 42600K .......... .......... .......... .......... .......... 52% 85.9M 4s
 42650K .......... .......... .......... .......... .......... 52%  128M 4s
 42700K .......... .......... .......... .......... .......... 52%  125M 4s
 42750K .......... .......... .......... .......... .......... 52% 85.9M 4s
 42800K .......... .......... .......... .......... .......... 52%  126M 4s
 42850K .......... .......... .......... .......... .......... 52%  127M 3s
 42900K .......... .......... .......... .......... .......... 52% 85.0M 3s
 42950K .......... .......... .......... .......... .......... 53%  128M 3s
 43000K .......... .......... .......... .......... .......... 53%  123M 3s
 43050K .......... .......... .......... .......... .......... 53%  131M 3s
 43100K .......... .......... .......... .......... .......... 53% 83.3M 3s
 43150K .......... .......... .......... .......... .......... 53%  131M 3s
 43200K .......... .......... .......... .......... .......... 53%  127M 3s
 43250K .......... .......... .......... .......... .......... 53%  126M 3s
 43300K .......... .......... .......... .......... .......... 53% 85.4M 3s
 43350K .......... .......... .......... .......... .......... 53%  127M 3s
 43400K .......... .......... .......... .......... .......... 53%  127M 3s
 43450K .......... .......... .......... .......... .......... 53% 84.0M 3s
 43500K .......... .......... .......... .......... .......... 53%  128M 3s
 43550K .......... .......... .......... .......... .......... 53% 84.0M 3s
 43600K .......... .......... .......... .......... .......... 53%  130M 3s
 43650K .......... .......... .......... .......... .......... 53%  127M 3s
 43700K .......... .......... .......... .......... .......... 53% 84.9M 3s
 43750K .......... .......... .......... .......... .......... 53% 64.3M 3s
 43800K .......... .......... .......... .......... .......... 54% 1008K 3s
 43850K .......... .......... .......... .......... .......... 54% 62.6M 3s
 43900K .......... .......... .......... .......... .......... 54% 10.0M 3s
 43950K .......... .......... .......... .......... .......... 54% 85.4M 3s
 44000K .......... .......... .......... .......... .......... 54%  129M 3s
 44050K .......... .......... .......... .......... .......... 54% 50.9M 3s
 44100K .......... .......... .......... .......... .......... 54% 63.0M 3s
 44150K .......... .......... .......... .......... .......... 54% 6.56M 3s
 44200K .......... .......... .......... .......... .......... 54% 8.13M 3s
 44250K .......... .......... .......... .......... .......... 54%  121M 3s
 44300K .......... .......... .......... .......... .......... 54% 92.6M 3s
 44350K .......... .......... .......... .......... .......... 54%  126M 3s
 44400K .......... .......... .......... .......... .......... 54% 84.6M 3s
 44450K .......... .......... .......... .......... .......... 54%  128M 3s
 44500K .......... .......... .......... .......... .......... 54% 84.8M 3s
 44550K .......... .......... .......... .......... .......... 54% 50.6M 3s
 44600K .......... .......... .......... .......... .......... 55% 11.0M 3s
 44650K .......... .......... .......... .......... .......... 55% 83.8M 3s
 44700K .......... .......... .......... .......... .......... 55% 84.6M 3s
 44750K .......... .......... .......... .......... .......... 55%  129M 3s
 44800K .......... .......... .......... .......... .......... 55%  126M 3s
 44850K .......... .......... .......... .......... .......... 55%  127M 3s
 44900K .......... .......... .......... .......... .......... 55% 84.8M 3s
 44950K .......... .......... .......... .......... .......... 55%  126M 3s
 45000K .......... .......... .......... .......... .......... 55%  130M 3s
 45050K .......... .......... .......... .......... .......... 55% 22.2M 3s
 45100K .......... .......... .......... .......... .......... 55%  125M 3s
 45150K .......... .......... .......... .......... .......... 55%  127M 3s
 45200K .......... .......... .......... .......... .......... 55% 83.6M 3s
 45250K .......... .......... .......... .......... .......... 55%  132M 3s
 45300K .......... .......... .......... .......... .......... 55% 83.8M 3s
 45350K .......... .......... .......... .......... .......... 55% 85.0M 3s
 45400K .......... .......... .......... .......... .......... 56%  126M 3s
 45450K .......... .......... .......... .......... .......... 56%  128M 3s
 45500K .......... .......... .......... .......... .......... 56%  118M 3s
 45550K .......... .......... .......... .......... .......... 56% 91.1M 3s
 45600K .......... .......... .......... .......... .......... 56%  124M 3s
 45650K .......... .......... .......... .......... .......... 56%  120M 3s
 45700K .......... .......... .......... .......... .......... 56% 88.5M 3s
 45750K .......... .......... .......... .......... .......... 56%  129M 3s
 45800K .......... .......... .......... .......... .......... 56% 84.5M 3s
 45850K .......... .......... .......... .......... .......... 56% 1.00M 3s
 45900K .......... .......... .......... .......... .......... 56%  127M 3s
 45950K .......... .......... .......... .......... .......... 56% 10.3M 3s
 46000K .......... .......... .......... .......... .......... 56% 37.8M 3s
 46050K .......... .......... .......... .......... .......... 56%  126M 3s
 46100K .......... .......... .......... .......... .......... 56% 84.2M 3s
 46150K .......... .......... .......... .......... .......... 56% 87.0M 3s
 46200K .......... .......... .......... .......... .......... 57% 62.4M 3s
 46250K .......... .......... .......... .......... .......... 57% 4.43M 3s
 46300K .......... .......... .......... .......... .......... 57% 23.2M 3s
 46350K .......... .......... .......... .......... .......... 57% 91.6M 3s
 46400K .......... .......... .......... .......... .......... 57% 85.0M 3s
 46450K .......... .......... .......... .......... .......... 57% 84.7M 3s
 46500K .......... .......... .......... .......... .......... 57%  128M 3s
 46550K .......... .......... .......... .......... .......... 57%  127M 3s
 46600K .......... .......... .......... .......... .......... 57% 86.0M 3s
 46650K .......... .......... .......... .......... .......... 57% 13.1M 3s
 46700K .......... .......... .......... .......... .......... 57% 33.0M 3s
 46750K .......... .......... .......... .......... .......... 57%  125M 3s
 46800K .......... .......... .......... .......... .......... 57% 84.9M 3s
 46850K .......... .......... .......... .......... .......... 57%  128M 3s
 46900K .......... .......... .......... .......... .......... 57%  126M 3s
 46950K .......... .......... .......... .......... .......... 57%  129M 3s
 47000K .......... .......... .......... .......... .......... 58% 83.7M 3s
 47050K .......... .......... .......... .......... .......... 58%  130M 3s
 47100K .......... .......... .......... .......... .......... 58%  126M 3s
 47150K .......... .......... .......... .......... .......... 58% 85.0M 3s
 47200K .......... .......... .......... .......... .......... 58%  127M 3s
 47250K .......... .......... .......... .......... .......... 58% 84.7M 3s
 47300K .......... .......... .......... .......... .......... 58%  128M 3s
 47350K .......... .......... .......... .......... .......... 58%  125M 3s
 47400K .......... .......... .......... .......... .......... 58%  129M 3s
 47450K .......... .......... .......... .......... .......... 58% 84.4M 3s
 47500K .......... .......... .......... .......... .......... 58%  125M 3s
 47550K .......... .......... .......... .......... .......... 58%  129M 3s
 47600K .......... .......... .......... .......... .......... 58% 84.7M 3s
 47650K .......... .......... .......... .......... .......... 58%  128M 3s
 47700K .......... .......... .......... .......... .......... 58%  128M 3s
 47750K .......... .......... .......... .......... .......... 58%  126M 3s
 47800K .......... .......... .......... .......... .......... 58% 83.9M 3s
 47850K .......... .......... .......... .......... .......... 59% 86.4M 3s
 47900K .......... .......... .......... .......... .......... 59% 43.2M 3s
 47950K .......... .......... .......... .......... .......... 59% 1020K 3s
 48000K .......... .......... .......... .......... .......... 59% 87.9M 3s
 48050K .......... .......... .......... .......... .......... 59% 9.40M 3s
 48100K .......... .......... .......... .......... .......... 59% 93.0M 3s
 48150K .......... .......... .......... .......... .......... 59% 86.3M 3s
 48200K .......... .......... .......... .......... .......... 59% 62.9M 3s
 48250K .......... .......... .......... .......... .......... 59% 87.5M 3s
 48300K .......... .......... .......... .......... .......... 59% 83.7M 3s
 48350K .......... .......... .......... .......... .......... 59% 3.74M 3s
 48400K .......... .......... .......... .......... .......... 59% 49.8M 3s
 48450K .......... .......... .......... .......... .......... 59% 84.5M 3s
 48500K .......... .......... .......... .......... .......... 59%  128M 3s
 48550K .......... .......... .......... .......... .......... 59% 84.4M 3s
 48600K .......... .......... .......... .......... .......... 59%  128M 3s
 48650K .......... .......... .......... .......... .......... 60% 85.0M 3s
 48700K .......... .......... .......... .......... .......... 60% 84.8M 3s
 48750K .......... .......... .......... .......... .......... 60% 10.8M 3s
 48800K .......... .......... .......... .......... .......... 60% 76.8M 3s
 48850K .......... .......... .......... .......... .......... 60% 96.4M 3s
 48900K .......... .......... .......... .......... .......... 60%  127M 3s
 48950K .......... .......... .......... .......... .......... 60%  127M 3s
 49000K .......... .......... .......... .......... .......... 60%  128M 3s
 49050K .......... .......... .......... .......... .......... 60% 84.8M 3s
 49100K .......... .......... .......... .......... .......... 60%  128M 3s
 49150K .......... .......... .......... .......... .......... 60%  125M 3s
 49200K .......... .......... .......... .......... .......... 60%  127M 3s
 49250K .......... .......... .......... .......... .......... 60% 85.7M 3s
 49300K .......... .......... .......... .......... .......... 60% 63.5M 3s
 49350K .......... .......... .......... .......... .......... 60%  127M 3s
 49400K .......... .......... .......... .......... .......... 60% 84.7M 3s
 49450K .......... .......... .......... .......... .......... 61%  125M 3s
 49500K .......... .......... .......... .......... .......... 61% 85.9M 3s
 49550K .......... .......... .......... .......... .......... 61%  123M 3s
 49600K .......... .......... .......... .......... .......... 61% 86.4M 3s
 49650K .......... .......... .......... .......... .......... 61%  127M 3s
 49700K .......... .......... .......... .......... .......... 61%  126M 3s
 49750K .......... .......... .......... .......... .......... 61% 85.4M 3s
 49800K .......... .......... .......... .......... .......... 61%  125M 3s
 49850K .......... .......... .......... .......... .......... 61%  129M 3s
 49900K .......... .......... .......... .......... .......... 61% 84.8M 3s
 49950K .......... .......... .......... .......... .......... 61% 84.3M 3s
 50000K .......... .......... .......... .......... .......... 61% 8.31M 3s
 50050K .......... .......... .......... .......... .......... 61% 1.08M 3s
 50100K .......... .......... .......... .......... .......... 61% 69.4M 3s
 50150K .......... .......... .......... .......... .......... 61% 10.6M 3s
 50200K .......... .......... .......... .......... .......... 61% 84.0M 3s
 50250K .......... .......... .......... .......... .......... 62% 87.0M 3s
 50300K .......... .......... .......... .......... .......... 62% 83.4M 3s
 50350K .......... .......... .......... .......... .......... 62% 50.7M 3s
 50400K .......... .......... .......... .......... .......... 62% 5.84M 3s
 50450K .......... .......... .......... .......... .......... 62% 9.56M 3s
 50500K .......... .......... .......... .......... .......... 62%  130M 3s
 50550K .......... .......... .......... .......... .......... 62% 85.1M 3s
 50600K .......... .......... .......... .......... .......... 62% 84.1M 3s
 50650K .......... .......... .......... .......... .......... 62%  128M 3s
 50700K .......... .......... .......... .......... .......... 62%  128M 3s
 50750K .......... .......... .......... .......... .......... 62% 63.5M 3s
 50800K .......... .......... .......... .......... .......... 62% 14.3M 3s
 50850K .......... .......... .......... .......... .......... 62% 26.4M 3s
 50900K .......... .......... .......... .......... .......... 62% 83.7M 3s
 50950K .......... .......... .......... .......... .......... 62%  126M 3s
 51000K .......... .......... .......... .......... .......... 62%  128M 3s
 51050K .......... .......... .......... .......... .......... 62%  129M 3s
 51100K .......... .......... .......... .......... .......... 63% 84.2M 3s
 51150K .......... .......... .......... .......... .......... 63%  128M 3s
 51200K .......... .......... .......... .......... .......... 63%  125M 3s
 51250K .......... .......... .......... .......... .......... 63%  129M 2s
 51300K .......... .......... .......... .......... .......... 63% 84.4M 2s
 51350K .......... .......... .......... .......... .......... 63%  127M 2s
 51400K .......... .......... .......... .......... .......... 63%  127M 2s
 51450K .......... .......... .......... .......... .......... 63%  127M 2s
 51500K .......... .......... .......... .......... .......... 63% 85.0M 2s
 51550K .......... .......... .......... .......... .......... 63%  126M 2s
 51600K .......... .......... .......... .......... .......... 63%  129M 2s
 51650K .......... .......... .......... .......... .......... 63% 84.2M 2s
 51700K .......... .......... .......... .......... .......... 63%  126M 2s
 51750K .......... .......... .......... .......... .......... 63%  128M 2s
 51800K .......... .......... .......... .......... .......... 63%  126M 2s
 51850K .......... .......... .......... .......... .......... 63% 85.5M 2s
 51900K .......... .......... .......... .......... .......... 64%  125M 2s
 51950K .......... .......... .......... .......... .......... 64%  128M 2s
 52000K .......... .......... .......... .......... .......... 64% 85.5M 2s
 52050K .......... .......... .......... .......... .......... 64% 86.0M 2s
 52100K .......... .......... .......... .......... .......... 64%  997K 2s
 52150K .......... .......... .......... .......... .......... 64% 71.4M 2s
 52200K .......... .......... .......... .......... .......... 64% 10.8M 2s
 52250K .......... .......... .......... .......... .......... 64% 92.9M 2s
 52300K .......... .......... .......... .......... .......... 64%  127M 2s
 52350K .......... .......... .......... .......... .......... 64% 87.1M 2s
 52400K .......... .......... .......... .......... .......... 64% 62.4M 2s
 52450K .......... .......... .......... .......... .......... 64% 51.2M 2s
 52500K .......... .......... .......... .......... .......... 64% 4.41M 2s
 52550K .......... .......... .......... .......... .......... 64% 26.2M 2s
 52600K .......... .......... .......... .......... .......... 64% 86.6M 2s
 52650K .......... .......... .......... .......... .......... 64%  126M 2s
 52700K .......... .......... .......... .......... .......... 65% 85.4M 2s
 52750K .......... .......... .......... .......... .......... 65%  124M 2s
 52800K .......... .......... .......... .......... .......... 65% 85.9M 2s
 52850K .......... .......... .......... .......... .......... 65% 64.0M 2s
 52900K .......... .......... .......... .......... .......... 65% 10.5M 2s
 52950K .......... .......... .......... .......... .......... 65% 63.7M 2s
 53000K .......... .......... .......... .......... .......... 65%  129M 2s
 53050K .......... .......... .......... .......... .......... 65%  129M 2s
 53100K .......... .......... .......... .......... .......... 65%  125M 2s
 53150K .......... .......... .......... .......... .......... 65% 85.6M 2s
 53200K .......... .......... .......... .......... .......... 65%  126M 2s
 53250K .......... .......... .......... .......... .......... 65%  126M 2s
 53300K .......... .......... .......... .......... .......... 65% 85.5M 2s
 53350K .......... .......... .......... .......... .......... 65%  126M 2s
 53400K .......... .......... .......... .......... .......... 65%  127M 2s
 53450K .......... .......... .......... .......... .......... 65%  125M 2s
 53500K .......... .......... .......... .......... .......... 66% 85.3M 2s
 53550K .......... .......... .......... .......... .......... 66%  121M 2s
 53600K .......... .......... .......... .......... .......... 66%  121M 2s
 53650K .......... .......... .......... .......... .......... 66% 91.8M 2s
 53700K .......... .......... .......... .......... .......... 66%  127M 2s
 53750K .......... .......... .......... .......... .......... 66% 83.9M 2s
 53800K .......... .......... .......... .......... .......... 66%  128M 2s
 53850K .......... .......... .......... .......... .......... 66%  127M 2s
 53900K .......... .......... .......... .......... .......... 66%  123M 2s
 53950K .......... .......... .......... .......... .......... 66% 86.8M 2s
 54000K .......... .......... .......... .......... .......... 66%  124M 2s
 54050K .......... .......... .......... .......... .......... 66% 46.3M 2s
 54100K .......... .......... .......... .......... .......... 66% 84.5M 2s
 54150K .......... .......... .......... .......... .......... 66% 64.3M 2s
 54200K .......... .......... .......... .......... .......... 66%  993K 2s
 54250K .......... .......... .......... .......... .......... 66% 84.0M 2s
 54300K .......... .......... .......... .......... .......... 67% 10.4M 2s
 54350K .......... .......... .......... .......... .......... 67%  125M 2s
 54400K .......... .......... .......... .......... .......... 67% 84.5M 2s
 54450K .......... .......... .......... .......... .......... 67% 64.7M 2s
 54500K .......... .......... .......... .......... .......... 67% 84.8M 2s
 54550K .......... .......... .......... .......... .......... 67% 5.53M 2s
 54600K .......... .......... .......... .......... .......... 67% 8.98M 2s
 54650K .......... .......... .......... .......... .......... 67% 87.3M 2s
 54700K .......... .......... .......... .......... .......... 67% 84.1M 2s
 54750K .......... .......... .......... .......... .......... 67%  130M 2s
 54800K .......... .......... .......... .......... .......... 67%  128M 2s
 54850K .......... .......... .......... .......... .......... 67% 85.0M 2s
 54900K .......... .......... .......... .......... .......... 67%  128M 2s
 54950K .......... .......... .......... .......... .......... 67% 14.4M 2s
 55000K .......... .......... .......... .......... .......... 67% 22.5M 2s
 55050K .......... .......... .......... .......... .......... 67%  127M 2s
 55100K .......... .......... .......... .......... .......... 67%  130M 2s
 55150K .......... .......... .......... .......... .......... 68% 85.1M 2s
 55200K .......... .......... .......... .......... .......... 68%  127M 2s
 55250K .......... .......... .......... .......... .......... 68% 36.7M 2s
 55300K .......... .......... .......... .......... .......... 68%  123M 2s
 55350K .......... .......... .......... .......... .......... 68%  131M 2s
 55400K .......... .......... .......... .......... .......... 68% 84.7M 2s
 55450K .......... .......... .......... .......... .......... 68%  128M 2s
 55500K .......... .......... .......... .......... .......... 68%  126M 2s
 55550K .......... .......... .......... .......... .......... 68% 85.4M 2s
 55600K .......... .......... .......... .......... .......... 68%  126M 2s
 55650K .......... .......... .......... .......... .......... 68%  130M 2s
 55700K .......... .......... .......... .......... .......... 68% 83.4M 2s
 55750K .......... .......... .......... .......... .......... 68%  127M 2s
 55800K .......... .......... .......... .......... .......... 68% 85.0M 2s
 55850K .......... .......... .......... .......... .......... 68%  127M 2s
 55900K .......... .......... .......... .......... .......... 68%  127M 2s
 55950K .......... .......... .......... .......... .......... 69%  127M 2s
 56000K .......... .......... .......... .......... .......... 69% 85.4M 2s
 56050K .......... .......... .......... .......... .......... 69% 63.3M 2s
 56100K .......... .......... .......... .......... .......... 69%  128M 2s
 56150K .......... .......... .......... .......... .......... 69%  127M 2s
 56200K .......... .......... .......... .......... .......... 69% 84.8M 2s
 56250K .......... .......... .......... .......... .......... 69% 1.02M 2s
 56300K .......... .......... .......... .......... .......... 69% 28.2M 2s
 56350K .......... .......... .......... .......... .......... 69%  125M 2s
 56400K .......... .......... .......... .......... .......... 69% 11.9M 2s
 56450K .......... .......... .......... .......... .......... 69% 86.4M 2s
 56500K .......... .......... .......... .......... .......... 69% 63.5M 2s
 56550K .......... .......... .......... .......... .......... 69% 83.5M 2s
 56600K .......... .......... .......... .......... .......... 69% 86.2M 2s
 56650K .......... .......... .......... .......... .......... 69% 4.60M 2s
 56700K .......... .......... .......... .......... .......... 69% 15.6M 2s
 56750K .......... .......... .......... .......... .......... 70% 64.0M 2s
 56800K .......... .......... .......... .......... .......... 70%  128M 2s
 56850K .......... .......... .......... .......... .......... 70% 84.4M 2s
 56900K .......... .......... .......... .......... .......... 70% 85.7M 2s
 56950K .......... .......... .......... .......... .......... 70% 84.6M 2s
 57000K .......... .......... .......... .......... .......... 70% 55.8M 2s
 57050K .......... .......... .......... .......... .......... 70% 10.7M 2s
 57100K .......... .......... .......... .......... .......... 70% 63.7M 2s
 57150K .......... .......... .......... .......... .......... 70%  126M 2s
 57200K .......... .......... .......... .......... .......... 70%  128M 2s
 57250K .......... .......... .......... .......... .......... 70% 85.0M 2s
 57300K .......... .......... .......... .......... .......... 70%  128M 2s
 57350K .......... .......... .......... .......... .......... 70% 63.5M 2s
 57400K .......... .......... .......... .......... .......... 70%  127M 2s
 57450K .......... .......... .......... .......... .......... 70% 85.9M 2s
 57500K .......... .......... .......... .......... .......... 70% 83.7M 2s
 57550K .......... .......... .......... .......... .......... 71%  128M 2s
 57600K .......... .......... .......... .......... .......... 71% 84.4M 2s
 57650K .......... .......... .......... .......... .......... 71%  128M 2s
 57700K .......... .......... .......... .......... .......... 71%  126M 2s
 57750K .......... .......... .......... .......... .......... 71%  127M 2s
 57800K .......... .......... .......... .......... .......... 71% 84.8M 2s
 57850K .......... .......... .......... .......... .......... 71%  129M 2s
 57900K .......... .......... .......... .......... .......... 71%  127M 2s
 57950K .......... .......... .......... .......... .......... 71%  126M 2s
 58000K .......... .......... .......... .......... .......... 71% 85.1M 2s
 58050K .......... .......... .......... .......... .......... 71%  126M 2s
 58100K .......... .......... .......... .......... .......... 71%  129M 2s
 58150K .......... .......... .......... .......... .......... 71% 84.5M 2s
 58200K .......... .......... .......... .......... .......... 71%  127M 2s
 58250K .......... .......... .......... .......... .......... 71%  128M 2s
 58300K .......... .......... .......... .......... .......... 71% 84.1M 2s
 58350K .......... .......... .......... .......... .......... 71%  999K 2s
 58400K .......... .......... .......... .......... .......... 72% 50.7M 2s
 58450K .......... .......... .......... .......... .......... 72% 11.6M 2s
 58500K .......... .......... .......... .......... .......... 72%  129M 2s
 58550K .......... .......... .......... .......... .......... 72% 84.4M 2s
 58600K .......... .......... .......... .......... .......... 72%  124M 2s
 58650K .......... .......... .......... .......... .......... 72% 64.8M 2s
 58700K .......... .......... .......... .......... .......... 72% 42.1M 2s
 58750K .......... .......... .......... .......... .......... 72% 4.22M 2s
 58800K .......... .......... .......... .......... .......... 72% 22.6M 2s
 58850K .......... .......... .......... .......... .......... 72% 85.9M 2s
 58900K .......... .......... .......... .......... .......... 72%  128M 2s
 58950K .......... .......... .......... .......... .......... 72% 84.2M 2s
 59000K .......... .......... .......... .......... .......... 72% 83.8M 2s
 59050K .......... .......... .......... .......... .......... 72%  131M 2s
 59100K .......... .......... .......... .......... .......... 72% 14.1M 2s
 59150K .......... .......... .......... .......... .......... 72% 22.5M 2s
 59200K .......... .......... .......... .......... .......... 73% 82.8M 2s
 59250K .......... .......... .......... .......... .......... 73%  127M 2s
 59300K .......... .......... .......... .......... .......... 73% 85.3M 2s
 59350K .......... .......... .......... .......... .......... 73%  128M 2s
 59400K .......... .......... .......... .......... .......... 73% 63.3M 2s
 59450K .......... .......... .......... .......... .......... 73%  128M 2s
 59500K .......... .......... .......... .......... .......... 73%  126M 2s
 59550K .......... .......... .......... .......... .......... 73% 85.4M 2s
 59600K .......... .......... .......... .......... .......... 73%  127M 2s
 59650K .......... .......... .......... .......... .......... 73% 84.2M 2s
 59700K .......... .......... .......... .......... .......... 73%  128M 2s
 59750K .......... .......... .......... .......... .......... 73%  127M 2s
 59800K .......... .......... .......... .......... .......... 73%  121M 2s
 59850K .......... .......... .......... .......... .......... 73% 65.2M 2s
 59900K .......... .......... .......... .......... .......... 73% 85.0M 2s
 59950K .......... .......... .......... .......... .......... 73%  127M 2s
 60000K .......... .......... .......... .......... .......... 74%  127M 2s
 60050K .......... .......... .......... .......... .......... 74% 85.3M 2s
 60100K .......... .......... .......... .......... .......... 74% 56.3M 2s
 60150K .......... .......... .......... .......... .......... 74%  126M 2s
 60200K .......... .......... .......... .......... .......... 74% 84.9M 2s
 60250K .......... .......... .......... .......... .......... 74%  126M 2s
 60300K .......... .......... .......... .......... .......... 74% 84.7M 2s
 60350K .......... .......... .......... .......... .......... 74% 61.2M 2s
 60400K .......... .......... .......... .......... .......... 74% 63.5M 2s
 60450K .......... .......... .......... .......... .......... 74% 1.00M 2s
 60500K .......... .......... .......... .......... .......... 74% 42.4M 2s
 60550K .......... .......... .......... .......... .......... 74% 11.3M 2s
 60600K .......... .......... .......... .......... .......... 74% 86.9M 2s
 60650K .......... .......... .......... .......... .......... 74% 84.8M 2s
 60700K .......... .......... .......... .......... .......... 74% 83.5M 2s
 60750K .......... .......... .......... .......... .......... 74% 51.4M 2s
 60800K .......... .......... .......... .......... .......... 75% 5.82M 2s
 60850K .......... .......... .......... .......... .......... 75% 9.11M 2s
 60900K .......... .......... .......... .......... .......... 75% 92.5M 2s
 60950K .......... .......... .......... .......... .......... 75%  130M 2s
 61000K .......... .......... .......... .......... .......... 75% 85.7M 2s
 61050K .......... .......... .......... .......... .......... 75% 84.3M 2s
 61100K .......... .......... .......... .......... .......... 75% 83.2M 2s
 61150K .......... .......... .......... .......... .......... 75%  132M 2s
 61200K .......... .......... .......... .......... .......... 75% 9.93M 2s
 61250K .......... .......... .......... .......... .......... 75% 84.7M 2s
 61300K .......... .......... .......... .......... .......... 75%  124M 2s
 61350K .......... .......... .......... .......... .......... 75% 87.1M 2s
 61400K .......... .......... .......... .......... .......... 75%  125M 2s
 61450K .......... .......... .......... .......... .......... 75%  125M 2s
 61500K .......... .......... .......... .......... .......... 75%  130M 2s
 61550K .......... .......... .......... .......... .......... 75% 85.9M 2s
 61600K .......... .......... .......... .......... .......... 76% 50.8M 2s
 61650K .......... .......... .......... .......... .......... 76% 84.4M 1s
 61700K .......... .......... .......... .......... .......... 76%  118M 1s
 61750K .......... .......... .......... .......... .......... 76%  121M 1s
 61800K .......... .......... .......... .......... .......... 76%  145M 1s
 61850K .......... .......... .......... .......... .......... 76% 84.7M 1s
 61900K .......... .......... .......... .......... .......... 76%  127M 1s
 61950K .......... .......... .......... .......... .......... 76%  125M 1s
 62000K .......... .......... .......... .......... .......... 76%  131M 1s
 62050K .......... .......... .......... .......... .......... 76% 84.1M 1s
 62100K .......... .......... .......... .......... .......... 76%  128M 1s
 62150K .......... .......... .......... .......... .......... 76%  127M 1s
 62200K .......... .......... .......... .......... .......... 76% 84.3M 1s
 62250K .......... .......... .......... .......... .......... 76%  129M 1s
 62300K .......... .......... .......... .......... .......... 76%  127M 1s
 62350K .......... .......... .......... .......... .......... 76%  128M 1s
 62400K .......... .......... .......... .......... .......... 76% 85.2M 1s
 62450K .......... .......... .......... .......... .......... 77% 84.7M 1s
 62500K .......... .......... .......... .......... .......... 77% 1.00M 1s
 62550K .......... .......... .......... .......... .......... 77% 68.1M 1s
 62600K .......... .......... .......... .......... .......... 77% 10.9M 1s
 62650K .......... .......... .......... .......... .......... 77% 42.6M 1s
 62700K .......... .......... .......... .......... .......... 77% 86.6M 1s
 62750K .......... .......... .......... .......... .......... 77% 84.6M 1s
 62800K .......... .......... .......... .......... .......... 77%  126M 1s
 62850K .......... .......... .......... .......... .......... 77% 42.7M 1s
 62900K .......... .......... .......... .......... .......... 77% 4.01M 1s
 62950K .......... .......... .......... .......... .......... 77% 15.4M 1s
 63000K .......... .......... .......... .......... .......... 77%  129M 1s
 63050K .......... .......... .......... .......... .......... 77% 85.9M 1s
 63100K .......... .......... .......... .......... .......... 77% 85.6M 1s
 63150K .......... .......... .......... .......... .......... 77%  125M 1s
 63200K .......... .......... .......... .......... .......... 77% 86.1M 1s
 63250K .......... .......... .......... .......... .......... 78% 63.9M 1s
 63300K .......... .......... .......... .......... .......... 78% 10.4M 1s
 63350K .......... .......... .......... .......... .......... 78% 51.1M 1s
 63400K .......... .......... .......... .......... .......... 78%  127M 1s
 63450K .......... .......... .......... .......... .......... 78%  128M 1s
 63500K .......... .......... .......... .......... .......... 78% 84.8M 1s
 63550K .......... .......... .......... .......... .......... 78%  127M 1s
 63600K .......... .......... .......... .......... .......... 78%  127M 1s
 63650K .......... .......... .......... .......... .......... 78%  128M 1s
 63700K .......... .......... .......... .......... .......... 78% 85.0M 1s
 63750K .......... .......... .......... .......... .......... 78%  125M 1s
 63800K .......... .......... .......... .......... .......... 78%  128M 1s
 63850K .......... .......... .......... .......... .......... 78% 84.8M 1s
 63900K .......... .......... .......... .......... .......... 78%  128M 1s
 63950K .......... .......... .......... .......... .......... 78%  126M 1s
 64000K .......... .......... .......... .......... .......... 78%  128M 1s
 64050K .......... .......... .......... .......... .......... 79% 84.9M 1s
 64100K .......... .......... .......... .......... .......... 79%  123M 1s
 64150K .......... .......... .......... .......... .......... 79%  128M 1s
 64200K .......... .......... .......... .......... .......... 79%  131M 1s
 64250K .......... .......... .......... .......... .......... 79% 84.2M 1s
 64300K .......... .......... .......... .......... .......... 79%  128M 1s
 64350K .......... .......... .......... .......... .......... 79%  127M 1s
 64400K .......... .......... .......... .......... .......... 79% 84.8M 1s
 64450K .......... .......... .......... .......... .......... 79%  127M 1s
 64500K .......... .......... .......... .......... .......... 79% 84.7M 1s
 64550K .......... .......... .......... .......... .......... 79% 86.4M 1s
 64600K .......... .......... .......... .......... .......... 79% 1020K 1s
 64650K .......... .......... .......... .......... .......... 79% 51.3M 1s
 64700K .......... .......... .......... .......... .......... 79% 10.9M 1s
 64750K .......... .......... .......... .......... .......... 79% 63.7M 1s
 64800K .......... .......... .......... .......... .......... 79%  124M 1s
 64850K .......... .......... .......... .......... .......... 80% 64.7M 1s
 64900K .......... .......... .......... .......... .......... 80%  124M 1s
 64950K .......... .......... .......... .......... .......... 80% 44.3M 1s
 65000K .......... .......... .......... .......... .......... 80% 3.37M 1s
 65050K .......... .......... .......... .......... .......... 80% 92.2M 1s
 65100K .......... .......... .......... .......... .......... 80% 85.8M 1s
 65150K .......... .......... .......... .......... .......... 80% 84.9M 1s
 65200K .......... .......... .......... .......... .......... 80% 84.1M 1s
 65250K .......... .......... .......... .......... .......... 80% 85.2M 1s
 65300K .......... .......... .......... .......... .......... 80% 84.1M 1s
 65350K .......... .......... .......... .......... .......... 80% 14.0M 1s
 65400K .......... .......... .......... .......... .......... 80% 23.5M 1s
 65450K .......... .......... .......... .......... .......... 80% 64.8M 1s
 65500K .......... .......... .......... .......... .......... 80%  127M 1s
 65550K .......... .......... .......... .......... .......... 80%  125M 1s
 65600K .......... .......... .......... .......... .......... 80% 86.1M 1s
 65650K .......... .......... .......... .......... .......... 80%  127M 1s
 65700K .......... .......... .......... .......... .......... 81%  128M 1s
 65750K .......... .......... .......... .......... .......... 81% 83.3M 1s
 65800K .......... .......... .......... .......... .......... 81%  130M 1s
 65850K .......... .......... .......... .......... .......... 81%  124M 1s
 65900K .......... .......... .......... .......... .......... 81% 85.8M 1s
 65950K .......... .......... .......... .......... .......... 81%  126M 1s
 66000K .......... .......... .......... .......... .......... 81%  129M 1s
 66050K .......... .......... .......... .......... .......... 81%  128M 1s
 66100K .......... .......... .......... .......... .......... 81% 84.6M 1s
 66150K .......... .......... .......... .......... .......... 81%  127M 1s
 66200K .......... .......... .......... .......... .......... 81%  127M 1s
 66250K .......... .......... .......... .......... .......... 81% 85.1M 1s
 66300K .......... .......... .......... .......... .......... 81%  127M 1s
 66350K .......... .......... .......... .......... .......... 81%  127M 1s
 66400K .......... .......... .......... .......... .......... 81%  128M 1s
 66450K .......... .......... .......... .......... .......... 81% 84.2M 1s
 66500K .......... .......... .......... .......... .......... 82%  127M 1s
 66550K .......... .......... .......... .......... .......... 82%  127M 1s
 66600K .......... .......... .......... .......... .......... 82% 85.0M 1s
 66650K .......... .......... .......... .......... .......... 82% 11.1M 1s
 66700K .......... .......... .......... .......... .......... 82% 1.12M 1s
 66750K .......... .......... .......... .......... .......... 82% 84.7M 1s
 66800K .......... .......... .......... .......... .......... 82% 11.0M 1s
 66850K .......... .......... .......... .......... .......... 82% 63.7M 1s
 66900K .......... .......... .......... .......... .......... 82% 63.7M 1s
 66950K .......... .......... .......... .......... .......... 82% 84.6M 1s
 67000K .......... .......... .......... .......... .......... 82% 63.9M 1s
 67050K .......... .......... .......... .......... .......... 82% 5.06M 1s
 67100K .......... .......... .......... .......... .......... 82% 8.07M 1s
 67150K .......... .......... .......... .......... .......... 82%  132M 1s
 67200K .......... .......... .......... .......... .......... 82% 85.0M 1s
 67250K .......... .......... .......... .......... .......... 82%  128M 1s
 67300K .......... .......... .......... .......... .......... 83%  123M 1s
 67350K .......... .......... .......... .......... .......... 83% 87.2M 1s
 67400K .......... .......... .......... .......... .......... 83% 63.8M 1s
 67450K .......... .......... .......... .......... .......... 83% 9.63M 1s
 67500K .......... .......... .......... .......... .......... 83% 95.4M 1s
 67550K .......... .......... .......... .......... .......... 83% 84.9M 1s
 67600K .......... .......... .......... .......... .......... 83%  127M 1s
 67650K .......... .......... .......... .......... .......... 83%  128M 1s
 67700K .......... .......... .......... .......... .......... 83%  127M 1s
 67750K .......... .......... .......... .......... .......... 83% 84.1M 1s
 67800K .......... .......... .......... .......... .......... 83%  130M 1s
 67850K .......... .......... .......... .......... .......... 83%  126M 1s
 67900K .......... .......... .......... .......... .......... 83% 85.6M 1s
 67950K .......... .......... .......... .......... .......... 83% 63.3M 1s
 68000K .......... .......... .......... .......... .......... 83%  126M 1s
 68050K .......... .......... .......... .......... .......... 83%  127M 1s
 68100K .......... .......... .......... .......... .......... 84% 85.5M 1s
 68150K .......... .......... .......... .......... .......... 84%  126M 1s
 68200K .......... .......... .......... .......... .......... 84% 63.9M 1s
 68250K .......... .......... .......... .......... .......... 84%  126M 1s
 68300K .......... .......... .......... .......... .......... 84%  126M 1s
 68350K .......... .......... .......... .......... .......... 84% 85.3M 1s
 68400K .......... .......... .......... .......... .......... 84%  128M 1s
 68450K .......... .......... .......... .......... .......... 84%  127M 1s
 68500K .......... .......... .......... .......... .......... 84% 83.9M 1s
 68550K .......... .......... .......... .......... .......... 84%  129M 1s
 68600K .......... .......... .......... .......... .......... 84%  126M 1s
 68650K .......... .......... .......... .......... .......... 84% 85.7M 1s
 68700K .......... .......... .......... .......... .......... 84%  125M 1s
 68750K .......... .......... .......... .......... .......... 84% 1.01M 1s
 68800K .......... .......... .......... .......... .......... 84% 31.0M 1s
 68850K .......... .......... .......... .......... .......... 84% 10.4M 1s
 68900K .......... .......... .......... .......... .......... 85% 42.0M 1s
 68950K .......... .......... .......... .......... .......... 85% 85.6M 1s
 69000K .......... .......... .......... .......... .......... 85% 83.6M 1s
 69050K .......... .......... .......... .......... .......... 85% 64.3M 1s
 69100K .......... .......... .......... .......... .......... 85% 63.0M 1s
 69150K .......... .......... .......... .......... .......... 85% 4.11M 1s
 69200K .......... .......... .......... .......... .......... 85% 21.3M 1s
 69250K .......... .......... .......... .......... .......... 85% 88.0M 1s
 69300K .......... .......... .......... .......... .......... 85% 82.0M 1s
 69350K .......... .......... .......... .......... .......... 85%  126M 1s
 69400K .......... .......... .......... .......... .......... 85% 63.5M 1s
 69450K .......... .......... .......... .......... .......... 85%  129M 1s
 69500K .......... .......... .......... .......... .......... 85% 84.4M 1s
 69550K .......... .......... .......... .......... .......... 85% 9.22M 1s
 69600K .......... .......... .......... .......... .......... 85% 85.6M 1s
 69650K .......... .......... .......... .......... .......... 85%  126M 1s
 69700K .......... .......... .......... .......... .......... 85%  125M 1s
 69750K .......... .......... .......... .......... .......... 86% 82.9M 1s
 69800K .......... .......... .......... .......... .......... 86%  125M 1s
 69850K .......... .......... .......... .......... .......... 86%  137M 1s
 69900K .......... .......... .......... .......... .......... 86% 85.2M 1s
 69950K .......... .......... .......... .......... .......... 86%  125M 1s
 70000K .......... .......... .......... .......... .......... 86%  129M 1s
 70050K .......... .......... .......... .......... .......... 86%  127M 1s
 70100K .......... .......... .......... .......... .......... 86% 84.8M 1s
 70150K .......... .......... .......... .......... .......... 86%  128M 1s
 70200K .......... .......... .......... .......... .......... 86%  127M 1s
 70250K .......... .......... .......... .......... .......... 86%  126M 1s
 70300K .......... .......... .......... .......... .......... 86% 85.2M 1s
 70350K .......... .......... .......... .......... .......... 86%  128M 1s
 70400K .......... .......... .......... .......... .......... 86%  127M 1s
 70450K .......... .......... .......... .......... .......... 86%  127M 1s
 70500K .......... .......... .......... .......... .......... 86% 84.7M 1s
 70550K .......... .......... .......... .......... .......... 87%  124M 1s
 70600K .......... .......... .......... .......... .......... 87% 86.0M 1s
 70650K .......... .......... .......... .......... .......... 87%  127M 1s
 70700K .......... .......... .......... .......... .......... 87%  127M 1s
 70750K .......... .......... .......... .......... .......... 87% 84.5M 1s
 70800K .......... .......... .......... .......... .......... 87% 86.1M 1s
 70850K .......... .......... .......... .......... .......... 87% 1.02M 1s
 70900K .......... .......... .......... .......... .......... 87% 50.6M 1s
 70950K .......... .......... .......... .......... .......... 87% 10.6M 1s
 71000K .......... .......... .......... .......... .......... 87% 86.1M 1s
 71050K .......... .......... .......... .......... .......... 87% 63.8M 1s
 71100K .......... .......... .......... .......... .......... 87% 83.8M 1s
 71150K .......... .......... .......... .......... .......... 87% 64.8M 1s
 71200K .......... .......... .......... .......... .......... 87% 6.59M 1s
 71250K .......... .......... .......... .......... .......... 87% 7.39M 1s
 71300K .......... .......... .......... .......... .......... 87%  131M 1s
 71350K .......... .......... .......... .......... .......... 88%  127M 1s
 71400K .......... .......... .......... .......... .......... 88% 87.6M 1s
 71450K .......... .......... .......... .......... .......... 88% 61.5M 1s
 71500K .......... .......... .......... .......... .......... 88%  136M 1s
 71550K .......... .......... .......... .......... .......... 88% 84.3M 1s
 71600K .......... .......... .......... .......... .......... 88% 12.3M 1s
 71650K .......... .......... .......... .......... .......... 88% 22.0M 1s
 71700K .......... .......... .......... .......... .......... 88% 81.1M 1s
 71750K .......... .......... .......... .......... .......... 88%  128M 1s
 71800K .......... .......... .......... .......... .......... 88%  129M 1s
 71850K .......... .......... .......... .......... .......... 88% 84.6M 1s
 71900K .......... .......... .......... .......... .......... 88%  127M 1s
 71950K .......... .......... .......... .......... .......... 88%  127M 1s
 72000K .......... .......... .......... .......... .......... 88%  126M 1s
 72050K .......... .......... .......... .......... .......... 88% 85.2M 1s
 72100K .......... .......... .......... .......... .......... 88%  127M 1s
 72150K .......... .......... .......... .......... .......... 89%  128M 1s
 72200K .......... .......... .......... .......... .......... 89% 84.5M 1s
 72250K .......... .......... .......... .......... .......... 89%  128M 1s
 72300K .......... .......... .......... .......... .......... 89%  127M 1s
 72350K .......... .......... .......... .......... .......... 89%  126M 1s
 72400K .......... .......... .......... .......... .......... 89% 85.5M 1s
 72450K .......... .......... .......... .......... .......... 89% 84.1M 1s
 72500K .......... .......... .......... .......... .......... 89%  129M 1s
 72550K .......... .......... .......... .......... .......... 89%  127M 1s
 72600K .......... .......... .......... .......... .......... 89%  127M 1s
 72650K .......... .......... .......... .......... .......... 89% 84.3M 1s
 72700K .......... .......... .......... .......... .......... 89%  126M 1s
 72750K .......... .......... .......... .......... .......... 89% 85.4M 1s
 72800K .......... .......... .......... .......... .......... 89%  127M 1s
 72850K .......... .......... .......... .......... .......... 89% 84.6M 1s
 72900K .......... .......... .......... .......... .......... 89% 1.10M 1s
 72950K .......... .......... .......... .......... .......... 89% 15.8M 1s
 73000K .......... .......... .......... .......... .......... 90% 62.5M 1s
 73050K .......... .......... .......... .......... .......... 90% 10.2M 1s
 73100K .......... .......... .......... .......... .......... 90% 64.0M 1s
 73150K .......... .......... .......... .......... .......... 90% 84.7M 1s
 73200K .......... .......... .......... .......... .......... 90% 84.3M 1s
 73250K .......... .......... .......... .......... .......... 90% 42.2M 1s
 73300K .......... .......... .......... .......... .......... 90% 5.98M 1s
 73350K .......... .......... .......... .......... .......... 90% 9.11M 1s
 73400K .......... .......... .......... .......... .......... 90%  126M 1s
 73450K .......... .......... .......... .......... .......... 90% 85.8M 1s
 73500K .......... .......... .......... .......... .......... 90% 63.6M 1s
 73550K .......... .......... .......... .......... .......... 90% 83.9M 1s
 73600K .......... .......... .......... .......... .......... 90% 86.1M 1s
 73650K .......... .......... .......... .......... .......... 90%  125M 1s
 73700K .......... .......... .......... .......... .......... 90% 8.47M 1s
 73750K .......... .......... .......... .......... .......... 90% 84.6M 1s
 73800K .......... .......... .......... .......... .......... 91% 84.5M 1s
 73850K .......... .......... .......... .......... .......... 91%  128M 1s
 73900K .......... .......... .......... .......... .......... 91%  127M 1s
 73950K .......... .......... .......... .......... .......... 91% 84.8M 1s
 74000K .......... .......... .......... .......... .......... 91%  127M 1s
 74050K .......... .......... .......... .......... .......... 91% 84.9M 1s
 74100K .......... .......... .......... .......... .......... 91%  128M 0s
 74150K .......... .......... .......... .......... .......... 91%  124M 0s
 74200K .......... .......... .......... .......... .......... 91% 86.1M 0s
 74250K .......... .......... .......... .......... .......... 91%  127M 0s
 74300K .......... .......... .......... .......... .......... 91%  127M 0s
 74350K .......... .......... .......... .......... .......... 91% 85.1M 0s
 74400K .......... .......... .......... .......... .......... 91%  127M 0s
 74450K .......... .......... .......... .......... .......... 91% 85.5M 0s
 74500K .......... .......... .......... .......... .......... 91%  127M 0s
 74550K .......... .......... .......... .......... .......... 91%  127M 0s
 74600K .......... .......... .......... .......... .......... 92% 84.2M 0s
 74650K .......... .......... .......... .......... .......... 92%  127M 0s
 74700K .......... .......... .......... .......... .......... 92%  126M 0s
 74750K .......... .......... .......... .......... .......... 92% 84.3M 0s
 74800K .......... .......... .......... .......... .......... 92%  128M 0s
 74850K .......... .......... .......... .......... .......... 92% 84.6M 0s
 74900K .......... .......... .......... .......... .......... 92% 85.1M 0s
 74950K .......... .......... .......... .......... .......... 92%  130M 0s
 75000K .......... .......... .......... .......... .......... 92% 1.02M 0s
 75050K .......... .......... .......... .......... .......... 92% 33.0M 0s
 75100K .......... .......... .......... .......... .......... 92% 11.8M 0s
 75150K .......... .......... .......... .......... .......... 92%  129M 0s
 75200K .......... .......... .......... .......... .......... 92% 45.4M 0s
 75250K .......... .......... .......... .......... .......... 92% 81.8M 0s
 75300K .......... .......... .......... .......... .......... 92% 85.3M 0s
 75350K .......... .......... .......... .......... .......... 92% 49.6M 0s
 75400K .......... .......... .......... .......... .......... 93% 4.32M 0s
 75450K .......... .......... .......... .......... .......... 93% 18.6M 0s
 75500K .......... .......... .......... .......... .......... 93%  126M 0s
 75550K .......... .......... .......... .......... .......... 93% 64.4M 0s
 75600K .......... .......... .......... .......... .......... 93% 84.3M 0s
 75650K .......... .......... .......... .......... .......... 93% 84.5M 0s
 75700K .......... .......... .......... .......... .......... 93% 84.9M 0s
 75750K .......... .......... .......... .......... .......... 93% 18.0M 0s
 75800K .......... .......... .......... .......... .......... 93% 12.8M 0s
 75850K .......... .......... .......... .......... .......... 93% 85.4M 0s
 75900K .......... .......... .......... .......... .......... 93% 85.3M 0s
 75950K .......... .......... .......... .......... .......... 93%  127M 0s
 76000K .......... .......... .......... .......... .......... 93%  127M 0s
 76050K .......... .......... .......... .......... .......... 93%  129M 0s
 76100K .......... .......... .......... .......... .......... 93% 84.1M 0s
 76150K .......... .......... .......... .......... .......... 93%  129M 0s
 76200K .......... .......... .......... .......... .......... 94%  127M 0s
 76250K .......... .......... .......... .......... .......... 94% 85.6M 0s
 76300K .......... .......... .......... .......... .......... 94%  124M 0s
 76350K .......... .......... .......... .......... .......... 94%  127M 0s
 76400K .......... .......... .......... .......... .......... 94%  128M 0s
 76450K .......... .......... .......... .......... .......... 94% 84.6M 0s
 76500K .......... .......... .......... .......... .......... 94%  127M 0s
 76550K .......... .......... .......... .......... .......... 94%  126M 0s
 76600K .......... .......... .......... .......... .......... 94% 85.4M 0s
 76650K .......... .......... .......... .......... .......... 94%  126M 0s
 76700K .......... .......... .......... .......... .......... 94%  128M 0s
 76750K .......... .......... .......... .......... .......... 94%  127M 0s
 76800K .......... .......... .......... .......... .......... 94% 84.9M 0s
 76850K .......... .......... .......... .......... .......... 94%  129M 0s
 76900K .......... .......... .......... .......... .......... 94%  124M 0s
 76950K .......... .......... .......... .......... .......... 94% 85.8M 0s
 77000K .......... .......... .......... .......... .......... 94%  126M 0s
 77050K .......... .......... .......... .......... .......... 95% 64.1M 0s
 77100K .......... .......... .......... .......... .......... 95% 1.04M 0s
 77150K .......... .......... .......... .......... .......... 95% 41.7M 0s
 77200K .......... .......... .......... .......... .......... 95% 10.7M 0s
 77250K .......... .......... .......... .......... .......... 95%  129M 0s
 77300K .......... .......... .......... .......... .......... 95% 48.1M 0s
 77350K .......... .......... .......... .......... .......... 95%  130M 0s
 77400K .......... .......... .......... .......... .......... 95% 42.2M 0s
 77450K .......... .......... .......... .......... .......... 95% 5.40M 0s
 77500K .......... .......... .......... .......... .......... 95% 8.58M 0s
 77550K .......... .......... .......... .......... .......... 95%  126M 0s
 77600K .......... .......... .......... .......... .......... 95% 84.6M 0s
 77650K .......... .......... .......... .......... .......... 95% 64.0M 0s
 77700K .......... .......... .......... .......... .......... 95% 84.4M 0s
 77750K .......... .......... .......... .......... .......... 95%  129M 0s
 77800K .......... .......... .......... .......... .......... 95% 84.4M 0s
 77850K .......... .......... .......... .......... .......... 96% 9.79M 0s
 77900K .......... .......... .......... .......... .......... 96% 51.5M 0s
 77950K .......... .......... .......... .......... .......... 96% 85.3M 0s
 78000K .......... .......... .......... .......... .......... 96%  127M 0s
 78050K .......... .......... .......... .......... .......... 96% 63.3M 0s
 78100K .......... .......... .......... .......... .......... 96%  128M 0s
 78150K .......... .......... .......... .......... .......... 96% 85.7M 0s
 78200K .......... .......... .......... .......... .......... 96% 84.5M 0s
 78250K .......... .......... .......... .......... .......... 96%  123M 0s
 78300K .......... .......... .......... .......... .......... 96%  130M 0s
 78350K .......... .......... .......... .......... .......... 96% 83.7M 0s
 78400K .......... .......... .......... .......... .......... 96%  131M 0s
 78450K .......... .......... .......... .......... .......... 96%  127M 0s
 78500K .......... .......... .......... .......... .......... 96% 50.7M 0s
 78550K .......... .......... .......... .......... .......... 96%  126M 0s
 78600K .......... .......... .......... .......... .......... 96%  127M 0s
 78650K .......... .......... .......... .......... .......... 97%  128M 0s
 78700K .......... .......... .......... .......... .......... 97% 86.2M 0s
 78750K .......... .......... .......... .......... .......... 97% 62.4M 0s
 78800K .......... .......... .......... .......... .......... 97% 84.9M 0s
 78850K .......... .......... .......... .......... .......... 97%  127M 0s
 78900K .......... .......... .......... .......... .......... 97% 86.2M 0s
 78950K .......... .......... .......... .......... .......... 97%  126M 0s
 79000K .......... .......... .......... .......... .......... 97%  127M 0s
 79050K .......... .......... .......... .......... .......... 97% 85.9M 0s
 79100K .......... .......... .......... .......... .......... 97%  125M 0s
 79150K .......... .......... .......... .......... .......... 97% 1.08M 0s
 79200K .......... .......... .......... .......... .......... 97% 14.9M 0s
 79250K .......... .......... .......... .......... .......... 97% 50.8M 0s
 79300K .......... .......... .......... .......... .......... 97% 11.1M 0s
 79350K .......... .......... .......... .......... .......... 97% 64.5M 0s
 79400K .......... .......... .......... .......... .......... 97%  123M 0s
 79450K .......... .......... .......... .......... .......... 98% 86.3M 0s
 79500K .......... .......... .......... .......... .......... 98% 50.8M 0s
 79550K .......... .......... .......... .......... .......... 98% 3.92M 0s
 79600K .......... .......... .......... .......... .......... 98% 19.4M 0s
 79650K .......... .......... .......... .......... .......... 98%  123M 0s
 79700K .......... .......... .......... .......... .......... 98% 90.6M 0s
 79750K .......... .......... .......... .......... .......... 98% 47.7M 0s
 79800K .......... .......... .......... .......... .......... 98% 85.5M 0s
 79850K .......... .......... .......... .......... .......... 98% 51.1M 0s
 79900K .......... .......... .......... .......... .......... 98% 51.0M 0s
 79950K .......... .......... .......... .......... .......... 98% 10.8M 0s
 80000K .......... .......... .......... .......... .......... 98% 86.3M 0s
 80050K .......... .......... .......... .......... .......... 98% 85.0M 0s
 80100K .......... .......... .......... .......... .......... 98%  125M 0s
 80150K .......... .......... .......... .......... .......... 98%  129M 0s
 80200K .......... .......... .......... .......... .......... 98%  126M 0s
 80250K .......... .......... .......... .......... .......... 98% 84.9M 0s
 80300K .......... .......... .......... .......... .......... 99%  123M 0s
 80350K .......... .......... .......... .......... .......... 99%  131M 0s
 80400K .......... .......... .......... .......... .......... 99% 85.5M 0s
 80450K .......... .......... .......... .......... .......... 99%  126M 0s
 80500K .......... .......... .......... .......... .......... 99%  129M 0s
 80550K .......... .......... .......... .......... .......... 99%  126M 0s
 80600K .......... .......... .......... .......... .......... 99% 85.4M 0s
 80650K .......... .......... .......... .......... .......... 99%  127M 0s
 80700K .......... .......... .......... .......... .......... 99%  127M 0s
 80750K .......... .......... .......... .......... .......... 99% 84.8M 0s
 80800K .......... .......... .......... .......... .......... 99%  127M 0s
 80850K .......... .......... .......... .......... .......... 99%  128M 0s
 80900K .......... .......... .......... .......... .......... 99% 84.2M 0s
 80950K .......... .......... .......... .......... .......... 99% 86.3M 0s
 81000K .......... .......... .......... .......... .......... 99% 84.3M 0s
 81050K .......... .......... .......... .......... .......... 99%  126M 0s
 81100K .......... .                                          100% 60.1M=5.6s

2025-12-26 09:46:54 (14.2 MB/s) - ‘arxiv.zip’ saved [83058288/83058288]

/work/pi_huiguan_umass_edu/sandeep/conda_environment/dgl_groot/lib/python3.11/site-packages/outdated/__init__.py:36: UserWarning: pkg_resources is deprecated as an API. See https://setuptools.pypa.io/en/latest/pkg_resources.html. The pkg_resources package is slated for removal as early as 2025-11-30. Refrain from using this package or pin to Setuptools<81.
  from pkg_resources import parse_version
